30,850.2522
30.01,858.4518
30.02,883.962
30.03,966.9318
30.04,878.524
30.05,808.4794
30.06,767.7116
30.07,813.8274
30.08,729.9586
30.09,846.7214
30.1,852.487
30.11,898.8992
30.12,917.2916
30.13,908.1488
30.14,982.1726
30.15,957.66
30.16,719.4948
30.17,893.7696
30.18,979.6444
30.19,848.1172
30.2,691.4536
30.21,819.3122
30.22,933.3084
30.23,846.2738
30.24,1013.7722
30.25,1226.7232
30.26,1137.0418
30.27,1117.9388
30.28,1323.0352
30.29,1029.4304
30.3,1158.4836
30.31,1149.0248
30.32,1064.202
30.33,1081.2876
30.34,1192.2232
30.35,1237.2094
30.36,1305.2256
30.37,1073.1066
30.38,1046.9378
30.39,994.1624
30.4,795.6682
30.41,959.8274
30.42,930.7164
30.43,847.3608
30.44,826.1402
30.45,758.2264
30.46,772.2004
30.47,805.5198
30.48,793.8444
30.49,790.0322
30.5,618.0732
30.51,744.027
30.52,732.1152
30.53,676.729
30.54,569.037
30.55,707.85
30.56,566.1816
30.57,579.4942
30.58,600.5644
30.59,763.751
30.6,804.4338
30.61,625.3794
30.62,620.7352
30.63,504.9646
30.64,632.8668
30.65,513.7162
30.66,633.5204
30.67,703.9564
30.68,715.024
30.69,680.024
30.7,717.7084
30.71,690.6154
30.72,717.7236
30.73,632.3074
30.74,471.2466
30.75,542.2774
30.76,733.625
30.77,589.398
30.78,680.193
30.79,586.663
30.8,615.3122
30.81,669.8282
30.82,736.1392
30.83,634.4338
30.84,600.1386
30.85,568.9144
30.86,633.0684
30.87,581.1112
30.88,537.7134
30.89,679.1666
30.9,723.0504
30.91,655.7298
30.92,576.4554
30.93,617.6824
30.94,573.0888
30.95,595.9014
30.96,519.844
30.97,564.9626
30.98,725.751
30.99,813.6842
31,689.0212
31.01,550.0598
31.02,716.353
31.03,639.5618
31.04,757.2134
31.05,665.0766
31.06,651.6796
31.07,503.6264
31.08,515.4548
31.09,526.8066
31.1,670.1534
31.11,647.5674
31.12,613.5678
31.13,729.0466
31.14,605.8164
31.15,480.866
31.16,598.0712
31.17,623.8816
31.18,578.9746
31.19,685.9886
31.2,597.3162
31.21,644.8218
31.22,683.43
31.23,513.6744
31.24,773.8928
31.25,682.2658
31.26,727.1392
31.27,654.8708
31.28,652.2904
31.29,702.0968
31.3,543.0852
31.31,585.7868
31.32,563.7798
31.33,767.6526
31.34,604.5928
31.35,494.6198
31.36,568.537
31.37,514.6598
31.38,667.7666
31.39,580.2024
31.4,513.629
31.41,581.8764
31.42,480.81
31.43,528.0898
31.44,549.9938
31.45,550.5674
31.46,464.1878
31.47,548.4066
31.48,642.7328
31.49,811.2248
31.5,564.6624
31.51,547.3814
31.52,645.556
31.53,707.0162
31.54,455.1356
31.55,554.9958
31.56,570.657
31.57,747.4672
31.58,697.8526
31.59,515.641
31.6,474.5478
31.61,740.6266
31.62,722.3116
31.63,592.5832
31.64,576.025
31.65,616.872
31.66,498.8512
31.67,602.0288
31.68,841.8602
31.69,692.2812
31.7,693.7032
31.71,716.589
31.72,477.1896
31.73,568.9048
31.74,667.6792
31.75,651.3432
31.76,675.9028
31.77,660.55
31.78,632.9726
31.79,599.0004
31.8,701.4068
31.81,660.7474
31.82,518.1724
31.83,690.6366
31.84,571.5756
31.85,572.991
31.86,621.0902
31.87,566.8892
31.88,649.0638
31.89,746.3102
31.9,587.1096
31.91,531.8304
31.92,574.2968
31.93,712.5176
31.94,571.5852
31.95,631.4846
31.96,521.183
31.97,523.1114
31.98,396.828
31.99,660.7616
32,487.9438
32.01,505.2826
32.02,605.1412
32.03,623.2362
32.04,741.7308
32.05,819.0016
32.06,647.52
32.07,529.371
32.08,473.6156
32.09,524.3696
32.1,748.4428
32.11,606.3308
32.12,501.1474
32.13,697.3124
32.14,636.1594
32.15,574.2278
32.16,564.6896
32.17,657.9578
32.18,642.409
32.19,517.7136
32.2,568.9416
32.21,457.986
32.22,461.2374
32.23,453.8828
32.24,696.8524
32.25,612.9748
32.26,653.5106
32.27,565.4004
32.28,598.1298
32.29,529.1644
32.3,759.932
32.31,557.3716
32.32,527.0374
32.33,528.7266
32.34,596.2752
32.35,655.9666
32.36,584.606
32.37,663.002
32.38,500.4714
32.39,766.4818
32.4,761.8596
32.41,595.88
32.42,680.0166
32.43,760.4098
32.44,629.597
32.45,609.3352
32.46,514.8566
32.47,715.9348
32.48,612.301
32.49,686.693
32.5,622.0276
32.51,663.8274
32.52,621.4044
32.53,504.7508
32.54,619.9508
32.55,656.466
32.56,676.0794
32.57,466.7616
32.58,734.9452
32.59,614.4482
32.6,600.132
32.61,522.0416
32.62,711.1692
32.63,670.1774
32.64,794.0104
32.65,577.2552
32.66,665.6444
32.67,747.13
32.68,610.9716
32.69,723.2274
32.7,389.5552
32.71,668.0432
32.72,660.7892
32.73,718.8776
32.74,612.7024
32.75,705.903
32.76,554.8688
32.77,660.6358
32.78,676.5942
32.79,868.843
32.8,716.474
32.81,571.2954
32.82,624.0386
32.83,611.195
32.84,700.2314
32.85,648.5888
32.86,662.2816
32.87,609.8516
32.88,593.2756
32.89,467.2036
32.9,638.857
32.91,650.9052
32.92,748.2398
32.93,594.8566
32.94,659.321
32.95,695.9356
32.96,685.0332
32.97,652.2926
32.98,641.9888
32.99,569.7938
33,544.4896
33.01,594.2284
33.02,425.5324
33.03,624.1438
33.04,583.2192
33.05,551.0956
33.06,556.2604
33.07,654.9074
33.08,651.574
33.09,749.7466
33.1,788.8828
33.11,709.7512
33.12,718.0888
33.13,701.8504
33.14,733.1406
33.15,675.8152
33.16,651.752
33.17,472.8262
33.18,629.7798
33.19,736.287
33.2,705.8954
33.21,775.2754
33.22,697.959
33.23,757.798
33.24,578.4626
33.25,674.4272
33.26,737.912
33.27,707.7688
33.28,602.205
33.29,688.423
33.3,786.4318
33.31,649.8766
33.32,765.1398
33.33,673.259
33.34,801.3652
33.35,684.9254
33.36,758.576
33.37,859.8972
33.38,797.6388
33.39,662.3412
33.4,828.538
33.41,828.8782
33.42,864.9696
33.43,660.4624
33.44,721.4114
33.45,778.9736
33.46,875.2672
33.47,865.7322
33.48,687.1478
33.49,819.8368
33.5,925.1338
33.51,959.3494
33.52,696.7726
33.53,841.3048
33.54,788.9614
33.55,859.8508
33.56,810.0724
33.57,805.3648
33.58,766.1094
33.59,746.5944
33.6,853.8516
33.61,913.9972
33.62,819.7496
33.63,820.3566
33.64,809.7232
33.65,796.0446
33.66,992.6498
33.67,893.1594
33.68,888.8938
33.69,896.82
33.7,908.9488
33.71,812.374
33.72,1056.4926
33.73,928.0294
33.74,928.6722
33.75,990.8126
33.76,1007.499
33.77,1122.679
33.78,1051.122
33.79,1153.8882
33.8,1146.1194
33.81,1154.0378
33.82,895.8352
33.83,1022.2934
33.84,1039.9784
33.85,1102.7698
33.86,1015.2332
33.87,1326.7184
33.88,1082.8638
33.89,1010.509
33.9,1260.52
33.91,1084.7704
33.92,1035.9898
33.93,1195.0062
33.94,1253.1094
33.95,1133.4796
33.96,1175.0614
33.97,1132.954
33.98,1376.4326
33.99,1292.799
34,1128.6994
34.01,1024.8316
34.02,1378.4446
34.03,1388.8332
34.04,1507.3664
34.05,1525.4862
34.06,1707.7052
34.07,1438.9734
34.08,1517.7756
34.09,1661.2194
34.1,1686.5354
34.11,1682.1162
34.12,1896.3958
34.13,1616.2762
34.14,1633.3084
34.15,1492.3592
34.16,1868.9788
34.17,1476.0238
34.18,1742.9932
34.19,1901.6746
34.2,1951.995
34.21,1625.8162
34.22,1979.9754
34.23,1938.1596
34.24,2080.1436
34.25,2405.3176
34.26,2315.9312
34.27,2320.5776
34.28,2401.3628
34.29,2427.5414
34.3,2625.1326
34.31,2597.8658
34.32,2601.682
34.33,2739.7788
34.34,2895.6722
34.35,3025.1666
34.36,3003.6444
34.37,3083.0582
34.38,3291.0762
34.39,3640.4118
34.4,3468.1778
34.41,3832.6018
34.42,3421.1698
34.43,3788.551
34.44,4198.2728
34.45,4328.778
34.46,4501.8108
34.47,4896.3798
34.48,5670.0688
34.49,5539.556
34.5,6296.4916
34.51,6069.952
34.52,6563.9714
34.53,7400.9318
34.54,8149.0658
34.55,8596.9458
34.56,9391.1222
34.57,9641.4738
34.58,10713.3488
34.59,11239.5826
34.6,12237.4202
34.61,12366.9734
34.62,13646.6334
34.63,14245.4508
34.64,15892.4674
34.65,17525.4688
34.66,18212.9036
34.67,20758.3724
34.68,20856.4534
34.69,22897.5098
34.7,23696.2792
34.71,25360.8236
34.72,27916.5984
34.73,30404.6908
34.74,31465.114
34.75,33727.8028
34.76,35280.8366
34.77,37559.1472
34.78,38838.4212
34.79,40083.2714
34.8,42281.8262
34.81,45752.9232
34.82,46792.3568
34.83,48390.2116
34.84,51061.7286
34.85,51280.7324
34.86,52441.6732
34.87,55247.2722
34.88,56673.405
34.89,56464.8112
34.9,56512.0248
34.91,57988.9454
34.92,56391.6796
34.93,56346.6016
34.94,58434.9218
34.95,56529.2382
34.96,56575.4882
34.97,55618.8152
34.98,54932.2592
34.99,53807.692
35,51076.9108
35.01,51935.8626
35.02,49103.6686
35.03,48004.261
35.04,45695.3842
35.05,43490.1726
35.06,43442.5814
35.07,41088.1412
35.08,38709.1276
35.09,37257.22
35.1,35263.252
35.11,31941.3932
35.12,29837.5976
35.13,28775.651
35.14,27305.5094
35.15,25710.0472
35.16,23744.4824
35.17,22813.8248
35.18,20995.0032
35.19,19800.5518
35.2,18298.986
35.21,17269.3082
35.22,16569.6598
35.23,15894.4222
35.24,14192.1158
35.25,12923.2732
35.26,12637.177
35.27,11511.9694
35.28,10635.979
35.29,10095.5274
35.3,9081.163
35.31,9085.1734
35.32,8179.524
35.33,8036.521
35.34,7958.1234
35.35,7135.1294
35.36,6605.7552
35.37,6972.9452
35.38,6280.463
35.39,5924.2134
35.4,5811.1104
35.41,5599.9808
35.42,5516.8428
35.43,5045.0012
35.44,4728.1184
35.45,4669.156
35.46,4520.125
35.47,4419.6724
35.48,4162.9012
35.49,3904.62
35.5,3893.2158
35.51,3751.187
35.52,3623.0448
35.53,3154.2294
35.54,2953.6114
35.55,2936.179
35.56,3072.31
35.57,2728.377
35.58,2991.0656
35.59,2808.426
35.6,2991.6436
35.61,2783.1722
35.62,2847.8758
35.63,2418.3944
35.64,2553.0694
35.65,2352.2276
35.66,2295.3986
35.67,2154.0426
35.68,1921.4914
35.69,2032.7374
35.7,2265.5952
35.71,2063.953
35.72,1969.8666
35.73,2037.2214
35.74,1667.4612
35.75,1670.2648
35.76,1658.4154
35.77,1954.948
35.78,1784.5468
35.79,1696.6498
35.8,1659.549
35.81,1526.7642
35.82,1813.738
35.83,1789.8302
35.84,1798.609
35.85,1672.6936
35.86,1782.1716
35.87,1833.4672
35.88,1700.9302
35.89,1560.4532
35.9,1570.7314
35.91,1616.5312
35.92,1547.893
35.93,1633.7886
35.94,1273.475
35.95,1468.0608
35.96,1302.5104
35.97,1384.939
35.98,1485.6798
35.99,1403.3304
36,1383.8866
36.01,1143.6238
36.02,1261.4976
36.03,1357.881
36.04,1497.7936
36.05,1176.3378
36.06,1274.681
36.07,1293.7156
36.08,1111.635
36.09,1244.4818
36.1,1312.9982
36.11,1385.2972
36.12,1179.6008
36.13,1259.3296
36.14,1128.0434
36.15,1359.8556
36.16,1081.8038
36.17,1132.5132
36.18,1175.035
36.19,1348.4946
36.2,974.4412
36.21,1168.0032
36.22,1110.36
36.23,1168.8176
36.24,1140.9918
36.25,1082.9826
36.26,1231.2746
36.27,1175.8614
36.28,1394.807
36.29,1116.8916
36.3,998.216
36.31,1047.535
36.32,1199.0034
36.33,1317.5628
36.34,959.5066
36.35,1062.373
36.36,1094.3872
36.37,1027.291
36.38,1087.868
36.39,1072.5704
36.4,1094.6774
36.41,1223.4464
36.42,1299.1626
36.43,1143.4692
36.44,1244.774
36.45,1389.3716
36.46,1101.1586
36.47,1539.818
36.48,1486.555
36.49,1605.1636
36.5,1461.1558
36.51,1255.1898
36.52,1491.0262
36.53,1450.7172
36.54,1584.6988
36.55,1557.0864
36.56,1546.9318
36.57,2027.4
36.58,1926.0334
36.59,1846.8722
36.6,1627.0462
36.61,1871.239
36.62,1615.2032
36.63,1753.3738
36.64,1819.5296
36.65,1468.793
36.66,1427.9764
36.67,1509.7204
36.68,1500.1258
36.69,1414.8372
36.7,1263.6938
36.71,1217.429
36.72,1257.569
36.73,984.2364
36.74,1156.2676
36.75,1220.425
36.76,1022.999
36.77,995.8252
36.78,923.4968
36.79,962.8178
36.8,906.3904
36.81,1086.524
36.82,928.5468
36.83,909.9286
36.84,821.0024
36.85,954.0836
36.86,648.691
36.87,944.2356
36.88,661.9506
36.89,684.0814
36.9,855.2866
36.91,737.2816
36.92,875.7836
36.93,781.8048
36.94,684.6508
36.95,692.8072
36.96,810.3872
36.97,735.584
36.98,736.5676
36.99,595.4938
37,632.2704
37.01,821.0796
37.02,659.9756
37.03,694.1256
37.04,810.3006
37.05,816.5104
37.06,742.3246
37.07,885.0312
37.08,795.1568
37.09,642.2952
37.1,583.8986
37.11,741.2958
37.12,792.58
37.13,780.7528
37.14,750.6538
37.15,579.052
37.16,714.4088
37.17,644.7882
37.18,758.1742
37.19,699.213
37.2,537.729
37.21,630.6498
37.22,708.3122
37.23,860.772
37.24,853.7192
37.25,742.4174
37.26,752.9228
37.27,670.7262
37.28,704.9298
37.29,711.4748
37.3,656.6336
37.31,606.7488
37.32,740.6534
37.33,862.6486
37.34,596.1888
37.35,722.9912
37.36,582.6304
37.37,615.8308
37.38,627.8026
37.39,660.2328
37.4,708.9468
37.41,683.8856
37.42,727.0304
37.43,563.522
37.44,746.776
37.45,508.5028
37.46,632.1128
37.47,564.966
37.48,535.5756
37.49,650.9744
37.5,610.4808
37.51,682.6438
37.52,586.2082
37.53,491.2014
37.54,598.8028
37.55,602.7434
37.56,667.6364
37.57,762.4616
37.58,583.6888
37.59,612.5484
37.6,716.6944
37.61,706.9392
37.62,466.1218
37.63,453.8534
37.64,488.2358
37.65,731.5354
37.66,754.6124
37.67,665.2904
37.68,566.46
37.69,482.5982
37.7,593.3194
37.71,470.9676
37.72,435.8506
37.73,790.6636
37.74,522.2728
37.75,538.5244
37.76,681.4696
37.77,506.9044
37.78,480.6488
37.79,596.5134
37.8,620.5202
37.81,426.3792
37.82,650.9816
37.83,651.757
37.84,477.8982
37.85,595.8788
37.86,659.4966
37.87,486.4852
37.88,699.8448
37.89,678.2736
37.9,598.5218
37.91,741.5854
37.92,440.0966
37.93,628.6848
37.94,591.787
37.95,591.6384
37.96,484.4372
37.97,651.4148
37.98,473.1588
37.99,610.4798
38,767.0324
38.01,564.1036
38.02,545.937
38.03,797.8888
38.04,516.3536
38.05,607.6954
38.06,486.5146
38.07,562.3252
38.08,606.282
38.09,616.6146
38.1,633.385
38.11,506.273
38.12,670.0572
38.13,680.1654
38.14,486.0078
38.15,629.6834
38.16,662.446
38.17,694.1906
38.18,722.4324
38.19,691.4802
38.2,653.2432
38.21,652.061
38.22,583.8402
38.23,489.861
38.24,588.2184
38.25,459.6204
38.26,470.3302
38.27,698.9158
38.28,526.7468
38.29,517.2192
38.3,680.7346
38.31,594.7894
38.32,703.465
38.33,690.837
38.34,618.2394
38.35,526.6252
38.36,640.4726
38.37,611.3502
38.38,579.8392
38.39,667.479
38.4,593.6164
38.41,507.9872
38.42,681.8462
38.43,682.811
38.44,563.874
38.45,737.4694
38.46,878.988
38.47,666.2814
38.48,616.994
38.49,542.118
38.5,652.0796
38.51,639.2492
38.52,639.9634
38.53,929.826
38.54,637.826
38.55,744.8312
38.56,652.2168
38.57,605.7484
38.58,697.4896
38.59,723.6418
38.6,689.3394
38.61,901.346
38.62,716.0212
38.63,715.932
38.64,749.2916
38.65,693.0198
38.66,667.8744
38.67,813.7516
38.68,750.4424
38.69,961.6794
38.7,766.8408
38.71,897.1438
38.72,799.5336
38.73,832.6252
38.74,618.628
38.75,839.4638
38.76,696.9738
38.77,694.978
38.78,874.1252
38.79,827.2132
38.8,930.1632
38.81,863.1616
38.82,846.0806
38.83,857.553
38.84,992.6104
38.85,971.8172
38.86,986.8404
38.87,898.6392
38.88,913.1604
38.89,1208.4474
38.9,1194.5704
38.91,984.8208
38.92,1084.942
38.93,1071.28
38.94,1079.2198
38.95,1194.1214
38.96,1147.5428
38.97,1307.9226
38.98,1124.73
38.99,1169.304
39,1321.7378
39.01,1220.0576
39.02,1426.2734
39.03,1378.354
39.04,1334.5268
39.05,1271.2758
39.06,1399.4188
39.07,1333.1884
39.08,1554.6538
39.09,1619.742
39.1,1802.0568
39.11,1817.4326
39.12,1664.575
39.13,1728.1352
39.14,1819.793
39.15,1700.1696
39.16,1853.553
39.17,1774.4906
39.18,1889.3576
39.19,2009.9954
39.2,1747.1016
39.21,1986.1266
39.22,2310.4596
39.23,2372.511
39.24,2311.3408
39.25,2267.9854
39.26,2475.9008
39.27,2590.8406
39.28,2734.5684
39.29,3052.6852
39.3,2689.2532
39.31,3001.196
39.32,2867.6268
39.33,3298.8412
39.34,3302.8472
39.35,3609.476
39.36,3246.8544
39.37,3391.5442
39.38,3605.5928
39.39,3694.0018
39.4,3925.0716
39.41,3920.6416
39.42,4026.5748
39.43,4008.6744
39.44,3928.9624
39.45,4393.228
39.46,4381.532
39.47,4774.3266
39.48,4790.4866
39.49,5306.681
39.5,5435.7312
39.51,5317.5554
39.52,5466.628
39.53,5776.482
39.54,5747.7202
39.55,5851.5304
39.56,6180.8496
39.57,6140.5822
39.58,6155.415
39.59,6266.3212
39.6,6220.5236
39.61,6104.0324
39.62,6458.1046
39.63,6607.8142
39.64,6801.095
39.65,6581.1836
39.66,6782.8528
39.67,7073.6304
39.68,6820.7128
39.69,7155.1684
39.7,7570.7308
39.71,6919.0926
39.72,7338.6532
39.73,7627.5488
39.74,7679.5736
39.75,7479.9666
39.76,7561.1588
39.77,8174.5654
39.78,7968.8338
39.79,7978.5066
39.8,7837.9314
39.81,8317.0256
39.82,8348.7898
39.83,7878.8802
39.84,7516.9442
39.85,7981.6438
39.86,8010.1172
39.87,8257.6888
39.88,8411.0214
39.89,7931.3476
39.9,7935.245
39.91,8364.1968
39.92,8070.1156
39.93,8378.4644
39.94,8483.0208
39.95,8433.8142
39.96,7889.6826
39.97,7435.1774
39.98,7693.7296
39.99,7419.982
40,7626.2646
40.01,7283.7468
40.02,7683.5034
40.03,7369.9708
40.04,7749.6036
40.05,7702.1298
40.06,7135.5322
40.07,7252.0834
40.08,7101.1482
40.09,6800.5936
40.1,6792.4694
40.11,6862.0508
40.12,6369.9716
40.13,6545.9594
40.14,6733.1584
40.15,6526.3778
40.16,6166.038
40.17,6443.5584
40.18,6182.7754
40.19,6221.759
40.2,6194.7486
40.21,6425.4394
40.22,6287.3178
40.23,6093.3426
40.24,6281.7176
40.25,6384.7262
40.26,5718.8444
40.27,5875.2832
40.28,6233.1652
40.29,6175.6812
40.3,5968.827
40.31,6197.7042
40.32,5807.747
40.33,5561.1622
40.34,6224.2386
40.35,5796.2354
40.36,5468.075
40.37,5421.0678
40.38,6212.5204
40.39,5465.6766
40.4,5962.6236
40.41,6124.1118
40.42,5965.5958
40.43,5239.139
40.44,5386.4432
40.45,4956.4034
40.46,5652.815
40.47,5002.5382
40.48,5075.7862
40.49,5070.3316
40.5,5335.7068
40.51,5057.273
40.52,4572.4446
40.53,4555.1836
40.54,4462.222
40.55,4491.337
40.56,4230.938
40.57,3721.0918
40.58,3738.0546
40.59,4263.1564
40.6,4028.9942
40.61,3663.1034
40.62,3346.6188
40.63,3304.6152
40.64,3100.7278
40.65,2776.2888
40.66,2964.182
40.67,2801.4658
40.68,2519.9354
40.69,2213.9734
40.7,2330.7904
40.71,2086.975
40.72,2190.0924
40.73,2151.9972
40.74,1768.5354
40.75,1891.638
40.76,1942.8806
40.77,1800.8436
40.78,1494.413
40.79,1761.1382
40.8,1614.516
40.81,1464.2036
40.82,1608.8358
40.83,1513.1446
40.84,1636.5448
40.85,1377.0264
40.86,1346.6548
40.87,1317.5432
40.88,1232.5414
40.89,884.4944
40.9,896.5846
40.91,1345.8474
40.92,1281.894
40.93,1002.0676
40.94,1147.1356
40.95,1012.6636
40.96,1254.637
40.97,1172.6286
40.98,1110.6874
40.99,947.1918
41,824.382
41.01,880.9666
41.02,884.783
41.03,896.956
41.04,842.3212
41.05,639.8444
41.06,740.7364
41.07,763.0232
41.08,796.9602
41.09,938.3134
41.1,669.5602
41.11,769.0346
41.12,653.7338
41.13,654.8878
41.14,687.2298
41.15,675.41
41.16,909.0224
41.17,594.54
41.18,817.6432
41.19,750.6622
41.2,655.2962
41.21,763.4236
41.22,915.8644
41.23,710.5794
41.24,729.4454
41.25,653.4356
41.26,610.2146
41.27,888.6738
41.28,844.4724
41.29,585.848
41.3,757.5562
41.31,756.6686
41.32,793.6728
41.33,923.7054
41.34,631.2884
41.35,690.0618
41.36,657.0596
41.37,559.8558
41.38,615.7488
41.39,482.2046
41.4,611.1984
41.41,567.16
41.42,470.7448
41.43,686.8528
41.44,557.6562
41.45,582.7558
41.46,637.5698
41.47,417.3984
41.48,569.0492
41.49,491.5874
41.5,666.0288
41.51,674.615
41.52,764.4374
41.53,713.4696
41.54,736.8254
41.55,576.532
41.56,522.3176
41.57,531.7364
41.58,636.3086
41.59,446.1638
41.6,487.0088
41.61,565.7906
41.62,427.673
41.63,539.887
41.64,472.9612
41.65,518.1546
41.66,616.7284
41.67,598.9182
41.68,437.5022
41.69,433.2422
41.7,387.3144
41.71,527.2012
41.72,528.4996
41.73,546.7086
41.74,440.4528
41.75,339.4752
41.76,603.7008
41.77,503.5534
41.78,482.329
41.79,491.5512
41.8,560.8808
41.81,377.5642
41.82,475.7106
41.83,499.0812
41.84,456.4656
41.85,516.6492
41.86,496.5674
41.87,399.4994
41.88,449.8724
41.89,478.2544
41.9,528.6774
41.91,354.4072
41.92,492.4916
41.93,583.6238
41.94,551.3728
41.95,384.215
41.96,560.1904
41.97,446.416
41.98,495.0072
41.99,498.2828
42,569.8446
42.01,484.6708
42.02,388.792
42.03,464.2434
42.04,323.8648
42.05,395.7424
42.06,550.2346
42.07,451.3856
42.08,541.3012
42.09,557.917
42.1,444.2536
42.11,458.343
42.12,553.469
42.13,421.0064
42.14,509.8008
42.15,376.0298
42.16,525.183
42.17,388.343
42.18,539.3982
42.19,392.8318
42.2,413.6398
42.21,410.3144
42.22,483.6324
42.23,486.09
42.24,443.1036
42.25,346.4824
42.26,496.1092
42.27,476.3264
42.28,457.0768
42.29,457.3798
42.3,521.1968
42.31,502.6124
42.32,430.7626
42.33,591
42.34,404.1908
42.35,374.621
42.36,482.007
42.37,311.947
42.38,265.6338
42.39,425.7594
42.4,439.968
42.41,517.3504
42.42,461.3934
42.43,540.8842
42.44,598.2996
42.45,599.5586
42.46,581.233
42.47,473.742
42.48,509.3288
42.49,402.5686
42.5,436.8778
42.51,506.9918
42.52,358.1026
42.53,353.6062
42.54,489.643
42.55,614.6318
42.56,398.1422
42.57,464.2852
42.58,408.3532
42.59,287.7774
42.6,427.3972
42.61,442.7184
42.62,532.612
42.63,414.1678
42.64,472.1192
42.65,422.6166
42.66,511.4676
42.67,464.588
42.68,323.729
42.69,354.349
42.7,468.953
42.71,402.9402
42.72,415.4012
42.73,305.4352
42.74,382.8368
42.75,433.4154
42.76,447.2518
42.77,351.8154
42.78,522.7978
42.79,548.7334
42.8,351.3222
42.81,418.9202
42.82,401.0798
42.83,401.8684
42.84,355.726
42.85,575.5632
42.86,461.209
42.87,416.2402
42.88,395.514
42.89,525.0174
42.9,451.627
42.91,378.9508
42.92,383.5348
42.93,410.6478
42.94,397.5674
42.95,330.516
42.96,370.8154
42.97,289.5716
42.98,435.8724
42.99,411.6312
43,561.2958
43.01,473.4594
43.02,379.7872
43.03,421.0594
43.04,453.823
43.05,402.5286
43.06,399.9692
43.07,401.1162
43.08,494.8886
43.09,375.9418
43.1,398.7408
43.11,302.2866
43.12,364.9524
43.13,452.2106
43.14,387.108
43.15,496.9726
43.16,417.5452
43.17,487.4584
43.18,362.7818
43.19,306.141
43.2,465.257
43.21,364.605
43.22,427.2
43.23,443.2974
43.24,415.3086
43.25,407.394
43.26,270.942
43.27,433.7356
43.28,496.248
43.29,467.4074
43.3,447.0742
43.31,441.1758
43.32,501.7472
43.33,482.3388
43.34,359.9052
43.35,374.9184
43.36,449.7868
43.37,391.8482
43.38,358.3134
43.39,357.5414
43.4,389.2484
43.41,412.133
43.42,436.3894
43.43,421.7078
43.44,416.2656
43.45,439.0856
43.46,507.2586
43.47,449.7534
43.48,461.2728
43.49,405.8426
43.5,297.4834
43.51,495.9916
43.52,452.413
43.53,482.3002
43.54,416.8878
43.55,359.309
43.56,466.929
43.57,510.639
43.58,374.3456
43.59,378.2942
43.6,511.7438
43.61,363.6936
43.62,288.7804
43.63,351.5174
43.64,431.3586
43.65,356.4584
43.66,332.705
43.67,409.0762
43.68,387.4998
43.69,534.1158
43.7,501.0666
43.71,475.9678
43.72,274.261
43.73,466.4972
43.74,311.5242
43.75,464.5188
43.76,350.6072
43.77,507.5024
43.78,363.7136
43.79,454.1328
43.8,392.6986
43.81,379.8462
43.82,500.9772
43.83,352.1128
43.84,331.6048
43.85,434.8642
43.86,532.1028
43.87,512.9116
43.88,469.5686
43.89,487.2384
43.9,544.5382
43.91,487.0284
43.92,432.5358
43.93,393.5088
43.94,411.2232
43.95,408.4294
43.96,428.1268
43.97,383.4382
43.98,509.5268
43.99,385.611
44,250.6392
44.01,505.885
44.02,616.4632
44.03,414.2968
44.04,462.245
44.05,409.855
44.06,443.9438
44.07,595.1854
44.08,593.934
44.09,552.5214
44.1,642.7016
44.11,602.7558
44.12,608.9322
44.13,532.747
44.14,438.6648
44.15,526.0876
44.16,492.9372
44.17,540.905
44.18,475.0952
44.19,567.5828
44.2,541.6584
44.21,632.2862
44.22,644.6046
44.23,478.8762
44.24,642.2628
44.25,514.9578
44.26,537.4248
44.27,562.1306
44.28,515.0966
44.29,486.0472
44.3,577.48
44.31,615.7932
44.32,479.9826
44.33,706.1976
44.34,612.7196
44.35,616.3952
44.36,590.896
44.37,794.523
44.38,621.5762
44.39,533.2276
44.4,576.4318
44.41,610.3454
44.42,774.9078
44.43,666.1306
44.44,713.4782
44.45,738.099
44.46,636.666
44.47,646.918
44.48,542.5542
44.49,850.5304
44.5,857.4996
44.51,841.148
44.52,815.2024
44.53,570.382
44.54,769.9836
44.55,783.7922
44.56,850.7882
44.57,755.3228
44.58,889.5124
44.59,882.2002
44.6,827.6302
44.61,1004.9948
44.62,846.7472
44.63,930.5626
44.64,808.1
44.65,845.9756
44.66,771.6386
44.67,899.2688
44.68,873.5746
44.69,1029.999
44.7,863.954
44.71,879.7734
44.72,800.3076
44.73,963.9012
44.74,846.4146
44.75,958.7146
44.76,1154.7814
44.77,813.7236
44.78,846.1558
44.79,789.738
44.8,927.1376
44.81,1090.0524
44.82,799.794
44.83,908.1492
44.84,1029.5444
44.85,1136.5378
44.86,956.167
44.87,1097.2854
44.88,1009.6862
44.89,965.13
44.9,927.6176
44.91,936.6334
44.92,1131.903
44.93,1122.2442
44.94,993.4388
44.95,1098.417
44.96,851.675
44.97,1085.4076
44.98,961.3838
44.99,1122.7546
45,985.7764
45.01,904.936
45.02,844.2546
45.03,936.4934
45.04,1021.6062
45.05,1099.9482
45.06,1106.3982
45.07,870.8846
45.08,825.016
45.09,990.6148
45.1,907.377
45.11,906.8504
45.12,734.2404
45.13,830.0386
45.14,615.3168
45.15,769.331
45.16,672.8018
45.17,731.3846
45.18,739.606
45.19,678.0964
45.2,609.253
45.21,562.4218
45.22,554.2792
45.23,702.061
45.24,619.6816
45.25,644.3682
45.26,885.513
45.27,673.4164
45.28,692.8568
45.29,497.563
45.3,603.2942
45.31,626.853
45.32,596.2178
45.33,584.2536
45.34,519.0152
45.35,582.635
45.36,627.8746
45.37,488.804
45.38,532.596
45.39,419.25
45.4,466.7404
45.41,438.1068
45.42,477.4038
45.43,245.8162
45.44,526.7076
45.45,493.9426
45.46,544.0294
45.47,400.1606
45.48,418.8686
45.49,459.7566
45.5,403.4606
45.51,365.397
45.52,310.0728
45.53,354.6266
45.54,523.4006
45.55,359.0018
45.56,479.306
45.57,369.5054
45.58,345.5452
45.59,285.9802
45.6,395.652
45.61,440.4828
45.62,417.7964
45.63,433.2854
45.64,420.395
45.65,426.527
45.66,320.1834
45.67,381.9752
45.68,444.4098
45.69,578.8522
45.7,490.0576
45.71,455.3038
45.72,392.1536
45.73,401.4584
45.74,380.8832
45.75,360.7348
45.76,289.8266
45.77,339.81
45.78,249.6562
45.79,333.4668
45.8,491.609
45.81,432.7368
45.82,344.8342
45.83,376.0738
45.84,332.7882
45.85,504.3738
45.86,457.86
45.87,331.9532
45.88,434.2678
45.89,399.3494
45.9,344.46
45.91,398.9714
45.92,372.6256
45.93,341.3278
45.94,377.3466
45.95,319.615
45.96,268.7458
45.97,373.831
45.98,354.1562
45.99,324.72
46,337.9114
46.01,350.3026
46.02,287.4366
46.03,392.7764
46.04,321.8904
46.05,347.1082
46.06,440.3262
46.07,341.0178
46.08,230.9428
46.09,384.4244
46.1,352.8786
46.11,431.7468
46.12,270.9868
46.13,225.6308
46.14,422.7702
46.15,350.1276
46.16,286.2488
46.17,339.1992
46.18,320.3696
46.19,288.7598
46.2,432.9528
46.21,320.0836
46.22,453.449
46.23,378.2514
46.24,394.5694
46.25,455.7726
46.26,401.1854
46.27,315.0702
46.28,357.9856
46.29,427.7736
46.3,470.8584
46.31,423.5644
46.32,487.5046
46.33,415.1762
46.34,419.4228
46.35,329.4586
46.36,400.9176
46.37,410.255
46.38,352.4166
46.39,382.0102
46.4,507.2926
46.41,559.7598
46.42,425.8644
46.43,417.7394
46.44,501.502
46.45,506.237
46.46,362.814
46.47,330.959
46.48,378.9232
46.49,479.9324
46.5,299.3798
46.51,345.844
46.52,374.9798
46.53,338.0734
46.54,354.8306
46.55,426.6976
46.56,393.5142
46.57,281.1026
46.58,379.2574
46.59,448.6078
46.6,463.2054
46.61,340.7056
46.62,323.211
46.63,405.0232
46.64,377.8456
46.65,363.2668
46.66,458.4996
46.67,360.385
46.68,436.3708
46.69,276.8122
46.7,357.4328
46.71,396.2746
46.72,370.697
46.73,314.423
46.74,378.7334
46.75,395.352
46.76,389.0378
46.77,325.46
46.78,384.2528
46.79,498.6754
46.8,296.8496
46.81,368.5386
46.82,334.907
46.83,474.668
46.84,346.5684
46.85,270.2636
46.86,372.1264
46.87,325.2576
46.88,372.2378
46.89,415.9002
46.9,325.4022
46.91,319.6516
46.92,413.6616
46.93,350.0076
46.94,365.0874
46.95,361.6354
46.96,327.2912
46.97,440.5148
46.98,358.1378
46.99,313.02
47,226.0284
47.01,284.711
47.02,243.3338
47.03,384.9432
47.04,326.8668
47.05,334.3146
47.06,206.511
47.07,320.3844
47.08,391.4024
47.09,378.2296
47.1,333.8294
47.11,475.978
47.12,356.1688
47.13,333.328
47.14,323.0588
47.15,314.94
47.16,312.4786
47.17,284.2434
47.18,254.641
47.19,283.267
47.2,393.4588
47.21,335.41
47.22,477.1122
47.23,314.0144
47.24,489.4698
47.25,369.8774
47.26,406.8094
47.27,361.182
47.28,371.171
47.29,256.7344
47.3,274.3474
47.31,349.3014
47.32,474.7832
47.33,391.4452
47.34,397.342
47.35,284.6564
47.36,343.8946
47.37,378.5906
47.38,350.1334
47.39,268.7076
47.4,374.5622
47.41,471.1952
47.42,298.8096
47.43,401.8712
47.44,323.7676
47.45,380.4646
47.46,410.6272
47.47,370.8774
47.48,455.791
47.49,389.014
47.5,455.1608
47.51,426.6872
47.52,401.3412
47.53,377.712
47.54,540.991
47.55,650.5462
47.56,544.3136
47.57,618.2784
47.58,777.4246
47.59,755.2464
47.6,890.8218
47.61,863.0436
47.62,748.0838
47.63,724.6354
47.64,684.3678
47.65,611.856
47.66,496.26
47.67,546.371
47.68,522.4462
47.69,572.2054
47.7,600.7492
47.71,705.1496
47.72,605.0886
47.73,732.0436
47.74,793.2568
47.75,570.6034
47.76,563.6584
47.77,534.5064
47.78,575.262
47.79,554.7732
47.8,565.6884
47.81,409.0748
47.82,449.5382
47.83,420.415
47.84,484.0806
47.85,481.0756
47.86,527.0122
47.87,505.446
47.88,578.0628
47.89,492.6826
47.9,364.921
47.91,604.9316
47.92,503.5428
47.93,429.747
47.94,525.0868
47.95,495.5812
47.96,498.1896
47.97,385.5572
47.98,286.2026
47.99,501.624
48,421.1524
48.01,444.2028
48.02,423.8364
48.03,488.7866
48.04,492.249
48.05,286.9488
48.06,264.2308
48.07,320.2022
48.08,445.221
48.09,470.149
48.1,549.955
48.11,401.4692
48.12,319.1794
48.13,362.9796
48.14,212.3284
48.15,465.6114
48.16,424.8578
48.17,434.5654
48.18,386.1348
48.19,374.7938
48.2,442.4784
48.21,359.9974
48.22,311.6992
48.23,329.3812
48.24,310.5628
48.25,294.3444
48.26,411.991
48.27,328.2522
48.28,337.6096
48.29,223.815
48.3,386.8442
48.31,378.1594
48.32,293.2656
48.33,399.0596
48.34,262.4686
48.35,327.7142
48.36,266.97
48.37,303.3668
48.38,451.7964
48.39,314.7728
48.4,269.7214
48.41,344.8782
48.42,484.5714
48.43,416.3112
48.44,324.3674
48.45,370.7966
48.46,345.5596
48.47,375.0776
48.48,476.9362
48.49,350.9686
48.5,362.891
48.51,359.175
48.52,374.5292
48.53,357.6506
48.54,438.0842
48.55,365.9194
48.56,250.7676
48.57,328.2086
48.58,334.2032
48.59,362.9438
48.6,319.1506
48.61,333.133
48.62,394.769
48.63,301.1592
48.64,272.1588
48.65,377.9394
48.66,458.8214
48.67,370.9744
48.68,387.16
48.69,278.247
48.7,389.89
48.71,350.4796
48.72,321.166
48.73,281.1596
48.74,330.1258
48.75,407.4934
48.76,290.3746
48.77,431.162
48.78,403.2648
48.79,376.204
48.8,319.283
48.81,411.7738
48.82,442.0702
48.83,326.1036
48.84,373.5668
48.85,341.74
48.86,425.9946
48.87,171.996
48.88,266.1858
48.89,304.4492
48.9,325.462
48.91,330.7232
48.92,369.0852
48.93,388.7538
48.94,262.4976
48.95,316.281
48.96,304.1216
48.97,394.5408
48.98,263.1834
48.99,282.0516
49,416.2036
49.01,542.1378
49.02,306.9786
49.03,303.4396
49.04,293.2882
49.05,341.1218
49.06,463.8112
49.07,362.7014
49.08,272.5352
49.09,266.7524
49.1,285.2248
49.11,374.117
49.12,449.5602
49.13,310.8178
49.14,356.0266
49.15,418.9842
49.16,331.619
49.17,358.7372
49.18,356.9758
49.19,280.1212
49.2,382.1928
49.21,400.6774
49.22,312.9524
49.23,376.6908
49.24,368.668
49.25,389.3242
49.26,367.5164
49.27,365.2376
49.28,368.497
49.29,283.962
49.3,260.4082
49.31,310.138
49.32,399.7258
49.33,424.8146
49.34,161.9822
49.35,322.5782
49.36,249.3978
49.37,317.5746
49.38,563.9556
49.39,446.2862
49.4,391.9662
49.41,358.3894
49.42,250.8806
49.43,442.331
49.44,272.2522
49.45,365.3332
49.46,392.0334
49.47,288.3996
49.48,352.6344
49.49,358.9726
49.5,391.3354
49.51,255.0174
49.52,255.881
49.53,376.854
49.54,421.8192
49.55,337.7656
49.56,374.6646
49.57,483.588
49.58,369.0594
49.59,345.4588
49.6,262.9274
49.61,388.8278
49.62,366.5648
49.63,286.3874
49.64,387.851
49.65,223.896
49.66,322.4384
49.67,437.0138
49.68,369.0626
49.69,337.3434
49.7,323.1772
49.71,309.5358
49.72,266.3788
49.73,434.982
49.74,512.885
49.75,334.573
49.76,304.1444
49.77,404.7312
49.78,369.0986
49.79,212.9806
49.8,442.8516
49.81,360.2898
49.82,387.2804
49.83,431.0064
49.84,434.7178
49.85,384.0316
49.86,269.9302
49.87,199.4072
49.88,381.8988
49.89,505.5438
49.9,511.8032
49.91,381.1956
49.92,378.6576
49.93,394.6438
49.94,429.6072
49.95,305.9502
49.96,308.5184
49.97,406.313
49.98,382.1562
49.99,335.9356
50,254.6532
50.01,370.7918
50.02,270.9196
50.03,286.5254
50.04,279.4844
50.05,442.435
50.06,257.4612
50.07,396.546
50.08,448.5208
50.09,288.1788
50.1,269.2982
50.11,318.0654
50.12,296.4566
50.13,402.9986
50.14,323.038
50.15,387.6596
50.16,379.534
50.17,459.495
50.18,368.2472
50.19,271.7362
50.2,301.3488
50.21,386.4354
50.22,448.6272
50.23,433.725
50.24,313.094
50.25,359.2668
50.26,519.4274
50.27,432.9684
50.28,342.9288
50.29,296.2642
50.3,298.3066
50.31,389.5266
50.32,294.3192
50.33,375.594
50.34,385.7042
50.35,493.2258
50.36,215.0484
50.37,344.2348
50.38,437.1446
50.39,400.9334
50.4,334.3264
50.41,501.7428
50.42,397.5436
50.43,374.261
50.44,399.1452
50.45,370.2478
50.46,422.8832
50.47,442.711
50.48,518.0338
50.49,559.6308
50.5,392.714
50.51,334.0352
50.52,418.9346
50.53,461.3644
50.54,326.6676
50.55,421.7714
50.56,348.5768
50.57,244.0758
50.58,467.349
50.59,489.7038
50.6,442.8814
50.61,297.5496
50.62,368.957
50.63,401.7354
50.64,355.8112
50.65,470.3166
50.66,370.6532
50.67,427.8044
50.68,480.5278
50.69,457.0106
50.7,440.9474
50.71,292.355
50.72,399.3616
50.73,408.138
50.74,346.2092
50.75,562.752
50.76,411.8286
50.77,413.5246
50.78,492.2974
50.79,512.496
50.8,338.5382
50.81,415.5158
50.82,458.9366
50.83,372.9706
50.84,449.8826
50.85,432.0918
50.86,372.943
50.87,439.339
50.88,430.14
50.89,423.461
50.9,343.035
50.91,378.7074
50.92,480.893
50.93,391.0058
50.94,485.2148
50.95,533.8224
50.96,325.6408
50.97,328.4106
50.98,370.8948
50.99,364.4284
51,337.685
51.01,518.971
51.02,436.21
51.03,412.91
51.04,360.974
51.05,353.1794
51.06,401.7316
51.07,425.2704
51.08,442.5166
51.09,528.8834
51.1,485.9108
51.11,249.8194
51.12,488.846
51.13,416.9736
51.14,501.8022
51.15,435.9418
51.16,469.551
51.17,406.4422
51.18,541.615
51.19,508.9824
51.2,478.1406
51.21,428.094
51.22,347.2036
51.23,432.4352
51.24,361.914
51.25,435.0116
51.26,460.8422
51.27,411.2004
51.28,558.0516
51.29,486.8648
51.3,565.5478
51.31,511.9068
51.32,508.8772
51.33,490.998
51.34,388.6986
51.35,445.0552
51.36,348.5148
51.37,416.205
51.38,439.5238
51.39,448.1648
51.4,401.5676
51.41,476.069
51.42,395.4176
51.43,442.3914
51.44,552.9364
51.45,406.7748
51.46,421.527
51.47,488.4914
51.48,479.3572
51.49,478.6602
51.5,474.2556
51.51,551.4712
51.52,550.3922
51.53,514.3892
51.54,470.2108
51.55,470.7328
51.56,369.4518
51.57,265.729
51.58,516.655
51.59,379.6326
51.6,510.1298
51.61,498.6622
51.62,571.1364
51.63,527.4634
51.64,613.5676
51.65,472.7654
51.66,552.4472
51.67,561.8586
51.68,594.1404
51.69,594.938
51.7,447.033
51.71,570.82
51.72,595.4874
51.73,575.6526
51.74,519.1028
51.75,649.3352
51.76,682.9118
51.77,785.7148
51.78,657.4414
51.79,432.6996
51.8,561.5382
51.81,631.5804
51.82,703.8654
51.83,574.4764
51.84,537.1556
51.85,630.655
51.86,483.7732
51.87,589.386
51.88,578.9156
51.89,546.8024
51.9,606.175
51.91,703.1638
51.92,686.342
51.93,553.6288
51.94,484.4146
51.95,556.8626
51.96,676.3066
51.97,625.0146
51.98,606.8592
51.99,659.0514
52,668.343
52.01,643.3216
52.02,440.8938
52.03,450.6168
52.04,642.1426
52.05,600.1936
52.06,603.3092
52.07,670.3938
52.08,790.1096
52.09,732.7676
52.1,524.2506
52.11,685.1618
52.12,731.9592
52.13,776.9956
52.14,910.8334
52.15,648.6766
52.16,710.0148
52.17,764.4474
52.18,873.2678
52.19,946.7336
52.2,763.267
52.21,894.1856
52.22,708.0896
52.23,880.9776
52.24,790.7178
52.25,850.438
52.26,886.8222
52.27,733.6126
52.28,841.5566
52.29,763.1868
52.3,760.0672
52.31,997.5264
52.32,927.539
52.33,880.5444
52.34,916.2176
52.35,751.5582
52.36,1029.5328
52.37,1084.8948
52.38,1017.5092
52.39,873.8086
52.4,1123.5652
52.41,1132.8526
52.42,1176.2208
52.43,1012.5774
52.44,1044.0296
52.45,1050.4486
52.46,1147.7468
52.47,1264.4074
52.48,1196.239
52.49,1269.845
52.5,1369.1534
52.51,990.4402
52.52,1072.757
52.53,1217.1396
52.54,1251.7286
52.55,1352.1006
52.56,1398.8752
52.57,1068.2184
52.58,1318.9242
52.59,1165.7748
52.6,1149.576
52.61,1484.243
52.62,1452.8458
52.63,1225.9284
52.64,1256.6548
52.65,1655.2448
52.66,1226.6344
52.67,1203.8938
52.68,1453.6756
52.69,1356.0546
52.7,1536.4936
52.71,1384.1744
52.72,1229.2864
52.73,1490.5532
52.74,1275.3916
52.75,1547.7368
52.76,1751.4546
52.77,1732.9194
52.78,1677.2054
52.79,1693.5408
52.8,1789.531
52.81,1858.8716
52.82,1920.4326
52.83,1811.6186
52.84,1892.6204
52.85,1982.7774
52.86,1893.8298
52.87,1605.8684
52.88,2084.9046
52.89,2105.9406
52.9,2305.4746
52.91,2189.0888
52.92,2240.1132
52.93,2500.6694
52.94,2346.8134
52.95,2558.5932
52.96,2529.2964
52.97,2827.3498
52.98,2547.9786
52.99,2799.9224
53,2955.862
53.01,3147.935
53.02,3124.8772
53.03,3214.9358
53.04,3372.0304
53.05,3492.5728
53.06,3169.5786
53.07,3320.186
53.08,3295.3864
53.09,3548.14
53.1,3774.1024
53.11,3306.2564
53.12,3260.1822
53.13,3533.5262
53.14,3697.3906
53.15,3875.8024
53.16,4231.7354
53.17,3848.1454
53.18,4001.1254
53.19,4146.5202
53.2,3937.537
53.21,4546.969
53.22,4834.4336
53.23,4955.0432
53.24,4796.7058
53.25,4767.161
53.26,4851.2948
53.27,4968.7288
53.28,4779.4288
53.29,5287.1534
53.3,5394.4434
53.31,5643.654
53.32,5228.0224
53.33,6109.563
53.34,6099.8376
53.35,6077.3548
53.36,5859.7212
53.37,6534.449
53.38,6723.4892
53.39,6651.7484
53.4,6978.8208
53.41,6847.7384
53.42,6483.5848
53.43,6520.937
53.44,7073.3862
53.45,7506.2354
53.46,7393.1576
53.47,7827.2632
53.48,7711.4542
53.49,7755.0838
53.5,8128.3334
53.51,8045.0684
53.52,8181.7904
53.53,8626.7774
53.54,8307.5992
53.55,8701.7578
53.56,8977.788
53.57,9284.2342
53.58,9059.9226
53.59,9183.9542
53.6,9637.7652
53.61,10076.3306
53.62,10754.1284
53.63,10283.8452
53.64,10276.7586
53.65,10457.5114
53.66,11166.0986
53.67,10879.3326
53.68,11275.0334
53.69,11919.4018
53.7,12715.0268
53.71,12326.4982
53.72,12280.7104
53.73,12676.3452
53.74,12650.0764
53.75,13084.6932
53.76,14250.555
53.77,13558.9542
53.78,14456.3282
53.79,15510.1562
53.8,15691.1508
53.81,15901.8018
53.82,15908.1592
53.83,16292.3372
53.84,16618.3756
53.85,16403.239
53.86,16317.1436
53.87,18179.4906
53.88,17943.3968
53.89,18009.2724
53.9,18461.8652
53.91,19657.7962
53.92,19246.3152
53.93,19130.6462
53.94,20281.6048
53.95,20224.8112
53.96,20566.6048
53.97,20276.6406
53.98,21288.0534
53.99,22080.1596
54,20738.5254
54.01,21586.8294
54.02,22775.8056
54.03,22061.691
54.04,23457.098
54.05,23654.3408
54.06,23489.3294
54.07,22885.5046
54.08,22515.0276
54.09,22670.7926
54.1,22879.9934
54.11,23447.7652
54.12,24569.0414
54.13,23136.7724
54.14,24077.1012
54.15,22935.9016
54.16,23474.93
54.17,22630.415
54.18,22883.501
54.19,22274.9724
54.2,22683.5254
54.21,21120.4118
54.22,21970.6332
54.23,21770.9944
54.24,22254.9218
54.25,21647.1892
54.26,21013.4082
54.27,20993.4602
54.28,20384.152
54.29,20183.5628
54.3,19818.5286
54.31,18669.9724
54.32,19162.1012
54.33,17320.1546
54.34,17892.754
54.35,16550.8496
54.36,17793.4326
54.37,16985.5306
54.38,15947.155
54.39,15191.3412
54.4,15597.9622
54.41,15425.8594
54.42,14988.4766
54.43,13249.3766
54.44,13495.5998
54.45,12093.8492
54.46,12349.8242
54.47,12004.9462
54.48,11084.436
54.49,10982.3844
54.5,10502.5284
54.51,9898.1754
54.52,9166.578
54.53,9167.0402
54.54,8956.604
54.55,8074.0064
54.56,8349.8666
54.57,7589.5516
54.58,7151.1744
54.59,6953.5986
54.6,7118.7776
54.61,6671.4762
54.62,6396.1072
54.63,6112.7356
54.64,5923.9164
54.65,5556.8104
54.66,4868.046
54.67,5060.1148
54.68,4908.7032
54.69,4006.4754
54.7,4543.0994
54.71,4367.6578
54.72,4333.5446
54.73,4199.5134
54.74,4275.5734
54.75,3804.7176
54.76,3692.4748
54.77,3665.9724
54.78,3544.9336
54.79,3753.5202
54.8,3253.9492
54.81,3211.3776
54.82,2892.8538
54.83,2997.1278
54.84,2977.2812
54.85,2683.4572
54.86,2820.5708
54.87,2778.7236
54.88,2604.147
54.89,3021.1442
54.9,2555.9284
54.91,2601.1536
54.92,2719.4404
54.93,2701.7298
54.94,2324.2106
54.95,2320.0864
54.96,2570.1892
54.97,2131.3972
54.98,2109.3386
54.99,2079.6152
55,2197.8012
55.01,1987.2824
55.02,2286.5708
55.03,2072.005
55.04,2003.0774
55.05,1991.6684
55.06,2084.441
55.07,1820.116
55.08,1865.9488
55.09,1690.7098
55.1,1709.7262
55.11,1592.5304
55.12,1653.4552
55.13,1497.6428
55.14,1719.1908
55.15,1661.703
55.16,1553.2106
55.17,1527.4016
55.18,1430.5958
55.19,1470.6058
55.2,1467.6394
55.21,1527.6366
55.22,1610.2978
55.23,1199.5872
55.24,1677.7124
55.25,1219.0018
55.26,1518.6908
55.27,1268.4688
55.28,1255.5034
55.29,1344.2774
55.3,1343.4252
55.31,1038.1234
55.32,1143.3394
55.33,1343.6978
55.34,1089.0378
55.35,1100.292
55.36,1223.5356
55.37,1357.9652
55.38,1365.7284
55.39,1244.2162
55.4,1252.1406
55.41,1343.0072
55.42,1280.3198
55.43,1197.4742
55.44,1277.3324
55.45,1096.3696
55.46,1203.105
55.47,1221.6702
55.48,1315.4048
55.49,1264.8448
55.5,1184.6224
55.51,1153.1532
55.52,1215.2096
55.53,1346.405
55.54,1239.5836
55.55,999.6284
55.56,1044.8088
55.57,1287.3598
55.58,1188.1912
55.59,1223.1986
55.6,1089.5956
55.61,1032.367
55.62,1122.0782
55.63,1162.452
55.64,1106.5162
55.65,1268.6644
55.66,1101.4522
55.67,1330.1208
55.68,1070.0474
55.69,1058.094
55.7,1162.139
55.71,1015.4488
55.72,816.5222
55.73,1011.9702
55.74,1190.3068
55.75,1240.8758
55.76,955.7352
55.77,962.4366
55.78,1052.5554
55.79,921.044
55.8,1078.3884
55.81,1083.4106
55.82,997.5006
55.83,1022.4604
55.84,967.8898
55.85,893.4248
55.86,1111.4344
55.87,1218.129
55.88,1117.549
55.89,1034.137
55.9,1012.8044
55.91,950.671
55.92,1105.3664
55.93,771.1296
55.94,1111.5838
55.95,889.4846
55.96,1041.1394
55.97,988.7378
55.98,990.3926
55.99,900.4578
56,905.9338
56.01,996.301
56.02,885.1326
56.03,856.3616
56.04,923.7848
56.05,1098.457
56.06,898.0682
56.07,901.4268
56.08,786.4634
56.09,1033.757
56.1,921.6242
56.11,827.866
56.12,995.6206
56.13,1178.11
56.14,1207.3228
56.15,1099.654
56.16,841.411
56.17,894.3982
56.18,1225.628
56.19,1010.6012
56.2,1059.3314
56.21,1187.7264
56.22,1190.8704
56.23,1083.453
56.24,1086.1064
56.25,858.6174
56.26,969.0692
56.27,1165.4356
56.28,1027.259
56.29,1017.2166
56.3,1133.635
56.31,866.1334
56.32,1178.3524
56.33,1077.6734
56.34,1105.2918
56.35,1069.9978
56.36,1070.2118
56.37,1042.087
56.38,1268.3528
56.39,1477.3852
56.4,1387.1404
56.41,1173.2384
56.42,1196.54
56.43,1203.7472
56.44,1197.0596
56.45,1199.894
56.46,882.2904
56.47,1245.3218
56.48,1177.3616
56.49,1367.6584
56.5,1320.8656
56.51,1395.936
56.52,1256.0648
56.53,1163.8366
56.54,1454.5806
56.55,1116.649
56.56,1375.6748
56.57,1518.4458
56.58,1443.765
56.59,1330.1456
56.6,1569.8752
56.61,1199.6896
56.62,1283.137
56.63,1400.2914
56.64,1292.7546
56.65,1267.6192
56.66,1437.4902
56.67,1387.6206
56.68,1513.9116
56.69,1704.9838
56.7,1385.1726
56.71,1426.0362
56.72,1298.3018
56.73,1263.6978
56.74,1817.6594
56.75,1700.0074
56.76,1414.5674
56.77,1426.5506
56.78,1657.9966
56.79,1589.7048
56.8,1609.3552
56.81,1351.3098
56.82,1526.1794
56.83,1624.9106
56.84,1633.482
56.85,1652.9438
56.86,1764.5782
56.87,1349.66
56.88,1292.646
56.89,1676.7604
56.9,1389.6708
56.91,1499.2792
56.92,1621.27
56.93,1501.028
56.94,1676.7056
56.95,1803.7382
56.96,1686.0782
56.97,1617.9836
56.98,1569.7726
56.99,1693.0882
57,1672.2888
57.01,1672.8666
57.02,1605.765
57.03,1831.0372
57.04,1601.9704
57.05,1522.682
57.06,1587.1732
57.07,1643.5926
57.08,1628.4648
57.09,1605.0284
57.1,2034.7368
57.11,1947.024
57.12,1933.147
57.13,1966.3024
57.14,1772.0294
57.15,1907.7434
57.16,1835.5748
57.17,1909.4696
57.18,2089.743
57.19,2099.9996
57.2,2459.6848
57.21,2122.1832
57.22,2190.8428
57.23,2281.9834
57.24,1952.2168
57.25,2064.4274
57.26,2255.3944
57.27,1979.3796
57.28,2193.4912
57.29,2284.9792
57.3,2364.0716
57.31,2387.5366
57.32,2240.3098
57.33,2351.7896
57.34,2400.8074
57.35,2604.425
57.36,2519.0514
57.37,2482.7986
57.38,2985.5466
57.39,2920.464
57.4,2816.2748
57.41,2628.714
57.42,2665.622
57.43,2962.483
57.44,3366.9246
57.45,2787.5334
57.46,3041.6372
57.47,2816.7954
57.48,3196.565
57.49,3242.1308
57.5,3544.7592
57.51,3481.5938
57.52,3392.6548
57.53,3638.8542
57.54,3615.0602
57.55,3808.42
57.56,3957.2762
57.57,3725.4398
57.58,3652.216
57.59,3854.2358
57.6,4356.5336
57.61,3440.1806
57.62,4089.738
57.63,4378.9486
57.64,4292.0658
57.65,4360.2454
57.66,4109.666
57.67,4955.673
57.68,4740.8028
57.69,4404.9674
57.7,4726.3822
57.71,4906.01
57.72,5071.9466
57.73,4766.3134
57.74,5127.2352
57.75,5218.1262
57.76,5110.507
57.77,5607.2168
57.78,5451.696
57.79,5448.7654
57.8,5535.7588
57.81,5731.9152
57.82,5545.0642
57.83,5203.3402
57.84,5625.806
57.85,5137.8956
57.86,5587.4336
57.87,5386.156
57.88,5414.0682
57.89,5885.9148
57.9,5960.533
57.91,5516.6394
57.92,5858.8758
57.93,5612.7092
57.94,5942.7856
57.95,5587.1546
57.96,5625.12
57.97,5429.648
57.98,5459.1532
57.99,5432.0248
58,5573.3956
58.01,5207.983
58.02,5191.1726
58.03,5256.6122
58.04,4845.6942
58.05,4679.7538
58.06,5015.0944
58.07,4325.9488
58.08,4593.6568
58.09,4604.2526
58.1,4276.6008
58.11,4109.0686
58.12,4040.7824
58.13,3971.8384
58.14,3691.9612
58.15,3281.5278
58.16,3540.2816
58.17,3270.864
58.18,3588.4058
58.19,3175.951
58.2,2888.832
58.21,2598.5832
58.22,2552.6972
58.23,2583.5146
58.24,2651.1068
58.25,2479.4718
58.26,2225.0772
58.27,2097.369
58.28,2094.3684
58.29,1874.7226
58.3,2169.598
58.31,1799.2198
58.32,1840.151
58.33,1662.349
58.34,1791.9702
58.35,1759.1452
58.36,1718.3978
58.37,1456.7902
58.38,1575.169
58.39,1524.1002
58.4,1416.9568
58.41,1535.6364
58.42,1249.3188
58.43,1373.565
58.44,1324.1258
58.45,1422.5026
58.46,1187.9234
58.47,1353.0374
58.48,1223.7134
58.49,1388.0162
58.5,1308.3542
58.51,1391.2428
58.52,1060.3912
58.53,1337.5348
58.54,1235.718
58.55,1181.1694
58.56,1287.8208
58.57,1147.221
58.58,1068.903
58.59,1179.2808
58.6,1250.291
58.61,1262.3508
58.62,1247.3228
58.63,1272.8584
58.64,1334.8942
58.65,1239.2044
58.66,1270.81
58.67,1073.3126
58.68,1336.3402
58.69,1199.667
58.7,1494.6348
58.71,1401.4666
58.72,1270.7618
58.73,1314.9924
58.74,1535.9342
58.75,1120.1336
58.76,1592.3186
58.77,1539.331
58.78,1576.0334
58.79,1645.88
58.8,1519.3974
58.81,1597.1242
58.82,1740.5998
58.83,1731.1866
58.84,1671.3994
58.85,1513.0294
58.86,2057.0416
58.87,1967.1492
58.88,1945.7072
58.89,2144.29
58.9,2169.0824
58.91,2343.2978
58.92,2395.0032
58.93,2481.453
58.94,2489.1144
58.95,2527.6962
58.96,2291.7954
58.97,2873.8876
58.98,2640.5274
58.99,3205.586
59,3220.6556
59.01,3243.028
59.02,3385.4122
59.03,3428.3528
59.04,3568.7916
59.05,3311.4726
59.06,3555.8672
59.07,3620.6408
59.08,3773.5986
59.09,4095.1526
59.1,4620.7972
59.11,4382.1366
59.12,4101.984
59.13,4276.8974
59.14,4489.2838
59.15,4438.4794
59.16,4239.065
59.17,4610.7796
59.18,4935.9408
59.19,4640.6852
59.2,4845.4654
59.21,5366.2272
59.22,5141.8344
59.23,4825.4858
59.24,4971.6354
59.25,5024.6912
59.26,4532.0918
59.27,4932.8532
59.28,4793.739
59.29,4529.1622
59.3,4757.4382
59.31,4433.5698
59.32,4729.963
59.33,5351.2744
59.34,4984.0682
59.35,4867.4784
59.36,4489.6998
59.37,4240.8874
59.38,4277.2864
59.39,4018.1026
59.4,4536.368
59.41,4419.3066
59.42,3838.4558
59.43,3467.7108
59.44,3973.6284
59.45,3851.2798
59.46,3752.2356
59.47,3533.6482
59.48,3487.8784
59.49,3480.6702
59.5,3577.408
59.51,3277.2146
59.52,2947.4786
59.53,3031.6172
59.54,2750.5556
59.55,2734.3696
59.56,2533.9732
59.57,2508.497
59.58,2189.9566
59.59,2452.1166
59.6,2190.7044
59.61,2003.6602
59.62,1906.0914
59.63,1870.8082
59.64,1946.8912
59.65,2140.955
59.66,1674.4426
59.67,1996.7206
59.68,1718.1976
59.69,1522.4926
59.7,1466.8734
59.71,1423.6068
59.72,1381.5842
59.73,1337.672
59.74,1190.894
59.75,1146.7746
59.76,1450.9478
59.77,1291.7206
59.78,1131.9384
59.79,1163.718
59.8,961.5714
59.81,1082.3122
59.82,887.5734
59.83,1042.568
59.84,938.2174
59.85,1070.1114
59.86,942.1244
59.87,802.8394
59.88,920.9928
59.89,957.5576
59.9,888.0066
59.91,921.4164
59.92,927.8282
59.93,944.8026
59.94,785.7822
59.95,814.2276
59.96,631.803
59.97,796.5368
59.98,859.8948
59.99,880.457
60,797.3328
60.01,796.6558
60.02,728.0214
60.03,809.162
60.04,585.096
60.05,750.1924
60.06,592.5032
60.07,533.8818
60.08,474.0142
60.09,474.919
60.1,670.0174
60.11,642.1868
60.12,619.8184
60.13,646.9336
60.14,651.6974
60.15,520.0188
60.16,630.091
60.17,489.694
60.18,409.3664
60.19,470.071
60.2,486.0208
60.21,482.8642
60.22,522.7116
60.23,524.2658
60.24,625.192
60.25,649.3546
60.26,477.8336
60.27,566.4242
60.28,490.699
60.29,520.6848
60.3,551.1144
60.31,509.1534
60.32,493.6108
60.33,525.038
60.34,641.1114
60.35,584.6008
60.36,542.1852
60.37,558.876
60.38,629.162
60.39,516.7994
60.4,618.2034
60.41,556.0834
60.42,425.8152
60.43,498.1336
60.44,504.1562
60.45,469.5004
60.46,541.9118
60.47,374.2482
60.48,477.362
60.49,588.4932
60.5,466.305
60.51,450.4232
60.52,466.5414
60.53,406.7996
60.54,319.479
60.55,531.065
60.56,494.0732
60.57,336.2428
60.58,501.4598
60.59,503.7274
60.6,475.7564
60.61,415.4446
60.62,540.8956
60.63,410.9584
60.64,431.692
60.65,507.29
60.66,440.6176
60.67,450.8852
60.68,536.4302
60.69,452.3746
60.7,386.2912
60.71,389.4174
60.72,513.0116
60.73,428.6308
60.74,387.0946
60.75,497.2626
60.76,437.5684
60.77,476.0528
60.78,498.3644
60.79,509.8704
60.8,423.6852
60.81,490.9864
60.82,537.2762
60.83,374.8666
60.84,441.7582
60.85,514.3706
60.86,545.5048
60.87,412.215
60.88,359.5658
60.89,549.9896
60.9,381.0362
60.91,386.3706
60.92,386.3998
60.93,423.8548
60.94,270.9988
60.95,380.5688
60.96,373.132
60.97,397.7654
60.98,456.039
60.99,470.8452
61,399.6692
61.01,388.7396
61.02,348.512
61.03,503.336
61.04,468.8312
61.05,421.6526
61.06,263.0598
61.07,483.628
61.08,506.9622
61.09,330.5726
61.1,483.1196
61.11,600.3108
61.12,375.4594
61.13,381.4768
61.14,524.0552
61.15,390.1826
61.16,342.9722
61.17,458.5722
61.18,389.7354
61.19,380.2282
61.2,466.4504
61.21,360.1846
61.22,423.073
61.23,436.634
61.24,309.8824
61.25,400.1654
61.26,536.5876
61.27,406.5604
61.28,346.2524
61.29,301.4384
61.3,359.1366
61.31,428.5
61.32,449.4748
61.33,465.9112
61.34,527.6012
61.35,404.643
61.36,372.716
61.37,469.8914
61.38,432.6234
61.39,486.2306
61.4,475.384
61.41,352.2762
61.42,417.0742
61.43,460.0376
61.44,444.8154
61.45,332.67
61.46,489.9042
61.47,372.7018
61.48,461.275
61.49,263.3044
61.5,260.2426
61.51,231.4406
61.52,331.1876
61.53,299.6802
61.54,410.4188
61.55,393.7526
61.56,354.8348
61.57,221.0086
61.58,419.021
61.59,292.0934
61.6,300.3456
61.61,411.2332
61.62,422.0742
61.63,301.9558
61.64,322.5846
61.65,365.2698
61.66,243.0458
61.67,390.5308
61.68,396.1466
61.69,458.4442
61.7,422.2984
61.71,436.9106
61.72,343.1976
61.73,326.3656
61.74,425.9088
61.75,346.6092
61.76,383.8266
61.77,410.7502
61.78,367.1372
61.79,370.4816
61.8,373.3906
61.81,351.1194
61.82,379.6216
61.83,451.995
61.84,496.1384
61.85,536.204
61.86,324.0358
61.87,437.7286
61.88,435.7326
61.89,335.633
61.9,256.0304
61.91,382.0516
61.92,408.2008
61.93,361.803
61.94,305.5454
61.95,476.6482
61.96,385.2138
61.97,436.855
61.98,467.3448
61.99,483.6716
62,328.6258
62.01,395.4226
62.02,350.2332
62.03,389.5644
62.04,460.2594
62.05,418.4862
62.06,365.0634
62.07,506.4396
62.08,379.501
62.09,390.4838
62.1,355.9992
62.11,425.0902
62.12,524.2834
62.13,425.8034
62.14,427.796
62.15,454.3442
62.16,301.4384
62.17,413.9744
62.18,447.453
62.19,459.3206
62.2,381.8046
62.21,360.1416
62.22,369.8442
62.23,472.1388
62.24,318.6116
62.25,592.7242
62.26,482.7678
62.27,548.371
62.28,398.0166
62.29,445.611
62.3,494.6698
62.31,476.4414
62.32,446.6944
62.33,442.7766
62.34,433.6198
62.35,359.5136
62.36,402.0902
62.37,386.515
62.38,260.595
62.39,354.1426
62.4,512.61
62.41,381.2664
62.42,470.5376
62.43,430.0402
62.44,433.6154
62.45,407.9972
62.46,391.8118
62.47,403.3208
62.48,443.5774
62.49,470.2448
62.5,465.111
62.51,478.4544
62.52,474.7966
62.53,477.4998
62.54,557.5162
62.55,503.1822
62.56,472.7404
62.57,334.615
62.58,415.7942
62.59,367.53
62.6,404.0432
62.61,468.1678
62.62,535.132
62.63,375.4046
62.64,273.8286
62.65,305.3144
62.66,383.0882
62.67,407.8134
62.68,406.8892
62.69,566.2868
62.7,460.4878
62.71,452.373
62.72,410.1096
62.73,404.7978
62.74,385.1678
62.75,477.2482
62.76,462.5102
62.77,426.7716
62.78,378.5738
62.79,482.7046
62.8,391.7422
62.81,414.9184
62.82,507.6634
62.83,371.8724
62.84,418.0414
62.85,452.893
62.86,375.5712
62.87,412.7608
62.88,356.0622
62.89,440.1524
62.9,382.7686
62.91,540.8826
62.92,397.0746
62.93,406.5792
62.94,411.787
62.95,443.2544
62.96,570.2684
62.97,332.946
62.98,450.0688
62.99,467.8512
63,474.6466
63.01,451.0608
63.02,495.6504
63.03,343.9342
63.04,416.4812
63.05,480.4944
63.06,480.5
63.07,557.349
63.08,429.7232
63.09,638.2844
63.1,378.0582
63.11,365.1028
63.12,454.7362
63.13,416.5148
63.14,442.8886
63.15,388.8778
63.16,426.3004
63.17,445.7324
63.18,599.919
63.19,589.0964
63.2,527.1962
63.21,551.1944
63.22,493.4256
63.23,534.6752
63.24,567.4924
63.25,483.4598
63.26,469.2564
63.27,481.0062
63.28,437.1904
63.29,469.0056
63.3,484.6568
63.31,424.5766
63.32,480.9652
63.33,457.0566
63.34,602.4078
63.35,521.6814
63.36,426.6838
63.37,425.7256
63.38,401.2518
63.39,400.5438
63.4,435.0804
63.41,490.3908
63.42,558.0258
63.43,477.4788
63.44,518.7488
63.45,388.6492
63.46,474.3728
63.47,540.6048
63.48,554.5604
63.49,603.6396
63.5,414.975
63.51,551.738
63.52,608.2568
63.53,427.3862
63.54,531.374
63.55,483.8956
63.56,700.7658
63.57,651.0058
63.58,593.9068
63.59,556.2976
63.6,552.4732
63.61,574.331
63.62,794.636
63.63,759.9712
63.64,602.2618
63.65,655.6788
63.66,804.705
63.67,646.4936
63.68,677.2174
63.69,661.7448
63.7,666.4908
63.71,769.513
63.72,808.3014
63.73,693.5648
63.74,740.704
63.75,731.3264
63.76,784.3014
63.77,774.557
63.78,624.783
63.79,660.3882
63.8,765.1924
63.81,690.9432
63.82,745.6992
63.83,705.1982
63.84,735.7434
63.85,698.3456
63.86,761.3812
63.87,686.3284
63.88,707.0878
63.89,845.8074
63.9,916.5622
63.91,1132.7856
63.92,831.4902
63.93,867.2646
63.94,1006.4582
63.95,859.16
63.96,647.4774
63.97,832.6734
63.98,903.2546
63.99,868.8038
64,738.7708
64.01,1025.1076
64.02,1139.4866
64.03,841.4776
64.04,911.5268
64.05,885.3904
64.06,1051.6102
64.07,1028.3902
64.08,1090.0586
64.09,1171.1432
64.1,945.759
64.11,991.1938
64.12,931.7204
64.13,1111.081
64.14,1118.5372
64.15,1156.619
64.16,935.2724
64.17,999.847
64.18,959.3626
64.19,1108.5252
64.2,1005.8568
64.21,1205.1288
64.22,1201.1082
64.23,1243.4694
64.24,1192.4332
64.25,1176.5984
64.26,1300.248
64.27,1255.95
64.28,1214.623
64.29,1235.4226
64.3,1406.7344
64.31,1541.1916
64.32,1631.514
64.33,1492.8504
64.34,1249.6466
64.35,1092.5158
64.36,1172.9372
64.37,1378.052
64.38,1152.47
64.39,1403.0832
64.4,1409.4014
64.41,1721.7808
64.42,1396.3922
64.43,1413.9436
64.44,1373.8108
64.45,1601.3464
64.46,1445.858
64.47,1560.7728
64.48,1286.5284
64.49,1388.519
64.5,1501.7498
64.51,1402.2128
64.52,1500.296
64.53,1694.8836
64.54,1616.9926
64.55,1535.988
64.56,1770.4982
64.57,1693.7962
64.58,1468.8506
64.59,1698.2094
64.6,1809.9902
64.61,1688.311
64.62,1609.7302
64.63,1903.486
64.64,1806.3618
64.65,1722.9506
64.66,1674.179
64.67,1998.3804
64.68,2225.0228
64.69,2016.9428
64.7,1958.1064
64.71,2079.9296
64.72,1956.147
64.73,1977.2844
64.74,2000.4526
64.75,2029.3094
64.76,1882.7938
64.77,1938.2886
64.78,2492.3694
64.79,2256.9438
64.8,2151.7796
64.81,2808.478
64.82,2627.0658
64.83,2329.8396
64.84,2397.4958
64.85,2592.6414
64.86,2395.1018
64.87,2397.5978
64.88,2599.9294
64.89,2560.13
64.9,2509.828
64.91,2338.343
64.92,2783.6368
64.93,2625.2302
64.94,2689.9814
64.95,2764.2762
64.96,2803.1632
64.97,3005.3674
64.98,2667.4288
64.99,2564.4024
65,2836.1042
65.01,2828.7148
65.02,3057.0082
65.03,3212.0852
65.04,3243.8332
65.05,2905.7162
65.06,3468.7138
65.07,3348.5806
65.08,3540.1172
65.09,4044.5332
65.1,3760.0968
65.11,4094.395
65.12,4051.0462
65.13,4402.4622
65.14,4040.3938
65.15,3412.1384
65.16,3585.5152
65.17,3295.7334
65.18,3675.7532
65.19,3348.2598
65.2,3268.2052
65.21,3383.5694
65.22,3457.3174
65.23,3642.5736
65.24,3437.1688
65.25,3727.118
65.26,3247.5094
65.27,3277.4626
65.28,3451.7396
65.29,3820.3142
65.3,4152.55
65.31,3830.3532
65.32,3959.489
65.33,3594.0352
65.34,3529.9024
65.35,3214.415
65.36,3537.5838
65.37,3563.0692
65.38,3338.7792
65.39,3075.8752
65.4,3224.206
65.41,3512.5394
65.42,3075.8264
65.43,3401.278
65.44,3343.394
65.45,3302.9394
65.46,3344.8318
65.47,3265.9368
65.48,3353.2364
65.49,3432.8138
65.5,3534.3408
65.51,3265.3368
65.52,3520.865
65.53,3059.0936
65.54,3002.427
65.55,3310.4622
65.56,3075.1108
65.57,3274.3676
65.58,2972.0954
65.59,3132.484
65.6,3112.7168
65.61,3145.059
65.62,2990.7992
65.63,2835.4326
65.64,3096.427
65.65,2805.4966
65.66,3062.4666
65.67,3001.8682
65.68,3100.6694
65.69,2928.6228
65.7,2812.5978
65.71,2800.8962
65.72,2906.3294
65.73,2453.9226
65.74,2868.5548
65.75,2539.7848
65.76,2434.0734
65.77,2775.7206
65.78,2689.3226
65.79,2665.4524
65.8,2677.0344
65.81,2441.568
65.82,2310.7056
65.83,2613.7046
65.84,2616.3588
65.85,2326.6606
65.86,2437.5334
65.87,2350.6636
65.88,2085.5966
65.89,2487.6468
65.9,2458.4934
65.91,2310.1082
65.92,2193.924
65.93,2282.6784
65.94,2304.8256
65.95,2499.8434
65.96,2276.639
65.97,2075.964
65.98,2187.528
65.99,2170.906
66,1999.674
66.01,2031.9894
66.02,2316.0354
66.03,2599.4592
66.04,2254.612
66.05,2181.6442
66.06,2401.762
66.07,2291.8074
66.08,2377.6586
66.09,2622.5144
66.1,2554.926
66.11,2408.9986
66.12,2752.988
66.13,2482.2718
66.14,2827.7244
66.15,2452.3966
66.16,2663.3994
66.17,2705.7132
66.18,2858.3282
66.19,2644.8452
66.2,2905.7728
66.21,2729.2942
66.22,2961.9566
66.23,2672.1644
66.24,3063.9266
66.25,2887.4832
66.26,3096.2398
66.27,3089.5862
66.28,2979.8674
66.29,3287.369
66.3,3520.2552
66.31,3425.8484
66.32,3303.3864
66.33,3603.6832
66.34,3522.2326
66.35,3796.4462
66.36,4065.5802
66.37,4101.6968
66.38,3661.4694
66.39,4028.3186
66.4,3884.954
66.41,4231.4942
66.42,4230.1526
66.43,4251.8164
66.44,4437.1964
66.45,4442.0658
66.46,4820.6722
66.47,4801.466
66.48,4556.8066
66.49,4808.8602
66.5,5252.7442
66.51,4850.055
66.52,5657.8588
66.53,5834.629
66.54,5489.6058
66.55,5855.4414
66.56,5452.7694
66.57,5676.519
66.58,6036.5336
66.59,5897.6746
66.6,5821.6406
66.61,6126.5512
66.62,6113.0208
66.63,6225.99
66.64,6057.0458
66.65,6091.0668
66.66,6271.5368
66.67,6464.958
66.68,6755.6088
66.69,6491.8938
66.7,6582.6408
66.71,6420.551
66.72,6044.7978
66.73,6608.9082
66.74,6599.594
66.75,6666.9166
66.76,6320.4712
66.77,6552.7194
66.78,6283.191
66.79,6019.1984
66.8,6563.1226
66.81,6373.8278
66.82,6394.4746
66.83,6026.449
66.84,6194.2302
66.85,6457.4008
66.86,6282.1102
66.87,6416.2566
66.88,6644.7824
66.89,6040.0574
66.9,6035.0228
66.91,5758.8424
66.92,5580.9384
66.93,5601.5308
66.94,5902.465
66.95,5483.4644
66.96,5891.816
66.97,5487.6628
66.98,5205.9978
66.99,5272.8886
67,5293.6254
67.01,5066.6626
67.02,4501.5442
67.03,4243.4248
67.04,4632.9016
67.05,4268.7614
67.06,4322.4236
67.07,3594.1032
67.08,4161.4318
67.09,3954.2904
67.1,3719.6594
67.11,3719.1838
67.12,3367.5506
67.13,3712.9542
67.14,3329.475
67.15,3346.0212
67.16,2813.3654
67.17,2691.9206
67.18,2940.2778
67.19,2800.5042
67.2,2801.8444
67.21,2774.296
67.22,2701.8754
67.23,2204.646
67.24,2212.593
67.25,2321.3372
67.26,2348.941
67.27,2124.1806
67.28,2302.1212
67.29,2026.4744
67.3,1869.3262
67.31,1947.5856
67.32,1954.1234
67.33,1769.3118
67.34,1626.0092
67.35,1914.1988
67.36,2004.2872
67.37,1617.7342
67.38,1738.8092
67.39,1549.043
67.4,1542.3722
67.41,1439.5052
67.42,1326.6632
67.43,1211.3204
67.44,1281.094
67.45,1621.8086
67.46,1576.6664
67.47,1334.1368
67.48,1381.1812
67.49,1450.6472
67.5,1269.0206
67.51,1220.916
67.52,1326.1394
67.53,1270.0846
67.54,1400.6888
67.55,1462.7774
67.56,1646.6546
67.57,1214.9086
67.58,1061.1508
67.59,1346.9688
67.6,1148.608
67.61,1141.9176
67.62,1126.797
67.63,901.5048
67.64,1435.2174
67.65,1328.448
67.66,1366.1136
67.67,989.599
67.68,1009.4938
67.69,1155.5038
67.7,1154.1594
67.71,1259.4446
67.72,1278.9476
67.73,1122.1638
67.74,968.561
67.75,1067.8626
67.76,1249.2938
67.77,1220.7662
67.78,1202.0646
67.79,1072.938
67.8,1317.691
67.81,1219.5344
67.82,1130.312
67.83,1227.298
67.84,1359.3424
67.85,950.5408
67.86,955.9248
67.87,1080.133
67.88,1191.7744
67.89,1000.1658
67.9,1181.5332
67.91,1172.4506
67.92,1118.8204
67.93,1159.4736
67.94,1141.0022
67.95,1315.079
67.96,1365.5246
67.97,1346.3396
67.98,1269.786
67.99,1383.2442
68,1266.5826
68.01,1306.4898
68.02,1236.8524
68.03,1394.6278
68.04,1322.8416
68.05,1656.7524
68.06,1278.2822
68.07,1397.8942
68.08,1579.057
68.09,1280.238
68.1,1389.4376
68.11,1393.3808
68.12,1420.9944
68.13,1489.1934
68.14,1487.7996
68.15,1528.4114
68.16,1312.9626
68.17,1401.9512
68.18,1537.2192
68.19,1702.709
68.2,1780.5836
68.21,1515.6042
68.22,1680.889
68.23,1463.3818
68.24,1726.4412
68.25,1652.2814
68.26,1828.9104
68.27,1565.2052
68.28,1968.5764
68.29,1974.0646
68.3,1832.1456
68.31,1838.1382
68.32,1949.5252
68.33,2057.6346
68.34,2161.5106
68.35,2016.901
68.36,1971.052
68.37,1901.9208
68.38,2161.6094
68.39,2334.7106
68.4,2131.6632
68.41,2152.9134
68.42,2313.3052
68.43,2203.9176
68.44,2703.5774
68.45,2352.1294
68.46,2348.1558
68.47,2689.3556
68.48,2528.7584
68.49,2666.3404
68.5,2240.7976
68.51,2522.4146
68.52,2561.9996
68.53,2542.281
68.54,2441.2086
68.55,2804.6468
68.56,2777.8882
68.57,2670.553
68.58,2462.2098
68.59,2874.9016
68.6,2862.6004
68.61,3225.853
68.62,3087.589
68.63,3404.5384
68.64,2920.1614
68.65,3488.0766
68.66,2989.7812
68.67,2819.1064
68.68,3572.734
68.69,3270.0524
68.7,3238.8648
68.71,3217.8876
68.72,3612.2322
68.73,3361.0248
68.74,3630.5054
68.75,3328.5954
68.76,3616.042
68.77,3487.5102
68.78,3624.6708
68.79,3724.4612
68.8,3643.6356
68.81,4004.2228
68.82,3814.4214
68.83,3304.6452
68.84,3464.639
68.85,4168.0586
68.86,3810.1464
68.87,3486.7648
68.88,4037.7556
68.89,4033.3676
68.9,3942.1582
68.91,3905.179
68.92,3894.3448
68.93,3959.017
68.94,4264.3706
68.95,4052.576
68.96,4154.572
68.97,4080.5074
68.98,3940.2408
68.99,4196.5356
69,4029.382
69.01,4366.3624
69.02,4366.2334
69.03,3945.6514
69.04,4233.9836
69.05,3793.9722
69.06,4185.4928
69.07,4250.1298
69.08,4380.509
69.09,4664.7042
69.1,4643.2116
69.11,4579.6712
69.12,4073.6552
69.13,4226.7936
69.14,4210.7512
69.15,4435.5586
69.16,4404.5854
69.17,3899.25
69.18,4220.3874
69.19,4474.104
69.2,4340.1246
69.21,4431.2964
69.22,4239.974
69.23,4340.4158
69.24,4493.0932
69.25,4191.6492
69.26,4055.8472
69.27,4335.2474
69.28,4015.6804
69.29,4147.8158
69.3,4182.8462
69.31,4385.7638
69.32,4058.7598
69.33,4333.1328
69.34,4629.3234
69.35,4073.265
69.36,4348.0392
69.37,4215.2844
69.38,4152.1036
69.39,4108.9526
69.4,3890.4748
69.41,4066.5686
69.42,3958.7814
69.43,3785.9928
69.44,3747.3474
69.45,3937.1774
69.46,4180.208
69.47,3910.2282
69.48,3468.6218
69.49,3518.8432
69.5,3482.183
69.51,3965.33
69.52,3577.861
69.53,3605.2758
69.54,3656.5376
69.55,4054.5956
69.56,3765.5298
69.57,3543.3554
69.58,3244.6292
69.59,3655.2084
69.6,3648.121
69.61,3305.0594
69.62,3482.3742
69.63,3048.6854
69.64,3140.026
69.65,2843.5004
69.66,3525.5826
69.67,3255.2034
69.68,3281.461
69.69,2886.8248
69.7,2959.0446
69.71,3118.8742
69.72,2810.9522
69.73,3039.5698
69.74,2923.9874
69.75,2676.3062
69.76,2556.455
69.77,2779.6076
69.78,2754.1738
69.79,2528.0036
69.8,2408.8328
69.81,2772.6862
69.82,2450.2222
69.83,2433.872
69.84,2466.4496
69.85,2664.123
69.86,2260.187
69.87,2200.3658
69.88,2393.8766
69.89,2274.6028
69.9,2207.4004
69.91,2174.5604
69.92,2411.7598
69.93,2009.5154
69.94,2039.2608
69.95,1860.644
69.96,1839.8466
69.97,1999.0484
69.98,1738.782
69.99,1785.966
70,1560.9852
70.01,1702.4968
70.02,1752.4764
70.03,1602.6672
70.04,1574.8898
70.05,1551.9382
70.06,1492.085
70.07,1366.739
70.08,1631.0178
70.09,1396.7608
70.1,1345.2316
70.11,1325.983
70.12,1478.4332
70.13,1380.7106
70.14,1297.858
70.15,1220.0676
70.16,1253.155
70.17,1049.8856
70.18,1254.6814
70.19,1364.0262
70.2,1068.4468
70.21,1130.2096
70.22,1379.8518
70.23,1078.5638
70.24,1093.8548
70.25,1112.0836
70.26,1123.8674
70.27,1071.639
70.28,1293.3804
70.29,1030.9898
70.3,841.572
70.31,738.1698
70.32,917.0926
70.33,939.6706
70.34,829.4292
70.35,1000.3344
70.36,892.6148
70.37,961.8164
70.38,889.5218
70.39,819.7672
70.4,1026.9492
70.41,914.9136
70.42,847.3186
70.43,889.5828
70.44,844.233
70.45,735.3068
70.46,695.287
70.47,889.1308
70.48,721.2906
70.49,616.4548
70.5,735.848
70.51,757.5484
70.52,903.4578
70.53,673.793
70.54,770.7036
70.55,660.7656
70.56,702.1934
70.57,672.3826
70.58,644.9712
70.59,745.1712
70.6,626.8268
70.61,418.1072
70.62,594.9922
70.63,576.2814
70.64,652.231
70.65,912.1832
70.66,631.2212
70.67,610.7232
70.68,633.6362
70.69,629.6122
70.7,785.6294
70.71,602.9368
70.72,767.8636
70.73,683.6902
70.74,629.81
70.75,551.4546
70.76,604.808
70.77,577.2136
70.78,679.387
70.79,729.6192
70.8,572.919
70.81,592.654
70.82,626.7322
70.83,615.2536
70.84,634.095
70.85,521.5316
70.86,652.7396
70.87,577.2826
70.88,517.2242
70.89,515.88
70.9,383.7832
70.91,583.5168
70.92,536.0258
70.93,515.0396
70.94,450.166
70.95,410.71
70.96,545.7916
70.97,581.4242
70.98,547.087
70.99,487.1992
71,639.5892
71.01,617.3212
71.02,550.8894
71.03,611.3644
71.04,453.401
71.05,481.4134
71.06,496.769
71.07,476.8406
71.08,419.051
71.09,489.1774
71.1,425.6302
71.11,545.2212
71.12,399.4144
71.13,396.2664
71.14,465.0574
71.15,449.2032
71.16,470.2854
71.17,458.009
71.18,437.7456
71.19,397.3454
71.2,538.8194
71.21,572.9082
71.22,530.0452
71.23,549.7694
71.24,484.0126
71.25,342.8432
71.26,463.4114
71.27,456.407
71.28,417.5396
71.29,457.9898
71.3,420.7744
71.31,435.5326
71.32,441.8676
71.33,443.4138
71.34,530.823
71.35,491.1336
71.36,499.8124
71.37,243.2844
71.38,376.9452
71.39,391.3764
71.4,308.9222
71.41,353.8764
71.42,388.9084
71.43,430.1642
71.44,453.9324
71.45,292.8714
71.46,500.3466
71.47,350.3504
71.48,401.1792
71.49,485.2272
71.5,463.5474
71.51,366.5962
71.52,472.9002
71.53,499.3892
71.54,444.8624
71.55,444.107
71.56,235.6786
71.57,443.0946
71.58,279.5726
71.59,415.6888
71.6,427.9088
71.61,395.579
71.62,383.8598
71.63,451.1266
71.64,485.0622
71.65,345.518
71.66,307.6298
71.67,285.3536
71.68,460.8798
71.69,403.257
71.7,273.9562
71.71,304.3382
71.72,329.7554
71.73,300.4044
71.74,421.1608
71.75,428.555
71.76,356.0496
71.77,405.2886
71.78,535.601
71.79,507.0792
71.8,386.1568
71.81,424.6848
71.82,555.6664
71.83,388.9508
71.84,529.9028
71.85,525.0902
71.86,340.3214
71.87,403.4102
71.88,337.6526
71.89,417.828
71.9,290.3716
71.91,380.6482
71.92,408.7294
71.93,410.0918
71.94,441.8306
71.95,450.6884
71.96,454.067
71.97,508.0138
71.98,359.0278
71.99,289.582
72,461.6586
72.01,506.8576
72.02,433.88
72.03,340.6274
72.04,417.8072
72.05,375.949
72.06,591.4294
72.07,403.4318
72.08,408.296
72.09,400.7642
72.1,457.7558
72.11,336.4358
72.12,402.7656
72.13,437.1852
72.14,509.9664
72.15,464.7452
72.16,351.2354
72.17,388.3384
72.18,447.6476
72.19,387.5696
72.2,356.5056
72.21,391.3648
72.22,562.5406
72.23,425.803
72.24,412.9094
72.25,437.092
72.26,565.6688
72.27,335.5994
72.28,388.0172
72.29,496.6904
72.3,524.5364
72.31,436.5494
72.32,502.9312
72.33,430.3148
72.34,423.7446
72.35,424.9028
72.36,433.1422
72.37,556.5786
72.38,495.5126
72.39,475.8032
72.4,487.5846
72.41,469.4286
72.42,373.039
72.43,422.718
72.44,432.5306
72.45,282.286
72.46,469.9034
72.47,443.9704
72.48,413.3318
72.49,334.946
72.5,400.553
72.51,410.3408
72.52,378.375
72.53,493.9116
72.54,442.7958
72.55,541.8202
72.56,461.9914
72.57,438.8406
72.58,455.3634
72.59,455.7492
72.6,550.8476
72.61,581.8538
72.62,373.4428
72.63,461.2174
72.64,469.8048
72.65,394.1178
72.66,374.0586
72.67,493.1492
72.68,387.8784
72.69,557.236
72.7,415.0144
72.71,614.915
72.72,520.1822
72.73,474.655
72.74,592.2332
72.75,563.1808
72.76,443.4678
72.77,448.4898
72.78,416.3878
72.79,456.0148
72.8,450.3234
72.81,465.2268
72.82,553.2238
72.83,556.1582
72.84,629.019
72.85,604.1802
72.86,772.8704
72.87,599.702
72.88,581.8864
72.89,560.7558
72.9,645.1434
72.91,707.5994
72.92,645.5568
72.93,440.1894
72.94,674
72.95,611.4444
72.96,735.8764
72.97,781.5404
72.98,696.8404
72.99,647.7158
73,906.054
73.01,819.8146
73.02,730.9012
73.03,928.8704
73.04,702.7902
73.05,794.3012
73.06,665.929
73.07,911.8876
73.08,828.972
73.09,865.8788
73.1,960.7664
73.11,939.8638
73.12,828.2602
73.13,836.2322
73.14,911.7824
73.15,842.1366
73.16,1023.6762
73.17,974.6424
73.18,990.3154
73.19,930.9324
73.2,1095.8594
73.21,1070.791
73.22,1288.8964
73.23,1152.5058
73.24,1059.3554
73.25,1065.8188
73.26,1430.8022
73.27,1346.873
73.28,1289.701
73.29,1149.9596
73.3,1430.4812
73.31,1278.6786
73.32,1285.5538
73.33,1449.9364
73.34,1662.4048
73.35,1674.5872
73.36,1525.5752
73.37,1475.8264
73.38,1645.3842
73.39,1308.0822
73.4,1622.4032
73.41,1666.495
73.42,1651.8314
73.43,1773.0804
73.44,1878.7396
73.45,1669.0184
73.46,1882.435
73.47,1484.0898
73.48,1600.8062
73.49,1749.5314
73.5,2046.4126
73.51,1870.2014
73.52,2064.944
73.53,2163.9138
73.54,1750.348
73.55,1953.2628
73.56,2134.0958
73.57,1959.6516
73.58,2140.1096
73.59,2178.6476
73.6,2227.7168
73.61,2254.942
73.62,2443.9894
73.63,2181.8762
73.64,2390.708
73.65,2411.2682
73.66,2565.989
73.67,2153.3268
73.68,2265.634
73.69,2569.721
73.7,2482.5502
73.71,2320.1342
73.72,2261.3548
73.73,2427.8872
73.74,2168.936
73.75,2281.395
73.76,2042.4136
73.77,2194.7528
73.78,2329.0326
73.79,2142.9806
73.8,2407.2056
73.81,2321.5566
73.82,2317.1516
73.83,2600.0048
73.84,2459.8666
73.85,2244.2544
73.86,2226.7354
73.87,2218.7146
73.88,2309.1256
73.89,2279.5816
73.9,2542.7896
73.91,2392.0316
73.92,2477.6884
73.93,2048.6552
73.94,2322.0624
73.95,2306.5648
73.96,2274.0386
73.97,2198.896
73.98,2199.7746
73.99,2404.87
74,2228.0252
74.01,1819.5826
74.02,2135.8368
74.03,1815.8296
74.04,2334.3908
74.05,2069.2566
74.06,2151.5244
74.07,2203.305
74.08,2039.8122
74.09,2235.3038
74.1,2110.5226
74.11,1900.479
74.12,1691.1188
74.13,1902.4908
74.14,2131.6456
74.15,1824.2364
74.16,2119.5472
74.17,1980.6956
74.18,1756.8322
74.19,1779.3088
74.2,1682.5456
74.21,1611.7006
74.22,1840.2002
74.23,1403.7988
74.24,1345.3888
74.25,1454.3032
74.26,1585.0242
74.27,1528.586
74.28,1390.6292
74.29,1286.859
74.3,1375.674
74.31,1272.7186
74.32,1174.4724
74.33,1301.6616
74.34,1114.6486
74.35,1120.1286
74.36,1141.8998
74.37,1163.0898
74.38,1316.1908
74.39,933.5764
74.4,896.9554
74.41,1057.4384
74.42,1070.7838
74.43,1096.0802
74.44,882.1854
74.45,815.6558
74.46,987.0716
74.47,928.7132
74.48,762.604
74.49,1030.0082
74.5,854.6028
74.51,766.8822
74.52,841.0374
74.53,790.4646
74.54,928.4238
74.55,749.0858
74.56,593.0426
74.57,592.7464
74.58,753.0066
74.59,673.903
74.6,549.274
74.61,716.7344
74.62,658.4746
74.63,578.1572
74.64,662.2356
74.65,749.263
74.66,574.4828
74.67,636.3938
74.68,553.5428
74.69,527.2414
74.7,679.5982
74.71,650.214
74.72,620.0782
74.73,833.1936
74.74,622.8926
74.75,555.3008
74.76,528.9338
74.77,427.0914
74.78,502.5764
74.79,476.333
74.8,460.3232
74.81,490.5908
74.82,481.3396
74.83,442.5908
74.84,614.7874
74.85,571.6296
74.86,420.4646
74.87,347.8656
74.88,519.7392
74.89,463.1858
74.9,476.2028
74.91,437.8522
74.92,428.0614
74.93,489.5072
74.94,498.8062
74.95,537.5474
74.96,409.626
74.97,415.3876
74.98,403.5844
74.99,397.4752
75,485.107
75.01,397.6168
75.02,446.7742
75.03,371.7646
75.04,331.6676
75.05,430.5096
75.06,306.5894
75.07,416.447
75.08,402.885
75.09,364.1962
75.1,303.1378
75.11,387.742
75.12,385.6192
75.13,357.8882
75.14,552.334
75.15,435.4502
75.16,423.1038
75.17,288.342
75.18,302.9716
75.19,286.092
75.2,400.5802
75.21,406.6598
75.22,278.2074
75.23,321.3944
75.24,252.401
75.25,296.1008
75.26,251.628
75.27,340.0818
75.28,333.6066
75.29,398.315
75.3,399.4928
75.31,300.668
75.32,359.756
75.33,457.4602
75.34,300.121
75.35,377.4556
75.36,275.4168
75.37,370.5332
75.38,310.6528
75.39,350.7856
75.4,468.4128
75.41,349.834
75.42,308.317
75.43,251.6128
75.44,334.2012
75.45,409.2002
75.46,378.4542
75.47,374.875
75.48,412.7848
75.49,227.6598
75.5,327.8268
75.51,323.906
75.52,277.482
75.53,333.7522
75.54,300.6668
75.55,221.4486
75.56,197.8274
75.57,434.3914
75.58,482.7622
75.59,361.9626
75.6,270.3242
75.61,393.7824
75.62,347.407
75.63,322.6388
75.64,260.6718
75.65,167.88
75.66,273.5754
75.67,306.133
75.68,261.4146
75.69,274.1396
75.7,379.8888
75.71,219.0746
75.72,346.035
75.73,320.2424
75.74,333.5008
75.75,331.2642
75.76,356.6642
75.77,242.0308
75.78,268.2092
75.79,251.1458
75.8,273.9172
75.81,214.919
75.82,290.9864
75.83,327.886
75.84,325.6582
75.85,382.4954
75.86,261.0516
75.87,263.4542
75.88,247.3616
75.89,338.6246
75.9,419.157
75.91,295.9656
75.92,263.2744
75.93,303.4272
75.94,352.158
75.95,331.4648
75.96,355.5596
75.97,321.081
75.98,275.9594
75.99,311.7738
76,168.759
76.01,300.4182
76.02,317.3134
76.03,251.921
76.04,282.1494
76.05,463.503
76.06,363.9604
76.07,314.6318
76.08,357.1218
76.09,314.0632
76.1,333.7518
76.11,413.4316
76.12,306.0048
76.13,179.7382
76.14,208.5258
76.15,270.2964
76.16,361.6646
76.17,228.2918
76.18,248.892
76.19,318.5276
76.2,331.0288
76.21,293.8688
76.22,227.8774
76.23,179.981
76.24,292.1302
76.25,325.2392
76.26,198.0276
76.27,221.1534
76.28,316.5876
76.29,296.9118
76.3,322.0654
76.31,202.9716
76.32,376.8448
76.33,266.1868
76.34,259.5354
76.35,345.5384
76.36,165.1796
76.37,338.3148
76.38,299.5476
76.39,282.8352
76.4,211.4868
76.41,420.255
76.42,392.2078
76.43,300.3566
76.44,281.8066
76.45,177.9748
76.46,306.219
76.47,361.5522
76.48,346.5284
76.49,370.3566
76.5,408.9468
76.51,228.3506
76.52,268.897
76.53,317.9794
76.54,307.8232
76.55,412.1024
76.56,399.299
76.57,307.4276
76.58,281.3112
76.59,412.1592
76.6,279.8344
76.61,293.4724
76.62,254.0804
76.63,328.666
76.64,352.4798
76.65,313.518
76.66,275.6892
76.67,282.2536
76.68,323.4334
76.69,368.3326
76.7,323.2266
76.71,307.7676
76.72,255.085
76.73,230.6274
76.74,287.6158
76.75,336.0824
76.76,397.0948
76.77,346.6906
76.78,308.311
76.79,361.0182
76.8,332.8834
76.81,323.4154
76.82,317.2498
76.83,269.5246
76.84,348.4586
76.85,326.554
76.86,480.8002
76.87,319.77
76.88,414.1624
76.89,415.6644
76.9,369.8936
76.91,387.6964
76.92,361.5958
76.93,393.1204
76.94,352.7978
76.95,370.9592
76.96,272.603
76.97,320.5432
76.98,233.7708
76.99,388.2822
77,359.0296
77.01,379.4446
77.02,316.117
77.03,415.4336
77.04,357.795
77.05,271.1506
77.06,301.718
77.07,352.3226
77.08,282.4276
77.09,305.8898
77.1,219.2802
77.11,325.865
77.12,309.4772
77.13,289.32
77.14,318.2286
77.15,420.1356
77.16,282.0472
77.17,358.9006
77.18,371.7414
77.19,303.1056
77.2,282.619
77.21,420.8058
77.22,379.998
77.23,313.3942
77.24,275.7204
77.25,320.384
77.26,442.5162
77.27,353.07
77.28,370.348
77.29,445.0154
77.3,408.7436
77.31,391.5908
77.32,334.3092
77.33,354.7936
77.34,436.7954
77.35,446.4674
77.36,309.7538
77.37,342.8818
77.38,273.9564
77.39,322.0796
77.4,340.0758
77.41,459.836
77.42,312.1462
77.43,439.56
77.44,385.2952
77.45,331.5376
77.46,229.9052
77.47,326.6294
77.48,499.641
77.49,482.3478
77.5,362.5698
77.51,375.8456
77.52,236.171
77.53,323.1114
77.54,328.943
77.55,270.8898
77.56,453.934
77.57,318.1254
77.58,277.4954
77.59,339.0738
77.6,378.4308
77.61,304.9776
77.62,355.8376
77.63,406.8046
77.64,232.1128
77.65,357.6298
77.66,312.9758
77.67,253.6742
77.68,288.8732
77.69,263.982
77.7,362.544
77.71,347.3662
77.72,293.3132
77.73,271.7464
77.74,361.4398
77.75,307.938
77.76,271.9706
77.77,326.9612
77.78,371.8898
77.79,310.414
77.8,447.5288
77.81,447.3354
77.82,287.5868
77.83,290.4322
77.84,324.6986
77.85,276.3816
77.86,323.2062
77.87,315.1738
77.88,336.7274
77.89,268.469
77.9,295.67
77.91,314.1562
77.92,364.1042
77.93,320.1502
77.94,225.8412
77.95,267.2398
77.96,335.6128
77.97,305.0632
77.98,275.0914
77.99,269.6064
78,266.6664
78.01,383.5728
78.02,252.4068
78.03,210.8986
78.04,315.3234
78.05,259.2296
78.06,230.8796
78.07,226.1152
78.08,236.2864
78.09,271.9292
78.1,256.6826
78.11,344.9734
78.12,300.9084
78.13,370.8254
78.14,292.2374
78.15,186.3302
78.16,213.0518
78.17,270.7284
78.18,282.2902
78.19,225.8076
78.2,360.7454
78.21,239.2206
78.22,203.971
78.23,296.837
78.24,326.2338
78.25,244.2116
78.26,348.9456
78.27,238.7956
78.28,250.4156
78.29,219.5466
78.3,213.6166
78.31,282.6888
78.32,278.1284
78.33,200.0466
78.34,300.3648
78.35,215.549
78.36,182.9062
78.37,163.8536
78.38,255.4082
78.39,330.3244
78.4,261.5528
78.41,248.0628
78.42,254.5702
78.43,224.4524
78.44,288.5926
78.45,274.8782
78.46,250.8506
78.47,254.4554
78.48,276.826
78.49,273.7564
78.5,222.0986
78.51,227.8824
78.52,240.8036
78.53,210.701
78.54,265.8272
78.55,239.2636
78.56,244.1242
78.57,187.6028
78.58,198.2232
78.59,264.2996
78.6,254.2738
78.61,220.5232
78.62,281.7804
78.63,194.3022
78.64,200.4584
78.65,289.515
78.66,304.456
78.67,278.6204
78.68,245.9934
78.69,278.0894
78.7,319.7362
78.71,297.8266
78.72,241.2342
78.73,260.2026
78.74,315.5536
78.75,312.7606
78.76,293.504
78.77,210.137
78.78,230.1054
78.79,301.5798
78.8,274.2908
78.81,228.4028
78.82,202.5614
78.83,222.3986
78.84,256.0272
78.85,245.794
78.86,250.1196
78.87,341.958
78.88,315.8952
78.89,250.7484
78.9,240.0554
78.91,353.7026
78.92,407.9134
78.93,188.116
78.94,220.5198
78.95,333.8558
78.96,223.9854
78.97,322.074
78.98,401.3436
78.99,184.0796
79,257.9662
79.01,258.7376
79.02,222.9446
79.03,154.7466
79.04,254.1678
79.05,264.0898
79.06,261.317
79.07,367.9822
79.08,253.5212
79.09,191.5486
79.1,177.4426
79.11,203.7768
79.12,299.0726
79.13,290.8534
79.14,338.3668
79.15,314.146
79.16,209.066
79.17,236.3948
79.18,240.3286
79.19,317.522
79.2,212.6456
79.21,287.7862
79.22,314.66
79.23,312.3198
79.24,314.395
79.25,224.8564
79.26,253.9736
79.27,258.9874
79.28,203.2096
79.29,271.2264
79.3,262.8
79.31,314.54
79.32,325.9988
79.33,255.59
79.34,243.9196
79.35,255.5614
79.36,208.2108
79.37,204.667
79.38,277.7274
79.39,281.8688
79.4,293.1394
79.41,286.7058
79.42,291.0354
79.43,225.9366
79.44,192.959
79.45,215.0826
79.46,232.5186
79.47,248.7042
79.48,336.7914
79.49,310.459
79.5,289.9304
79.51,248.8606
79.52,269.2656
79.53,215.685
79.54,332.2578
79.55,338.5486
79.56,249.03
79.57,198.4234
79.58,162.6496
79.59,211.439
79.6,281.1398
79.61,303.0036
79.62,234.1948
79.63,177.2592
79.64,194.7714
79.65,294.3384
79.66,306.193
79.67,334.3174
79.68,208.7714
79.69,249.632
79.7,317.3322
79.71,271.2572
79.72,351.9826
79.73,390.2976
79.74,309.3282
79.75,170.3064
79.76,225.056
79.77,189.4688
79.78,232.0654
79.79,195.8272
79.8,193.1216
79.81,297.7224
79.82,255.5964
79.83,376.3542
79.84,320.9206
79.85,188.027
79.86,200.1416
79.87,304.1388
79.88,331.6728
79.89,239.8152
79.9,245.326
79.91,225.1884
79.92,241.8478
79.93,348.5534
79.94,302.9328
79.95,294.2534
79.96,307.4126
79.97,299.4766
79.98,352.0434
79.99,224.583
80,229.6322
80.01,279.8742
80.02,290.492
80.03,242.123
80.04,276.6952
80.05,443.5104
80.06,272.5922
80.07,318.084
80.08,311.6822
80.09,318.506
80.1,206.1662
80.11,312.463
80.12,193.4144
80.13,256.6824
80.14,349.6434
80.15,265.0646
80.16,281.1568
80.17,214.6688
80.18,340.1382
80.19,289.2782
80.2,366.3348
80.21,390.0084
80.22,332.5506
80.23,263.7522
80.24,298.3812
80.25,276.305
80.26,338.5258
80.27,360.8668
80.28,363.8196
80.29,301.7174
80.3,325.3098
80.31,336.8762
80.32,300.3986
80.33,283.8498
80.34,214.348
80.35,348.3222
80.36,322.7306
80.37,269.9714
80.38,297.1388
80.39,345.592
80.4,250.82
80.41,287.5954
80.42,283.4534
80.43,308.0268
80.44,257.0768
80.45,358.4776
80.46,332.7258
80.47,417.8082
80.48,357.0886
80.49,285.2582
80.5,346.9412
80.51,375.4544
80.52,316.7406
80.53,310.777
80.54,310.816
80.55,307.7562
80.56,252.0196
80.57,434.5034
80.58,401.3212
80.59,474.2376
80.6,265.5578
80.61,326.2584
80.62,226.7308
80.63,258.5074
80.64,321.1062
80.65,360.845
80.66,281.4058
80.67,289.9814
80.68,350.9668
80.69,393.9792
80.7,319.43
80.71,329.414
80.72,372.4988
80.73,302.349
80.74,280.9234
80.75,345.5556
80.76,424.7494
80.77,381.9514
80.78,243.2012
80.79,366.4396
80.8,386.7524
80.81,469.02
80.82,375.5488
80.83,406.1808
80.84,353.727
80.85,303.5564
80.86,409.4354
80.87,456.2608
80.88,457.1672
80.89,388.3974
80.9,389.9778
80.91,489.5066
80.92,477.8168
80.93,247.6604
80.94,486.7084
80.95,464.2392
80.96,443.814
80.97,342.8946
80.98,468.149
80.99,552.3794
81,446.8434
81.01,367.551
81.02,399.0258
81.03,375.8824
81.04,407.0792
81.05,542.064
81.06,512.753
81.07,474.6262
81.08,419.346
81.09,498.2092
81.1,550.57
81.11,374.8228
81.12,462.5446
81.13,484.2984
81.14,473.8906
81.15,494.4566
81.16,637.3276
81.17,369.5458
81.18,491.926
81.19,442.4114
81.2,532.156
81.21,466.017
81.22,451.2792
81.23,452.996
81.24,451.2774
81.25,559.2376
81.26,506.838
81.27,489.7398
81.28,518.0142
81.29,539.2548
81.3,655.4754
81.31,598.9558
81.32,612.5224
81.33,453.5272
81.34,373.2712
81.35,386.125
81.36,578.6044
81.37,427.239
81.38,701.4708
81.39,538.7884
81.4,511.4176
81.41,581.2302
81.42,566.7808
81.43,634.3878
81.44,536.67
81.45,480.9332
81.46,594.2248
81.47,623.8824
81.48,732.4528
81.49,608.8706
81.5,611.5948
81.51,657.4286
81.52,759.659
81.53,561.5076
81.54,493.6794
81.55,752.7992
81.56,698.5364
81.57,549.024
81.58,622.0266
81.59,591.7958
81.6,594.3026
81.61,809.2268
81.62,581.836
81.63,619.8802
81.64,464.7828
81.65,524.28
81.66,713.8158
81.67,663.7828
81.68,721.576
81.69,654.474
81.7,553.6314
81.71,772.6446
81.72,759.5296
81.73,715.972
81.74,934.1096
81.75,611.691
81.76,788.1286
81.77,705.974
81.78,740.6202
81.79,732.6522
81.8,664.3226
81.81,580.7108
81.82,658.2972
81.83,663.5608
81.84,609.0144
81.85,580.8782
81.86,748.3834
81.87,607.039
81.88,704.3916
81.89,651.7868
81.9,850.335
81.91,792.3038
81.92,806.9112
81.93,764.4456
81.94,849.1536
81.95,836.0558
81.96,721.1728
81.97,750.4342
81.98,843.7526
81.99,790.9786
82,817.6556
82.01,799.0062
82.02,727.068
82.03,736.3356
82.04,742.1142
82.05,594.5172
82.06,909.3584
82.07,864.504
82.08,1010.4724
82.09,922.053
82.1,1003.0314
82.11,743.6136
82.12,783.9436
82.13,925.0012
82.14,948.635
82.15,928.4614
82.16,859.8994
82.17,813.112
82.18,1079.251
82.19,867.2808
82.2,890.6562
82.21,896.9098
82.22,1104.2932
82.23,1044.036
82.24,885.4768
82.25,1013.9786
82.26,1021.5126
82.27,1133.0852
82.28,983.823
82.29,994.9324
82.3,1022.422
82.31,1090.8408
82.32,952.5114
82.33,1034.6102
82.34,1125.1768
82.35,906.257
82.36,993.8448
82.37,1158.035
82.38,1015.1388
82.39,887.3234
82.4,1107.4462
82.41,1236.8846
82.42,1111.2052
82.43,1107.5948
82.44,1145.7842
82.45,1104.4552
82.46,1214.6452
82.47,1369.3322
82.48,990.5464
82.49,1238.1712
82.5,1301.5518
82.51,1225.7126
82.52,1120.9082
82.53,1457.9396
82.54,1124.441
82.55,1192.1948
82.56,1276.6472
82.57,1414.5168
82.58,1488.1936
82.59,1216.9232
82.6,1448.991
82.61,1449.8728
82.62,1432.1042
82.63,1461.2118
82.64,1649.7846
82.65,1416.4036
82.66,1471.3872
82.67,1435.7086
82.68,1598.7934
82.69,1632.6362
82.7,1879.3748
82.71,1635.2564
82.72,1577.7762
82.73,1323.9154
82.74,1707.4184
82.75,1352.8292
82.76,1468.9416
82.77,1608.9778
82.78,1545.161
82.79,1724.6428
82.8,1797.976
82.81,1880.7242
82.82,1780.8178
82.83,1896.0942
82.84,2051.9892
82.85,2101.3948
82.86,1852.0984
82.87,2059.4366
82.88,2368.0034
82.89,2290.594
82.9,2134.927
82.91,2063.463
82.92,1978.3434
82.93,2515.6804
82.94,1990.279
82.95,2151.1208
82.96,2119.9426
82.97,2068.0244
82.98,2081.6018
82.99,2513.2094
83,2339.607
83.01,2209.4022
83.02,2281.2994
83.03,2295.1382
83.04,2679.578
83.05,2591.5268
83.06,2383.3364
83.07,2751.406
83.08,2482.1904
83.09,2568.9184
83.1,2597.8752
83.11,2623.6478
83.12,2502.243
83.13,2699.5658
83.14,2597.9528
83.15,2645.7566
83.16,2630.0894
83.17,2597.4474
83.18,2496.9954
83.19,2520.6088
83.2,2712.4886
83.21,2362.5174
83.22,2410.1902
83.23,2497.126
83.24,2465.3046
83.25,2846.3952
83.26,2618.7254
83.27,2251.5622
83.28,2626.7706
83.29,2802.54
83.3,2689.7026
83.31,2679.8314
83.32,2550.8968
83.33,2556.5954
83.34,2340.6938
83.35,2816.0778
83.36,2706.5278
83.37,2855.3808
83.38,2879.092
83.39,2564.1514
83.4,2756.2918
83.41,2668.5468
83.42,2605.6722
83.43,2746.4926
83.44,2620.6346
83.45,2898.3712
83.46,2608.715
83.47,2580.5706
83.48,2530.8946
83.49,2440.6488
83.5,2479.1008
83.51,2493.4038
83.52,2491.6506
83.53,2558.8404
83.54,2554.7312
83.55,2454.2902
83.56,2381.1644
83.57,2299.1514
83.58,2105.5736
83.59,2378.7842
83.6,2144.5128
83.61,1973.527
83.62,2081.8086
83.63,2223.3226
83.64,1970.715
83.65,1942.6308
83.66,2293.799
83.67,2065.919
83.68,1841.8054
83.69,1880.4768
83.7,2181.08
83.71,1914.0556
83.72,1791.8166
83.73,1813.58
83.74,1771.2672
83.75,1748.795
83.76,1672.2424
83.77,1515.7792
83.78,1571.5698
83.79,1631.3846
83.8,1449.3616
83.81,1323.4574
83.82,1514.8402
83.83,1594.0074
83.84,1518.5422
83.85,1325.9994
83.86,1439.7034
83.87,1325.659
83.88,1381.763
83.89,1159.1824
83.9,918.4088
83.91,1201.6668
83.92,1063.2174
83.93,1224.429
83.94,1317.6748
83.95,1091.588
83.96,1182.4966
83.97,1109.693
83.98,1093.7726
83.99,1111.6548
84,1098.6804
84.01,941.7076
84.02,1069.2394
84.03,1143.3568
84.04,1041.2814
84.05,946.5176
84.06,936.691
84.07,1028.8082
84.08,1120.3392
84.09,1023.8664
84.1,989.6738
84.11,939.225
84.12,981.5594
84.13,936.6616
84.14,952.4832
84.15,697.9672
84.16,1000.3114
84.17,822.1208
84.18,754.18
84.19,968.9272
84.2,794.1636
84.21,849.5786
84.22,738.1062
84.23,787.6532
84.24,837.5288
84.25,763.52
84.26,806.5194
84.27,737.3184
84.28,796.2744
84.29,752.9274
84.3,786.8268
84.31,943.1366
84.32,912.1256
84.33,605.5116
84.34,561.5378
84.35,557.6818
84.36,605.4292
84.37,620.409
84.38,804.7098
84.39,885.9792
84.4,730.9192
84.41,710.4952
84.42,977.087
84.43,784.966
84.44,804.1828
84.45,724.8462
84.46,880.7732
84.47,879.5966
84.48,660.1322
84.49,936.1618
84.5,1007.0426
84.51,868.5734
84.52,866.6384
84.53,878.221
84.54,866.5156
84.55,930.5972
84.56,801.2476
84.57,823.291
84.58,752.0488
84.59,843.196
84.6,736.163
84.61,944.1612
84.62,767.8336
84.63,909.3274
84.64,806.8846
84.65,569.1024
84.66,826.9232
84.67,683.9608
84.68,667.1944
84.69,806.2248
84.7,769.3204
84.71,675.2946
84.72,750.5794
84.73,798.8198
84.74,683.3804
84.75,850.7638
84.76,882.3394
84.77,761.8318
84.78,809.482
84.79,672.491
84.8,884.3448
84.81,902.87
84.82,745.6154
84.83,784.7228
84.84,838.542
84.85,741.5572
84.86,714.2226
84.87,685.0722
84.88,659.15
84.89,772.1422
84.9,711.6614
84.91,743.6942
84.92,776.1732
84.93,687.5494
84.94,732.7932
84.95,734.7226
84.96,622.953
84.97,930.8588
84.98,680.0154
84.99,641.5564
85,748.0018
85.01,862.4782
85.02,756.1656
85.03,890.5086
85.04,921.6486
85.05,604.8088
85.06,719.1288
85.07,885.277
85.08,805.941
85.09,570.9128
85.1,836.1786
85.11,906.513
85.12,820.7558
85.13,919.773
85.14,838.5962
85.15,652.7254
85.16,790.4432
85.17,872.7408
85.18,951.3744
85.19,1030.5922
85.2,857.8654
85.21,901.4962
85.22,691.9454
85.23,834.5142
85.24,754.099
85.25,859.2874
85.26,705.8338
85.27,680.6512
85.28,820.6616
85.29,792.2144
85.3,791.5444
85.31,752.1866
85.32,689.1184
85.33,702.4426
85.34,827.8552
85.35,643.0958
85.36,874.4552
85.37,769.8996
85.38,855.216
85.39,882.2756
85.4,840.2674
85.41,927.591
85.42,798.8586
85.43,888.5944
85.44,887.2364
85.45,666.034
85.46,958.4424
85.47,927.5302
85.48,690.4074
85.49,872.2808
85.5,869.2286
85.51,902.4816
85.52,969.2834
85.53,1006.0136
85.54,1008.5288
85.55,961.0586
85.56,889.3298
85.57,831.4404
85.58,835.2874
85.59,1015.1614
85.6,846.3436
85.61,830.8908
85.62,1036.0462
85.63,1015.9262
85.64,1096.0732
85.65,865.3464
85.66,908.5458
85.67,978.6132
85.68,1017.975
85.69,1073.7864
85.7,1055.334
85.71,1174.114
85.72,846.9742
85.73,982.3494
85.74,902.5908
85.75,1053.8096
85.76,813.2716
85.77,916.8984
85.78,853.9398
85.79,905.5294
85.8,1025.562
85.81,885.8914
85.82,1080.1554
85.83,1142.0608
85.84,1232.1454
85.85,902.3862
85.86,928.9196
85.87,813.0556
85.88,1019.9156
85.89,989.1582
85.9,1126.006
85.91,1046.5264
85.92,1096.4798
85.93,1067.5916
85.94,1102.742
85.95,915.5214
85.96,1105.3618
85.97,1119.9828
85.98,1294.3104
85.99,1239.1268
86,1138.2234
86.01,1292.7622
86.02,1086.3096
86.03,1064.626
86.04,1243.0252
86.05,1071.5326
86.06,1343.4286
86.07,1310.1268
86.08,1214.6838
86.09,1131.6808
86.1,1251.4788
86.11,1094.4156
86.12,1370.9634
86.13,1058.1154
86.14,1119.8928
86.15,949.6722
86.16,1115.913
86.17,1293.9948
86.18,1286.5212
86.19,1163.0082
86.2,1232.23
86.21,1255.905
86.22,1041.4404
86.23,1420.798
86.24,979.5068
86.25,1113.012
86.26,1182.962
86.27,1458.847
86.28,1531.5584
86.29,1330.1742
86.3,1344.5912
86.31,1175.749
86.32,1087.7214
86.33,1201.7312
86.34,1145.5548
86.35,1517.7622
86.36,1460.5134
86.37,1256.9212
86.38,1441.1644
86.39,1354.594
86.4,1469.529
86.41,1384.8698
86.42,1377.4998
86.43,1313.7122
86.44,1338.0498
86.45,1248.613
86.46,1253.2526
86.47,1233.4452
86.48,1261.3574
86.49,1336.986
86.5,1403.211
86.51,1590.502
86.52,1333.4754
86.53,1474.1586
86.54,1642.6716
86.55,1260.9294
86.56,1298.8656
86.57,1556.1222
86.58,1185.0136
86.59,1465.403
86.6,1367.432
86.61,1395.4284
86.62,1544.7898
86.63,1327.4874
86.64,1513.215
86.65,1290.5926
86.66,1421.5662
86.67,1251.282
86.68,1385.6938
86.69,1258.708
86.7,1474.387
86.71,1332.6794
86.72,1539.1986
86.73,1680.6438
86.74,1599.3664
86.75,1381.122
86.76,1392.0984
86.77,1454.3572
86.78,1451.3224
86.79,1510.5258
86.8,1461.8266
86.81,1424.48
86.82,1514.2064
86.83,1421.4682
86.84,1654.638
86.85,1616.188
86.86,1472.7826
86.87,1483.7252
86.88,1554.5958
86.89,1409.158
86.9,1673.918
86.91,1726.3448
86.92,1611.7382
86.93,1754.3548
86.94,1522.9518
86.95,1599.7728
86.96,1647.5256
86.97,1599.1488
86.98,1853.4666
86.99,1621.656
87,1729.9202
87.01,1910.8618
87.02,1840.9554
87.03,1919.5076
87.04,1864.8048
87.05,1828.9804
87.06,1678.2626
87.07,1705.5402
87.08,1979.6886
87.09,1780.0228
87.1,1678.7458
87.11,2030.879
87.12,2009.4666
87.13,2158.6438
87.14,2137.3764
87.15,2000.1642
87.16,1837.8272
87.17,2171.6678
87.18,2260.9726
87.19,2053.9494
87.2,1920.2272
87.21,2150.3928
87.22,2022.0302
87.23,2142.1444
87.24,1856.1746
87.25,2274.0946
87.26,2132.9158
87.27,2342.1654
87.28,2189.0576
87.29,1896.286
87.3,2367.1398
87.31,2576.3294
87.32,2179.4918
87.33,2146.4902
87.34,2148.2004
87.35,2409.7116
87.36,2050.4816
87.37,2397.7796
87.38,2724.2472
87.39,2694.738
87.4,2344.7852
87.41,2500.9058
87.42,2479.4232
87.43,2599.7338
87.44,2636.2796
87.45,2541.6702
87.46,2273.6264
87.47,2310.9284
87.48,2653.1184
87.49,2582.511
87.5,2303.9218
87.51,2716.6482
87.52,2556.5444
87.53,2563.5328
87.54,2506.742
87.55,2442.9082
87.56,2760.9838
87.57,2668.721
87.58,2271.2554
87.59,2402.1864
87.6,2291.9306
87.61,2526.5014
87.62,2329.7954
87.63,2336.0564
87.64,2436.3596
87.65,2383.2398
87.66,2369.1572
87.67,2396.3078
87.68,2247.6902
87.69,2444.0498
87.7,2287.9946
87.71,2412.2098
87.72,2487.5236
87.73,2379.4812
87.74,2208.5558
87.75,2515.4084
87.76,2316.5538
87.77,2094.9536
87.78,2164.0756
87.79,2079.7306
87.8,2041.4136
87.81,2219.9862
87.82,1927.749
87.83,1857.306
87.84,1982.5542
87.85,2220.1292
87.86,1961.8788
87.87,2087.7732
87.88,1933.4866
87.89,1988.038
87.9,1891.5264
87.91,1992.9152
87.92,1744.8742
87.93,1746.1228
87.94,1581.1552
87.95,1635.834
87.96,1629.9244
87.97,1701.4038
87.98,1400.5426
87.99,1364.3
88,1456.2378
88.01,1702.5612
88.02,1600.6414
88.03,1482.125
88.04,1275.8376
88.05,1278.7234
88.06,1456.8358
88.07,1475.9736
88.08,1333.1256
88.09,1335.3344
88.1,1106.5556
88.11,1429.0098
88.12,1321.6338
88.13,971.5542
88.14,1218.1502
88.15,1064.5444
88.16,1208.3398
88.17,1294.3746
88.18,1066.3686
88.19,1027.6268
88.2,1093.0158
88.21,1148.1572
88.22,1260.3572
88.23,973.7016
88.24,1221.7854
88.25,779.4184
88.26,989.9306
88.27,827.8416
88.28,845.1324
88.29,981.3452
88.3,781.1724
88.31,957.1994
88.32,964.611
88.33,804.8592
88.34,811.0116
88.35,755.9844
88.36,754.4038
88.37,866.9432
88.38,804.6964
88.39,809.8844
88.4,919.0186
88.41,693.7648
88.42,723.688
88.43,638.6518
88.44,794.1692
88.45,653.303
88.46,748.9034
88.47,596.5266
88.48,708.4282
88.49,620.2724
88.5,665.28
88.51,699.8346
88.52,693.887
88.53,622.3454
88.54,627.3992
88.55,628.969
88.56,644.3886
88.57,523.3118
88.58,662.8164
88.59,640.3702
88.6,534.0402
88.61,704.3382
88.62,646.2578
88.63,583.6814
88.64,660.7708
88.65,604.9584
88.66,637.7052
88.67,726.9494
88.68,613.602
88.69,621.4032
88.7,605.5584
88.71,649.8014
88.72,741.4692
88.73,594.465
88.74,673.9708
88.75,659.091
88.76,547.2422
88.77,639.9118
88.78,516.3628
88.79,497.9434
88.8,461.662
88.81,555.403
88.82,600.7148
88.83,563.5764
88.84,517.3382
88.85,516.803
88.86,640.729
88.87,680.2994
88.88,591.7628
88.89,509.7958
88.9,665.7754
88.91,626.0464
88.92,433.3738
88.93,589.2468
88.94,505.2158
88.95,599.1692
88.96,567.0638
88.97,545.5126
88.98,583.0926
88.99,537.1058
89,535.5996
89.01,584.1998
89.02,663.0542
89.03,429.3816
89.04,508.265
89.05,586.0572
89.06,526.0942
89.07,550.2744
89.08,570.4122
89.09,426.7752
89.1,462.3854
89.11,489.996
89.12,615.6344
89.13,590.7682
89.14,478.189
89.15,433.3546
89.16,464.0274
89.17,563.9798
89.18,521.8396
89.19,514.929
89.2,510.931
89.21,368.6412
89.22,473.8544
89.23,592.663
89.24,559.1102
89.25,576.17
89.26,583.5746
89.27,547.4246
89.28,460.6434
89.29,377.315
89.3,598.035
89.31,583.1724
89.32,555.7764
89.33,411.8994
89.34,538.984
89.35,409.4934
89.36,323.4856
89.37,356.6504
89.38,457.2684
89.39,464.2026
89.4,441.9122
89.41,482.5522
89.42,451.484
89.43,499.3682
89.44,542.6698
89.45,497.1508
89.46,391.6172
89.47,534.1504
89.48,322.1282
89.49,432.1292
89.5,610.2266
89.51,565.6198
89.52,382.8016
89.53,474.7366
89.54,458.8036
89.55,453.518
89.56,462.795
89.57,386.1634
89.58,532.712
89.59,654.5558
89.6,511.9824
89.61,431.4876
89.62,472.6888
89.63,558.0512
89.64,540.273
89.65,431.3892
89.66,485.7222
89.67,596.49
89.68,536.6874
89.69,358.2088
89.7,482.387
89.71,542.349
89.72,575.379
89.73,486.7118
89.74,330.1982
89.75,450.1526
89.76,532.5516
89.77,463.8338
89.78,371.2556
89.79,558.4198
89.8,599.287
89.81,584.2956
89.82,307.7184
89.83,422.87
89.84,377.9524
89.85,461.7214
89.86,473.4056
89.87,355.2044
89.88,309.8316
89.89,420.7784
89.9,503.1596
89.91,523.4284
89.92,468.5856
89.93,423.283
89.94,378.7012
89.95,560.1998
89.96,486.608
89.97,486.4654
89.98,337.816
89.99,633.2434
