30,1052.9131
30.02,905.8395
30.04,949.293
30.06,1016.1447
30.08,969.3486
30.1,1099.7092
30.12,1052.9131
30.14,849.0156
30.16,885.784
30.18,845.673
30.2,945.9504
30.22,1079.6537
30.24,785.5066
30.26,912.5246
30.28,999.4318
30.3,1056.2556
30.32,832.3027
30.34,932.5802
30.36,882.4414
30.38,879.0988
30.4,919.2098
30.42,1016.1447
30.44,912.5246
30.46,942.6079
30.48,925.895
30.5,915.8672
30.52,952.6356
30.54,972.6911
30.56,959.3208
30.58,955.9782
30.6,945.9504
30.62,925.895
30.64,869.0711
30.66,895.8118
30.68,808.9046
30.7,892.4692
30.72,1076.3111
30.74,962.6634
30.76,885.784
30.78,979.3763
30.8,976.0337
30.82,1026.1724
30.84,875.7562
30.86,909.182
30.88,902.4969
30.9,882.4414
30.92,905.8395
30.94,892.4692
30.96,922.5524
30.98,955.9782
31,899.1544
31.02,992.7466
31.04,915.8672
31.06,966.006
31.08,959.3208
31.1,899.1544
31.12,1006.1169
31.14,982.7188
31.16,859.0434
31.18,922.5524
31.2,838.9879
31.22,915.8672
31.24,899.1544
31.26,919.2098
31.28,912.5246
31.3,915.8672
31.32,989.404
31.34,942.6079
31.36,955.9782
31.38,976.0337
31.4,838.9879
31.42,879.0988
31.44,872.4136
31.46,945.9504
31.48,842.3304
31.5,949.293
31.52,929.2376
31.54,882.4414
31.56,772.1362
31.58,969.3486
31.6,949.293
31.62,882.4414
31.64,879.0988
31.66,842.3304
31.68,909.182
31.7,972.6911
31.72,922.5524
31.74,849.0156
31.76,815.5898
31.78,949.293
31.8,838.9879
31.82,875.7562
31.84,939.2653
31.86,849.0156
31.88,899.1544
31.9,989.404
31.92,999.4318
31.94,919.2098
31.96,912.5246
31.98,999.4318
32,859.0434
32.02,1016.1447
32.04,915.8672
32.06,1016.1447
32.08,972.6911
32.1,996.0892
32.12,838.9879
32.14,852.3582
32.16,955.9782
32.18,952.6356
32.2,929.2376
32.22,875.7562
32.24,949.293
32.26,999.4318
32.28,912.5246
32.3,895.8118
32.32,859.0434
32.34,882.4414
32.36,942.6079
32.38,862.386
32.4,882.4414
32.42,915.8672
32.44,922.5524
32.46,869.0711
32.48,976.0337
32.5,885.784
32.52,919.2098
32.54,1002.7744
32.56,905.8395
32.58,902.4969
32.6,915.8672
32.62,859.0434
32.64,919.2098
32.66,959.3208
32.68,945.9504
32.7,905.8395
32.72,905.8395
32.74,915.8672
32.76,922.5524
32.78,832.3027
32.8,889.1266
32.82,899.1544
32.84,899.1544
32.86,935.9227
32.88,929.2376
32.9,885.784
32.92,872.4136
32.94,1016.1447
32.96,1022.8298
32.98,1089.6815
33,979.3763
33.02,1026.1724
33.04,955.9782
33.06,996.0892
33.08,939.2653
33.1,912.5246
33.12,905.8395
33.14,979.3763
33.16,1019.4872
33.18,969.3486
33.2,1006.1169
33.22,972.6911
33.24,969.3486
33.26,1016.1447
33.28,949.293
33.3,1036.2002
33.32,1019.4872
33.34,905.8395
33.36,885.784
33.38,1026.1724
33.4,966.006
33.42,949.293
33.44,986.0614
33.46,982.7188
33.48,1049.5705
33.5,989.404
33.52,1009.4595
33.54,955.9782
33.56,949.293
33.58,1026.1724
33.6,1032.8576
33.62,1036.2002
33.64,962.6634
33.66,1046.2279
33.68,976.0337
33.7,1039.5427
33.72,999.4318
33.74,942.6079
33.76,986.0614
33.78,992.7466
33.8,959.3208
33.82,1106.3943
33.84,1286.8937
33.86,992.7466
33.88,1052.9131
33.9,982.7188
33.92,1226.7273
33.94,1076.3111
33.96,1086.3389
33.98,1123.1073
34,1052.9131
34.02,1012.8021
34.04,1126.4499
34.06,1133.135
34.08,1109.7369
34.1,1099.7092
34.12,1250.1253
34.14,1189.9589
34.16,1046.2279
34.18,1176.5885
34.2,1123.1073
34.22,1173.246
34.24,1210.0143
34.26,1310.2918
34.28,1230.0699
34.3,1210.0143
34.32,1166.5608
34.34,1360.4305
34.36,1213.3569
34.38,1327.0047
34.4,1327.0047
34.42,1260.1531
34.44,1330.3473
34.46,1286.8937
34.48,1397.1989
34.5,1333.6899
34.52,1337.0325
34.54,1256.8105
34.56,1447.3376
34.58,1480.7634
34.6,1517.5318
34.62,1520.8744
34.64,1484.106
34.66,1637.8648
34.68,1728.1144
34.7,1530.9022
34.72,1845.1048
34.74,1631.1796
34.76,1574.3557
34.78,1804.9939
34.8,1731.4571
34.82,1905.2712
34.84,1875.188
34.86,1938.6971
34.88,1751.5125
34.9,1998.8635
34.92,2062.3726
34.94,2062.3726
34.96,2122.5391
34.98,2282.983
35,2229.5015
35.02,2570.4449
35.04,2530.3339
35.06,2426.7139
35.08,2827.8237
35.1,2647.3242
35.12,2877.9624
35.14,2710.8333
35.16,2901.3605
35.18,3008.323
35.2,3135.3412
35.22,3299.1276
35.24,3188.8224
35.26,3596.6174
35.28,3412.7753
35.3,3686.8669
35.32,3767.089
35.34,3733.6633
35.36,3843.9685
35.38,3947.5883
35.4,4061.2362
35.42,4398.8367
35.44,4562.6233
35.46,4499.1142
35.48,4602.7344
35.5,5010.529
35.52,4726.4099
35.54,5013.8717
35.56,4913.5942
35.58,5431.6943
35.6,5414.9813
35.62,5271.2504
35.64,5635.5916
35.66,5896.3131
35.68,5826.119
35.7,5759.2672
35.72,5993.2479
35.74,6210.516
35.76,6173.7476
35.78,6705.2177
35.8,6531.4034
35.82,6377.6449
35.84,6842.264
35.86,6765.3841
35.88,6915.8008
35.9,7076.2443
35.92,7153.1234
35.94,7036.1336
35.96,7089.6143
35.98,7661.1963
36,7367.0492
36.02,7547.548
36.04,7403.8175
36.06,7707.9924
36.08,7597.6872
36.1,7921.9173
36.12,7788.2137
36.14,7721.3623
36.16,8008.8241
36.18,7885.1489
36.2,7804.9268
36.22,8329.7119
36.24,8299.6289
36.26,8155.8976
36.28,8613.8314
36.3,7841.6951
36.32,8536.9523
36.34,8814.3864
36.36,8490.1563
36.38,8573.7207
36.4,8590.4338
36.42,8530.2669
36.44,8590.4338
36.46,8423.3049
36.48,8918.0062
36.5,8503.5262
36.52,8874.5532
36.54,8911.3216
36.56,8667.3128
36.58,8687.3682
36.6,8887.9232
36.62,8804.3587
36.64,9058.3952
36.66,8780.9603
36.68,9091.8205
36.7,8854.4971
36.72,9151.9873
36.74,9222.181
36.76,9235.5518
36.78,9329.1439
36.8,9329.1439
36.82,9279.0055
36.84,9362.57
36.86,9526.3566
36.88,9222.181
36.9,9255.6071
36.92,9767.0223
36.94,9693.4855
36.96,9523.0135
36.98,9653.374
37,9640.0041
37.02,9325.8016
37.04,9523.0135
37.06,9289.0332
37.08,9780.3923
37.1,9696.8278
37.12,9693.4855
37.14,9877.3275
37.16,9683.4578
37.18,9496.2728
37.2,9603.2357
37.22,9476.2174
37.24,10164.7892
37.26,9987.6326
37.28,9399.3384
37.3,9760.3369
37.32,9690.1424
37.34,10311.8628
37.36,9790.4199
37.38,9867.2998
37.4,9783.7354
37.42,10084.5671
37.44,9964.2342
37.46,10298.4928
37.48,9873.9844
37.5,10097.9378
37.52,9867.2998
37.54,10021.0579
37.56,10121.3354
37.58,9990.9749
37.6,10221.613
37.62,10358.6589
37.64,10562.5562
37.66,10408.798
37.68,10432.1956
37.7,10221.613
37.72,10275.0944
37.74,10438.881
37.76,10291.8075
37.78,10489.0194
37.8,10184.8446
37.82,10535.8154
37.84,10726.3428
37.86,10495.7048
37.88,10415.4826
37.9,10435.5379
37.92,10552.5285
37.94,10602.6676
37.96,10355.3166
37.98,10906.8424
38,10940.2677
38.02,10626.0653
38.04,10492.3625
38.06,10599.3245
38.08,10642.7783
38.1,10585.9546
38.12,10689.5744
38.14,10769.7965
38.16,10749.7412
38.18,10823.278
38.2,10736.3704
38.22,10896.8148
38.24,10555.8716
38.26,10672.8613
38.28,10883.444
38.3,11314.637
38.32,10866.731
38.34,10565.8993
38.36,10712.9728
38.38,10756.4258
38.4,10709.6297
38.42,10382.0573
38.44,10619.3799
38.46,10522.4455
38.48,10666.1768
38.5,10763.1112
38.52,10542.5008
38.54,10154.7616
38.56,10228.2983
38.58,10398.7695
38.6,10261.7244
38.62,10261.7244
38.64,10415.4826
38.66,10171.4746
38.68,10121.3354
38.7,10094.5947
38.72,10034.4287
38.74,10251.696
38.76,10111.3078
38.78,9944.1789
38.8,9633.3187
38.82,9422.736
38.84,9573.1527
38.86,9466.1898
38.88,9743.6239
38.9,9081.7928
38.92,9151.9873
38.94,8891.2655
38.96,8958.1177
38.98,8593.776
39,8513.5539
39.02,8376.508
39.04,8192.666
39.06,8406.5918
39.08,8065.6486
39.1,8175.9538
39.12,7841.6951
39.14,7540.8634
39.16,7417.1875
39.18,7453.9559
39.2,7143.0957
39.22,6972.6245
39.24,6792.1248
39.26,6655.0789
39.28,6508.0054
39.3,6738.6434
39.32,6297.4227
39.34,6370.9595
39.36,5816.0913
39.38,5939.7668
39.4,5816.0913
39.42,5548.6849
39.44,5231.1393
39.46,5592.1383
39.48,5354.8149
39.5,5037.2697
39.52,4739.7799
39.54,4796.604
39.56,4482.4011
39.58,4676.2712
39.6,4565.966
39.62,4335.3276
39.64,4408.8643
39.66,4465.6885
39.68,4128.0876
39.7,4037.8381
39.72,4017.7824
39.74,3837.2831
39.76,3920.8476
39.78,3633.3858
39.8,3750.376
39.82,3553.1637
39.84,3543.136
39.86,3295.7849
39.88,3325.8683
39.9,3195.5076
39.92,3208.878
39.94,3105.258
39.96,3041.7489
39.98,2861.2494
40,3001.6378
40.02,2807.7681
40.04,2874.6198
40.06,2700.8055
40.08,2740.9165
40.1,2710.8333
40.12,2851.2217
40.14,2637.2965
40.16,2587.1578
40.18,2633.9539
40.2,2493.5655
40.22,2329.7791
40.24,2369.8899
40.26,2356.5198
40.28,2553.7319
40.3,2436.7417
40.32,2306.381
40.34,2242.8719
40.36,2389.9455
40.38,2346.4919
40.4,2119.1964
40.42,2115.8539
40.44,2102.4835
40.46,2176.0203
40.48,2222.8164
40.5,2135.9094
40.52,1908.6139
40.54,2089.1132
40.56,1955.41
40.58,1885.2159
40.6,1938.6971
40.62,1965.4376
40.64,1875.188
40.66,1968.7803
40.68,1962.0951
40.7,1858.4751
40.72,1955.41
40.74,1908.6139
40.76,1818.3641
40.78,1838.4196
40.8,1921.9843
40.82,1744.8273
40.84,1881.8732
40.86,1818.3641
40.88,1861.8176
40.9,1718.0868
40.92,1691.346
40.94,1704.7164
40.96,1718.0868
40.98,1741.4848
41,1677.9758
41.02,1614.4667
41.04,1664.6054
41.06,1654.5776
41.08,1547.6151
41.1,1691.346
41.12,1657.9202
41.14,1514.1892
41.16,1604.439
41.18,1637.8648
41.2,1641.2074
41.22,1654.5776
41.24,1627.837
41.26,1611.1241
41.28,1571.0132
41.3,1550.9576
41.32,1691.346
41.34,1567.6706
41.36,1571.0132
41.38,1540.9299
41.4,1641.2074
41.42,1477.4209
41.44,1634.5222
41.46,1497.4764
41.48,1457.3654
41.5,1427.2821
41.52,1430.6247
41.54,1480.7634
41.56,1494.1338
41.58,1524.217
41.6,1627.837
41.62,1470.7357
41.64,1380.486
41.66,1333.6899
41.68,1464.0505
41.7,1367.1157
41.72,1357.0879
41.74,1417.2544
41.76,1443.9951
41.78,1504.1615
41.8,1373.8009
41.82,1437.3099
41.84,1427.2821
41.86,1507.5041
41.88,1266.8383
41.9,1390.5137
41.92,1333.6899
41.94,1233.4125
41.96,1333.6899
41.98,1270.1809
42,1383.8286
42.02,1203.3292
42.04,1417.2544
42.06,1233.4125
42.08,1276.8659
42.1,1293.5789
42.12,1260.1531
42.14,1330.3473
42.16,1256.8105
42.18,1193.3015
42.2,1313.6343
42.22,1230.0699
42.24,1293.5789
42.26,1193.3015
42.28,1276.8659
42.3,1330.3473
42.32,1327.0047
42.34,1246.7827
42.36,1210.0143
42.38,1179.9311
42.4,1149.8479
42.42,1233.4125
42.44,1290.2363
42.46,1159.8757
42.48,1179.9311
42.5,1113.0795
42.52,1233.4125
42.54,1213.3569
42.56,1276.8659
42.58,1189.9589
42.6,1116.4221
42.62,1149.8479
42.64,1179.9311
42.66,1039.5427
42.68,1113.0795
42.7,1159.8757
42.72,1069.626
42.74,1116.4221
42.76,1129.7924
42.78,1169.9034
42.8,1076.3111
42.82,1119.7647
42.84,1103.0518
42.86,1062.9408
42.88,1149.8479
42.9,1183.2737
42.92,1149.8479
42.94,1086.3389
42.96,1036.2002
42.98,1136.4776
43,969.3486
43.02,1032.8576
43.04,1036.2002
43.06,1042.8853
43.08,1032.8576
43.1,1049.5705
43.12,925.895
43.14,969.3486
43.16,939.2653
43.18,986.0614
43.2,942.6079
43.22,959.3208
43.24,955.9782
43.26,925.895
43.28,1062.9408
43.3,1056.2556
43.32,1039.5427
43.34,996.0892
43.36,899.1544
43.38,919.2098
43.4,1049.5705
43.42,932.5802
43.44,912.5246
43.46,1116.4221
43.48,955.9782
43.5,1029.515
43.52,912.5246
43.54,859.0434
43.56,882.4414
43.58,902.4969
43.6,999.4318
43.62,889.1266
43.64,889.1266
43.66,935.9227
43.68,899.1544
43.7,915.8672
43.72,815.5898
43.74,905.8395
43.76,879.0988
43.78,875.7562
43.8,899.1544
43.82,818.9324
43.84,865.7286
43.86,919.2098
43.88,822.275
43.9,875.7562
43.92,825.6175
43.94,828.9601
43.96,909.182
43.98,859.0434
44,762.1085
44.02,859.0434
44.04,842.3304
44.06,899.1544
44.08,895.8118
44.1,899.1544
44.12,919.2098
44.14,812.2472
44.16,808.9046
44.18,849.0156
44.2,808.9046
44.22,852.3582
44.24,778.8214
44.26,862.386
44.28,772.1362
44.3,762.1085
44.32,768.7936
44.34,782.164
44.36,661.8311
44.38,778.8214
44.4,802.2195
44.42,742.053
44.44,725.3401
44.46,748.7382
44.48,775.4788
44.5,949.293
44.52,785.5066
44.54,762.1085
44.56,655.1459
44.58,792.1917
44.6,641.7756
44.62,705.2846
44.64,718.6549
44.66,775.4788
44.68,762.1085
44.7,665.1736
44.72,721.9975
44.74,631.7478
44.76,681.8865
44.78,661.8311
44.8,765.4511
44.82,668.5162
44.84,725.3401
44.86,782.164
44.88,708.6272
44.9,701.942
44.92,691.9143
44.94,665.1736
44.96,621.7201
44.98,772.1362
45,732.0252
45.02,631.7478
45.04,675.2014
45.06,805.562
45.08,628.4053
45.1,745.3956
45.12,725.3401
45.14,738.7104
45.16,671.8588
45.18,745.3956
45.2,581.6091
45.22,765.4511
45.24,665.1736
45.26,655.1459
45.28,688.5717
45.3,594.9795
45.32,631.7478
45.34,758.7659
45.36,742.053
45.38,611.6924
45.4,651.8033
45.42,598.322
45.44,581.6091
45.46,748.7382
45.48,665.1736
45.5,618.3775
45.52,691.9143
45.54,728.6827
45.56,705.2846
45.58,538.1556
45.6,635.0904
45.62,785.5066
45.64,584.9517
45.66,685.2291
45.68,691.9143
45.7,668.5162
45.72,581.6091
45.74,628.4053
45.76,721.9975
45.78,655.1459
45.8,658.4885
45.82,755.4233
45.84,568.2388
45.86,668.5162
45.88,728.6827
45.9,618.3775
45.92,631.7478
45.94,635.0904
45.96,715.3123
45.98,711.9698
46,638.433
46.02,608.3498
46.04,601.6646
46.06,615.0349
46.08,732.0252
46.1,591.6369
46.12,732.0252
46.14,688.5717
46.16,598.322
46.18,641.7756
46.2,558.2111
46.22,551.5259
46.24,661.8311
46.26,625.0627
46.28,648.4607
46.3,621.7201
46.32,655.1459
46.34,584.9517
46.36,631.7478
46.38,615.0349
46.4,561.5536
46.42,601.6646
46.44,695.2569
46.46,668.5162
46.48,498.0446
46.5,615.0349
46.52,541.4982
46.54,561.5536
46.56,685.2291
46.58,521.4427
46.6,615.0349
46.62,611.6924
46.64,551.5259
46.66,645.1182
46.68,658.4885
46.7,584.9517
46.72,581.6091
46.74,605.0072
46.76,551.5259
46.78,661.8311
46.8,645.1182
46.82,631.7478
46.84,685.2291
46.86,608.3498
46.88,554.8685
46.9,658.4885
46.92,538.1556
46.94,641.7756
46.96,668.5162
46.98,521.4427
47,665.1736
47.02,658.4885
47.04,584.9517
47.06,651.8033
47.08,511.4149
47.1,524.7853
47.12,558.2111
47.14,561.5536
47.16,665.1736
47.18,611.6924
47.2,631.7478
47.22,571.5814
47.24,611.6924
47.26,608.3498
47.28,598.322
47.3,571.5814
47.32,581.6091
47.34,591.6369
47.36,534.813
47.38,658.4885
47.4,651.8033
47.42,625.0627
47.44,581.6091
47.46,625.0627
47.48,658.4885
47.5,534.813
47.52,628.4053
47.54,588.2943
47.56,625.0627
47.58,494.702
47.6,625.0627
47.62,571.5814
47.64,621.7201
47.66,651.8033
47.68,544.8407
47.7,625.0627
47.72,621.7201
47.74,608.3498
47.76,594.9795
47.78,524.7853
47.8,665.1736
47.82,568.2388
47.84,658.4885
47.86,551.5259
47.88,531.4704
47.9,574.924
47.92,498.0446
47.94,655.1459
47.96,578.2666
47.98,578.2666
48,695.2569
48.02,551.5259
48.04,534.813
48.06,608.3498
48.08,618.3775
48.1,457.9336
48.12,524.7853
48.14,621.7201
48.16,591.6369
48.18,558.2111
48.2,618.3775
48.22,528.1278
48.24,581.6091
48.26,645.1182
48.28,574.924
48.3,611.6924
48.32,574.924
48.34,521.4427
48.36,631.7478
48.38,561.5536
48.4,625.0627
48.42,498.0446
48.44,641.7756
48.46,561.5536
48.48,598.322
48.5,591.6369
48.52,544.8407
48.54,621.7201
48.56,615.0349
48.58,561.5536
48.6,588.2943
48.62,524.7853
48.64,564.8962
48.66,594.9795
48.68,608.3498
48.7,611.6924
48.72,477.9891
48.74,511.4149
48.76,571.5814
48.78,534.813
48.8,564.8962
48.82,588.2943
48.84,554.8685
48.86,581.6091
48.88,488.0169
48.9,538.1556
48.92,558.2111
48.94,437.8781
48.96,588.2943
48.98,594.9795
49,561.5536
49.02,524.7853
49.04,601.6646
49.06,568.2388
49.08,584.9517
49.1,584.9517
49.12,524.7853
49.14,564.8962
49.16,528.1278
49.18,601.6646
49.2,594.9795
49.22,561.5536
49.24,488.0169
49.26,591.6369
49.28,524.7853
49.3,498.0446
49.32,598.322
49.34,581.6091
49.36,548.1833
49.38,615.0349
49.4,538.1556
49.42,531.4704
49.44,511.4149
49.46,541.4982
49.48,574.924
49.5,818.9324
49.52,725.3401
49.54,591.6369
49.56,568.2388
49.58,454.591
49.6,437.8781
49.62,541.4982
49.64,581.6091
49.66,554.8685
49.68,544.8407
49.7,544.8407
49.72,685.2291
49.74,538.1556
49.76,564.8962
49.78,618.3775
49.8,554.8685
49.82,574.924
49.84,615.0349
49.86,574.924
49.88,594.9795
49.9,518.1001
49.92,534.813
49.94,608.3498
49.96,635.0904
49.98,484.6743
50,427.8504
50.02,501.3872
50.04,514.7575
50.06,521.4427
50.08,578.2666
50.1,584.9517
50.12,544.8407
50.14,541.4982
50.16,551.5259
50.18,508.0724
50.2,594.9795
50.22,504.7298
50.24,481.3317
50.26,521.4427
50.28,608.3498
50.3,621.7201
50.32,481.3317
50.34,588.2943
50.36,571.5814
50.38,621.7201
50.4,625.0627
50.42,648.4607
50.44,668.5162
50.46,755.4233
50.48,648.4607
50.5,618.3775
50.52,671.8588
50.54,695.2569
50.56,554.8685
50.58,725.3401
50.6,665.1736
50.62,798.8769
50.64,681.8865
50.66,665.1736
50.68,665.1736
50.7,661.8311
50.72,671.8588
50.74,658.4885
50.76,658.4885
50.78,661.8311
50.8,645.1182
50.82,808.9046
50.84,678.544
50.86,795.5343
50.88,691.9143
50.9,708.6272
50.92,762.1085
50.94,611.6924
50.96,742.053
50.98,758.7659
51,815.5898
51.02,681.8865
51.04,748.7382
51.06,728.6827
51.08,748.7382
51.1,701.942
51.12,752.0807
51.14,832.3027
51.16,695.2569
51.18,665.1736
51.2,798.8769
51.22,715.3123
51.24,671.8588
51.26,661.8311
51.28,748.7382
51.3,788.8491
51.32,802.2195
51.34,678.544
51.36,742.053
51.38,785.5066
51.4,675.2014
51.42,822.275
51.44,755.4233
51.46,725.3401
51.48,718.6549
51.5,742.053
51.52,778.8214
51.54,725.3401
51.56,805.562
51.58,762.1085
51.6,691.9143
51.62,648.4607
51.64,661.8311
51.66,782.164
51.68,681.8865
51.7,698.5994
51.72,808.9046
51.74,768.7936
51.76,845.673
51.78,715.3123
51.8,768.7936
51.82,742.053
51.84,681.8865
51.86,735.3678
51.88,822.275
51.9,728.6827
51.92,815.5898
51.94,708.6272
51.96,805.562
51.98,735.3678
52,812.2472
52.02,768.7936
52.04,685.2291
52.06,732.0252
52.08,752.0807
52.1,695.2569
52.12,698.5994
52.14,775.4788
52.16,708.6272
52.18,748.7382
52.2,758.7659
52.22,798.8769
52.24,725.3401
52.26,762.1085
52.28,718.6549
52.3,966.006
52.32,732.0252
52.34,765.4511
52.36,715.3123
52.38,808.9046
52.4,788.8491
52.42,788.8491
52.44,755.4233
52.46,698.5994
52.48,852.3582
52.5,775.4788
52.52,748.7382
52.54,859.0434
52.56,822.275
52.58,745.3956
52.6,852.3582
52.62,885.784
52.64,671.8588
52.66,849.0156
52.68,732.0252
52.7,842.3304
52.72,758.7659
52.74,725.3401
52.76,695.2569
52.78,828.9601
52.8,775.4788
52.82,808.9046
52.84,849.0156
52.86,952.6356
52.88,782.164
52.9,825.6175
52.92,792.1917
52.94,828.9601
52.96,869.0711
52.98,765.4511
53,852.3582
53.02,742.053
53.04,1069.626
53.06,832.3027
53.08,879.0988
53.1,845.673
53.12,855.7008
53.14,862.386
53.16,905.8395
53.18,805.562
53.2,879.0988
53.22,838.9879
53.24,775.4788
53.26,895.8118
53.28,708.6272
53.3,832.3027
53.32,919.2098
53.34,922.5524
53.36,915.8672
53.38,808.9046
53.4,852.3582
53.42,825.6175
53.44,845.673
53.46,735.3678
53.48,929.2376
53.5,849.0156
53.52,815.5898
53.54,879.0988
53.56,925.895
53.58,889.1266
53.6,872.4136
53.62,905.8395
53.64,812.2472
53.66,902.4969
53.68,755.4233
53.7,792.1917
53.72,792.1917
53.74,905.8395
53.76,859.0434
53.78,879.0988
53.8,808.9046
53.82,922.5524
53.84,879.0988
53.86,955.9782
53.88,865.7286
53.9,855.7008
53.92,785.5066
53.94,872.4136
53.96,879.0988
53.98,895.8118
54,905.8395
54.02,875.7562
54.04,802.2195
54.06,738.7104
54.08,842.3304
54.1,778.8214
54.12,805.562
54.14,765.4511
54.16,715.3123
54.18,658.4885
54.2,778.8214
54.22,745.3956
54.24,711.9698
54.26,728.6827
54.28,685.2291
54.3,755.4233
54.32,755.4233
54.34,651.8033
54.36,755.4233
54.38,818.9324
54.4,805.562
54.42,808.9046
54.44,808.9046
54.46,765.4511
54.48,785.5066
54.5,768.7936
54.52,818.9324
54.54,655.1459
54.56,728.6827
54.58,688.5717
54.6,708.6272
54.62,631.7478
54.64,718.6549
54.66,638.433
54.68,752.0807
54.7,728.6827
54.72,668.5162
54.74,655.1459
54.76,795.5343
54.78,688.5717
54.8,688.5717
54.82,802.2195
54.84,695.2569
54.86,715.3123
54.88,678.544
54.9,685.2291
54.92,765.4511
54.94,738.7104
54.96,725.3401
54.98,782.164
55,735.3678
55.02,711.9698
55.04,765.4511
55.06,681.8865
55.08,685.2291
55.1,718.6549
55.12,645.1182
55.14,621.7201
55.16,735.3678
55.18,711.9698
55.2,758.7659
55.22,648.4607
55.24,625.0627
55.26,705.2846
55.28,842.3304
55.3,792.1917
55.32,641.7756
55.34,735.3678
55.36,762.1085
55.38,665.1736
55.4,708.6272
55.42,711.9698
55.44,715.3123
55.46,675.2014
55.48,728.6827
55.5,671.8588
55.52,691.9143
55.54,628.4053
55.56,655.1459
55.58,615.0349
55.6,711.9698
55.62,605.0072
55.64,691.9143
55.66,708.6272
55.68,678.544
55.7,651.8033
55.72,645.1182
55.74,648.4607
55.76,651.8033
55.78,665.1736
55.8,665.1736
55.82,671.8588
55.84,705.2846
55.86,591.6369
55.88,611.6924
55.9,752.0807
55.92,641.7756
55.94,668.5162
55.96,701.942
55.98,695.2569
56,665.1736
56.02,661.8311
56.04,651.8033
56.06,635.0904
56.08,631.7478
56.1,544.8407
56.12,658.4885
56.14,621.7201
56.16,685.2291
56.18,571.5814
56.2,655.1459
56.22,705.2846
56.24,671.8588
56.26,671.8588
56.28,658.4885
56.3,608.3498
56.32,635.0904
56.34,648.4607
56.36,531.4704
56.38,698.5994
56.4,608.3498
56.42,635.0904
56.44,645.1182
56.46,651.8033
56.48,548.1833
56.5,615.0349
56.52,735.3678
56.54,698.5994
56.56,584.9517
56.58,578.2666
56.6,681.8865
56.62,598.322
56.64,554.8685
56.66,615.0349
56.68,615.0349
56.7,635.0904
56.72,665.1736
56.74,658.4885
56.76,598.322
56.78,635.0904
56.8,711.9698
56.82,591.6369
56.84,608.3498
56.86,668.5162
56.88,598.322
56.9,584.9517
56.92,668.5162
56.94,554.8685
56.96,618.3775
56.98,635.0904
57,618.3775
57.02,618.3775
57.04,615.0349
57.06,588.2943
57.08,695.2569
57.1,615.0349
57.12,568.2388
57.14,618.3775
57.16,544.8407
57.18,611.6924
57.2,531.4704
57.22,601.6646
57.24,534.813
57.26,688.5717
57.28,628.4053
57.3,494.702
57.32,548.1833
57.34,568.2388
57.36,564.8962
57.38,705.2846
57.4,518.1001
57.42,488.0169
57.44,544.8407
57.46,514.7575
57.48,571.5814
57.5,665.1736
57.52,618.3775
57.54,528.1278
57.56,598.322
57.58,601.6646
57.6,561.5536
57.62,481.3317
57.64,561.5536
57.66,591.6369
57.68,504.7298
57.7,588.2943
57.72,531.4704
57.74,518.1001
57.76,544.8407
57.78,474.6465
57.8,578.2666
57.82,625.0627
57.84,488.0169
57.86,491.3594
57.88,504.7298
57.9,437.8781
57.92,501.3872
57.94,528.1278
57.96,477.9891
57.98,538.1556
58,574.924
58.02,451.2485
58.04,421.1652
58.06,464.6188
58.08,518.1001
58.1,437.8781
58.12,451.2485
58.14,494.702
58.16,474.6465
58.18,501.3872
58.2,504.7298
58.22,501.3872
58.24,508.0724
58.26,528.1278
58.28,518.1001
58.3,457.9336
58.32,584.9517
58.34,488.0169
58.36,524.7853
58.38,551.5259
58.4,491.3594
58.42,464.6188
58.44,424.5078
58.46,521.4427
58.48,457.9336
58.5,451.2485
58.52,581.6091
58.54,511.4149
58.56,417.8226
58.58,494.702
58.6,484.6743
58.62,457.9336
58.64,568.2388
58.66,464.6188
58.68,491.3594
58.7,524.7853
58.72,488.0169
58.74,538.1556
58.76,457.9336
58.78,444.5633
58.8,437.8781
58.82,498.0446
58.84,554.8685
58.86,494.702
58.88,514.7575
58.9,421.1652
58.92,444.5633
58.94,501.3872
58.96,471.304
58.98,444.5633
59,491.3594
59.02,488.0169
59.04,494.702
59.06,471.304
59.08,658.4885
59.1,481.3317
59.12,521.4427
59.14,464.6188
59.16,521.4427
59.18,491.3594
59.2,491.3594
59.22,417.8226
59.24,481.3317
59.26,494.702
59.28,471.304
59.3,454.591
59.32,437.8781
59.34,551.5259
59.36,451.2485
59.38,501.3872
59.4,447.9059
59.42,504.7298
59.44,538.1556
59.46,484.6743
59.48,521.4427
59.5,467.9614
59.52,484.6743
59.54,464.6188
59.56,467.9614
59.58,518.1001
59.6,417.8226
59.62,444.5633
59.64,504.7298
59.66,488.0169
59.68,467.9614
59.7,491.3594
59.72,437.8781
59.74,491.3594
59.76,391.082
59.78,518.1001
59.8,461.2762
59.82,477.9891
59.84,564.8962
59.86,431.193
59.88,447.9059
59.9,427.8504
59.92,498.0446
59.94,504.7298
59.96,454.591
59.98,501.3872
60,407.7949
60.02,574.924
60.04,514.7575
60.06,457.9336
60.08,488.0169
60.1,508.0724
60.12,417.8226
60.14,477.9891
60.16,464.6188
60.18,407.7949
60.2,441.2207
60.22,447.9059
60.24,457.9336
60.26,441.2207
60.28,397.7672
60.3,491.3594
60.32,411.1375
60.34,481.3317
60.36,474.6465
60.38,444.5633
60.4,498.0446
60.42,531.4704
60.44,481.3317
60.46,421.1652
60.48,477.9891
60.5,484.6743
60.52,437.8781
60.54,538.1556
60.56,484.6743
60.58,404.4523
60.6,504.7298
60.62,528.1278
60.64,477.9891
60.66,444.5633
60.68,551.5259
60.7,437.8781
60.72,447.9059
60.74,501.3872
60.76,434.5356
60.78,457.9336
60.8,454.591
60.82,481.3317
60.84,477.9891
60.86,498.0446
60.88,501.3872
60.9,491.3594
60.92,451.2485
60.94,454.591
60.96,481.3317
60.98,481.3317
61,444.5633
61.02,457.9336
61.04,474.6465
61.06,484.6743
61.08,471.304
61.1,471.304
61.12,424.5078
61.14,451.2485
61.16,501.3872
61.18,467.9614
61.2,457.9336
61.22,417.8226
61.24,481.3317
61.26,411.1375
61.28,464.6188
61.3,521.4427
61.32,404.4523
61.34,464.6188
61.36,477.9891
61.38,414.4801
61.4,501.3872
61.42,474.6465
61.44,488.0169
61.46,584.9517
61.48,451.2485
61.5,451.2485
61.52,454.591
61.54,441.2207
61.56,494.702
61.58,407.7949
61.6,494.702
61.62,457.9336
61.64,518.1001
61.66,451.2485
61.68,414.4801
61.7,504.7298
61.72,467.9614
61.74,467.9614
61.76,514.7575
61.78,498.0446
61.8,498.0446
61.82,504.7298
61.84,457.9336
61.86,538.1556
61.88,414.4801
61.9,427.8504
61.92,447.9059
61.94,481.3317
61.96,554.8685
61.98,434.5356
62,427.8504
62.02,464.6188
62.04,444.5633
62.06,548.1833
62.08,477.9891
62.1,524.7853
62.12,444.5633
62.14,474.6465
62.16,464.6188
62.18,504.7298
62.2,488.0169
62.22,467.9614
62.24,411.1375
62.26,451.2485
62.28,494.702
62.3,514.7575
62.32,494.702
62.34,498.0446
62.36,477.9891
62.38,431.193
62.4,457.9336
62.42,518.1001
62.44,508.0724
62.46,538.1556
62.48,464.6188
62.5,488.0169
62.52,427.8504
62.54,494.702
62.56,488.0169
62.58,451.2485
62.6,467.9614
62.62,504.7298
62.64,441.2207
62.66,424.5078
62.68,504.7298
62.7,464.6188
62.72,471.304
62.74,488.0169
62.76,494.702
62.78,481.3317
62.8,511.4149
62.82,488.0169
62.84,498.0446
62.86,454.591
62.88,491.3594
62.9,421.1652
62.92,488.0169
62.94,554.8685
62.96,451.2485
62.98,447.9059
63,444.5633
63.02,437.8781
63.04,521.4427
63.06,531.4704
63.08,474.6465
63.1,431.193
63.12,511.4149
63.14,504.7298
63.16,498.0446
63.18,514.7575
63.2,504.7298
63.22,538.1556
63.24,498.0446
63.26,494.702
63.28,444.5633
63.3,431.193
63.32,524.7853
63.34,551.5259
63.36,471.304
63.38,494.702
63.4,504.7298
63.42,551.5259
63.44,534.813
63.46,457.9336
63.48,407.7949
63.5,504.7298
63.52,441.2207
63.54,501.3872
63.56,508.0724
63.58,444.5633
63.6,508.0724
63.62,514.7575
63.64,511.4149
63.66,424.5078
63.68,578.2666
63.7,434.5356
63.72,498.0446
63.74,531.4704
63.76,501.3872
63.78,531.4704
63.8,504.7298
63.82,504.7298
63.84,514.7575
63.86,541.4982
63.88,605.0072
63.9,484.6743
63.92,611.6924
63.94,531.4704
63.96,477.9891
63.98,578.2666
64,467.9614
64.02,461.2762
64.04,571.5814
64.06,528.1278
64.08,454.591
64.1,481.3317
64.12,508.0724
64.14,471.304
64.16,578.2666
64.18,521.4427
64.2,538.1556
64.22,397.7672
64.24,538.1556
64.26,618.3775
64.28,477.9891
64.3,471.304
64.32,534.813
64.34,541.4982
64.36,561.5536
64.38,464.6188
64.4,431.193
64.42,524.7853
64.44,544.8407
64.46,558.2111
64.48,558.2111
64.5,474.6465
64.52,498.0446
64.54,508.0724
64.56,501.3872
64.58,457.9336
64.6,518.1001
64.62,578.2666
64.64,474.6465
64.66,464.6188
64.68,434.5356
64.7,518.1001
64.72,457.9336
64.74,541.4982
64.76,524.7853
64.78,467.9614
64.8,514.7575
64.82,521.4427
64.84,461.2762
64.86,427.8504
64.88,541.4982
64.9,518.1001
64.92,501.3872
64.94,548.1833
64.96,591.6369
64.98,551.5259
65,574.924
65.02,538.1556
65.04,571.5814
65.06,531.4704
65.08,451.2485
65.1,581.6091
65.12,574.924
65.14,488.0169
65.16,491.3594
65.18,538.1556
65.2,467.9614
65.22,521.4427
65.24,491.3594
65.26,538.1556
65.28,521.4427
65.3,477.9891
65.32,494.702
65.34,568.2388
65.36,501.3872
65.38,411.1375
65.4,524.7853
65.42,494.702
65.44,541.4982
65.46,467.9614
65.48,511.4149
65.5,605.0072
65.52,594.9795
65.54,601.6646
65.56,501.3872
65.58,561.5536
65.6,605.0072
65.62,564.8962
65.64,544.8407
65.66,571.5814
65.68,628.4053
65.7,498.0446
65.72,564.8962
65.74,594.9795
65.76,558.2111
65.78,511.4149
65.8,488.0169
65.82,581.6091
65.84,631.7478
65.86,594.9795
65.88,742.053
65.9,584.9517
65.92,628.4053
65.94,615.0349
65.96,521.4427
65.98,601.6646
66,564.8962
66.02,641.7756
66.04,641.7756
66.06,548.1833
66.08,578.2666
66.1,594.9795
66.12,635.0904
66.14,534.813
66.16,598.322
66.18,584.9517
66.2,591.6369
66.22,588.2943
66.24,534.813
66.26,564.8962
66.28,628.4053
66.3,635.0904
66.32,608.3498
66.34,621.7201
66.36,598.322
66.38,605.0072
66.4,544.8407
66.42,588.2943
66.44,721.9975
66.46,548.1833
66.48,611.6924
66.5,574.924
66.52,655.1459
66.54,668.5162
66.56,548.1833
66.58,732.0252
66.6,668.5162
66.62,671.8588
66.64,618.3775
66.66,591.6369
66.68,611.6924
66.7,611.6924
66.72,691.9143
66.74,641.7756
66.76,601.6646
66.78,675.2014
66.8,705.2846
66.82,648.4607
66.84,611.6924
66.86,661.8311
66.88,625.0627
66.9,732.0252
66.92,648.4607
66.94,594.9795
66.96,594.9795
66.98,721.9975
67,688.5717
67.02,671.8588
67.04,678.544
67.06,688.5717
67.08,625.0627
67.1,738.7104
67.12,638.433
67.14,732.0252
67.16,685.2291
67.18,691.9143
67.2,668.5162
67.22,728.6827
67.24,698.5994
67.26,698.5994
67.28,601.6646
67.3,671.8588
67.32,651.8033
67.34,681.8865
67.36,691.9143
67.38,752.0807
67.4,681.8865
67.42,698.5994
67.44,691.9143
67.46,735.3678
67.48,691.9143
67.5,618.3775
67.52,708.6272
67.54,738.7104
67.56,648.4607
67.58,711.9698
67.6,808.9046
67.62,661.8311
67.64,805.562
67.66,658.4885
67.68,785.5066
67.7,725.3401
67.72,715.3123
67.74,825.6175
67.76,845.673
67.78,705.2846
67.8,725.3401
67.82,618.3775
67.84,785.5066
67.86,701.942
67.88,721.9975
67.9,728.6827
67.92,768.7936
67.94,655.1459
67.96,752.0807
67.98,835.6453
68,815.5898
68.02,872.4136
68.04,732.0252
68.06,788.8491
68.08,738.7104
68.1,785.5066
68.12,808.9046
68.14,862.386
68.16,782.164
68.18,802.2195
68.2,752.0807
68.22,892.4692
68.24,869.0711
68.26,818.9324
68.28,778.8214
68.3,815.5898
68.32,838.9879
68.34,765.4511
68.36,718.6549
68.38,752.0807
68.4,772.1362
68.42,822.275
68.44,849.0156
68.46,768.7936
68.48,782.164
68.5,808.9046
68.52,822.275
68.54,889.1266
68.56,815.5898
68.58,818.9324
68.6,795.5343
68.62,768.7936
68.64,855.7008
68.66,879.0988
68.68,859.0434
68.7,842.3304
68.72,865.7286
68.74,872.4136
68.76,782.164
68.78,815.5898
68.8,785.5066
68.82,805.562
68.84,752.0807
68.86,765.4511
68.88,812.2472
68.9,955.9782
68.92,892.4692
68.94,842.3304
68.96,879.0988
68.98,838.9879
69,838.9879
69.02,862.386
69.04,859.0434
69.06,818.9324
69.08,902.4969
69.1,812.2472
69.12,755.4233
69.14,835.6453
69.16,912.5246
69.18,882.4414
69.2,838.9879
69.22,905.8395
69.24,775.4788
69.26,818.9324
69.28,812.2472
69.3,855.7008
69.32,778.8214
69.34,882.4414
69.36,872.4136
69.38,859.0434
69.4,909.182
69.42,825.6175
69.44,788.8491
69.46,939.2653
69.48,882.4414
69.5,822.275
69.52,802.2195
69.54,815.5898
69.56,862.386
69.58,745.3956
69.6,899.1544
69.62,815.5898
69.64,778.8214
69.66,828.9601
69.68,762.1085
69.7,855.7008
69.72,815.5898
69.74,805.562
69.76,808.9046
69.78,815.5898
69.8,845.673
69.82,889.1266
69.84,818.9324
69.86,785.5066
69.88,805.562
69.9,879.0988
69.92,872.4136
69.94,808.9046
69.96,768.7936
69.98,825.6175
70,869.0711
70.02,735.3678
70.04,885.784
70.06,835.6453
70.08,765.4511
70.1,721.9975
70.12,942.6079
70.14,755.4233
70.16,742.053
70.18,859.0434
70.2,832.3027
70.22,745.3956
70.24,812.2472
70.26,818.9324
70.28,835.6453
70.3,778.8214
70.32,765.4511
70.34,828.9601
70.36,822.275
70.38,765.4511
70.4,849.0156
70.42,701.942
70.44,808.9046
70.46,828.9601
70.48,788.8491
70.5,798.8769
70.52,822.275
70.54,845.673
70.56,678.544
70.58,765.4511
70.6,762.1085
70.62,742.053
70.64,721.9975
70.66,792.1917
70.68,869.0711
70.7,755.4233
70.72,728.6827
70.74,721.9975
70.76,869.0711
70.78,778.8214
70.8,721.9975
70.82,762.1085
70.84,721.9975
70.86,738.7104
70.88,701.942
70.9,645.1182
70.92,681.8865
70.94,788.8491
70.96,588.2943
70.98,658.4885
71,782.164
71.02,758.7659
71.04,742.053
71.06,668.5162
71.08,835.6453
71.1,721.9975
71.12,688.5717
71.14,708.6272
71.16,705.2846
71.18,631.7478
71.2,691.9143
71.22,655.1459
71.24,792.1917
71.26,665.1736
71.28,638.433
71.3,735.3678
71.32,675.2014
71.34,701.942
71.36,641.7756
71.38,721.9975
71.4,584.9517
71.42,631.7478
71.44,665.1736
71.46,571.5814
71.48,685.2291
71.5,685.2291
71.52,661.8311
71.54,641.7756
71.56,665.1736
71.58,661.8311
71.6,631.7478
71.62,608.3498
71.64,605.0072
71.66,581.6091
71.68,608.3498
71.7,625.0627
71.72,668.5162
71.74,588.2943
71.76,608.3498
71.78,571.5814
71.8,711.9698
71.82,564.8962
71.84,615.0349
71.86,601.6646
71.88,554.8685
71.9,651.8033
71.92,675.2014
71.94,548.1833
71.96,538.1556
71.98,645.1182
72,598.322
72.02,504.7298
72.04,498.0446
72.06,598.322
72.08,551.5259
72.1,561.5536
72.12,558.2111
72.14,574.924
72.16,548.1833
72.18,628.4053
72.2,524.7853
72.22,584.9517
72.24,531.4704
72.26,524.7853
72.28,531.4704
72.3,571.5814
72.32,571.5814
72.34,665.1736
72.36,518.1001
72.38,508.0724
72.4,508.0724
72.42,508.0724
72.44,598.322
72.46,544.8407
72.48,574.924
72.5,538.1556
72.52,528.1278
72.54,524.7853
72.56,484.6743
72.58,588.2943
72.6,511.4149
72.62,474.6465
72.64,554.8685
72.66,528.1278
72.68,508.0724
72.7,601.6646
72.72,518.1001
72.74,504.7298
72.76,491.3594
72.78,594.9795
72.8,528.1278
72.82,534.813
72.84,551.5259
72.86,538.1556
72.88,454.591
72.9,444.5633
72.92,514.7575
72.94,561.5536
72.96,681.8865
72.98,665.1736
73,474.6465
73.02,534.813
73.04,538.1556
73.06,578.2666
73.08,404.4523
73.1,528.1278
73.12,424.5078
73.14,484.6743
73.16,477.9891
73.18,561.5536
73.2,461.2762
73.22,544.8407
73.24,528.1278
73.26,538.1556
73.28,531.4704
73.3,484.6743
73.32,451.2485
73.34,484.6743
73.36,464.6188
73.38,524.7853
73.4,504.7298
73.42,431.193
73.44,508.0724
73.46,477.9891
73.48,447.9059
73.5,544.8407
73.52,421.1652
73.54,558.2111
73.56,471.304
73.58,464.6188
73.6,511.4149
73.62,447.9059
73.64,504.7298
73.66,484.6743
73.68,528.1278
73.7,444.5633
73.72,444.5633
73.74,474.6465
73.76,431.193
73.78,457.9336
73.8,498.0446
73.82,541.4982
73.84,457.9336
73.86,491.3594
73.88,401.1097
73.9,427.8504
73.92,414.4801
73.94,411.1375
73.96,538.1556
73.98,434.5356
74,491.3594
74.02,467.9614
74.04,531.4704
74.06,467.9614
74.08,454.591
74.1,464.6188
74.12,417.8226
74.14,484.6743
74.16,501.3872
74.18,461.2762
74.2,424.5078
74.22,414.4801
74.24,494.702
74.26,481.3317
74.28,474.6465
74.3,528.1278
74.32,421.1652
74.34,421.1652
74.36,414.4801
74.38,451.2485
74.4,518.1001
74.42,417.8226
74.44,514.7575
74.46,447.9059
74.48,377.7117
74.5,441.2207
74.52,457.9336
74.54,504.7298
74.56,491.3594
74.58,411.1375
74.6,407.7949
74.62,531.4704
74.64,541.4982
74.66,394.4246
74.68,431.193
74.7,441.2207
74.72,437.8781
74.74,377.7117
74.76,484.6743
74.78,477.9891
74.8,427.8504
74.82,377.7117
74.84,447.9059
74.86,491.3594
74.88,457.9336
74.9,491.3594
74.92,424.5078
74.94,411.1375
74.96,424.5078
74.98,454.591
75,471.304
75.02,434.5356
75.04,454.591
75.06,521.4427
75.08,451.2485
75.1,481.3317
75.12,548.1833
75.14,437.8781
75.16,498.0446
75.18,451.2485
75.2,417.8226
75.22,371.0265
75.24,447.9059
75.26,457.9336
75.28,477.9891
75.3,501.3872
75.32,384.3968
75.34,421.1652
75.36,404.4523
75.38,498.0446
75.4,447.9059
75.42,454.591
75.44,431.193
75.46,457.9336
75.48,457.9336
75.5,494.702
75.52,531.4704
75.54,381.0543
75.56,427.8504
75.58,401.1097
75.6,504.7298
75.62,508.0724
75.64,528.1278
75.66,424.5078
75.68,514.7575
75.7,387.7394
75.72,454.591
75.74,471.304
75.76,484.6743
75.78,414.4801
75.8,387.7394
75.82,488.0169
75.84,461.2762
75.86,464.6188
75.88,461.2762
75.9,467.9614
75.92,431.193
75.94,477.9891
75.96,488.0169
75.98,417.8226
76,461.2762
76.02,451.2485
76.04,481.3317
76.06,437.8781
76.08,431.193
76.1,457.9336
76.12,474.6465
76.14,411.1375
76.16,491.3594
76.18,407.7949
76.2,417.8226
76.22,464.6188
76.24,434.5356
76.26,421.1652
76.28,374.3691
76.3,544.8407
76.32,447.9059
76.34,481.3317
76.36,427.8504
76.38,441.2207
76.4,421.1652
76.42,464.6188
76.44,494.702
76.46,451.2485
76.48,524.7853
76.5,437.8781
76.52,454.591
76.54,447.9059
76.56,548.1833
76.58,467.9614
76.6,514.7575
76.62,498.0446
76.64,437.8781
76.66,401.1097
76.68,481.3317
76.7,501.3872
76.72,524.7853
76.74,447.9059
76.76,381.0543
76.78,381.0543
76.8,407.7949
76.82,491.3594
76.84,457.9336
76.86,451.2485
76.88,484.6743
76.9,444.5633
76.92,381.0543
76.94,508.0724
76.96,457.9336
76.98,451.2485
77,491.3594
77.02,434.5356
77.04,414.4801
77.06,477.9891
77.08,407.7949
77.1,494.702
77.12,387.7394
77.14,481.3317
77.16,464.6188
77.18,467.9614
77.2,407.7949
77.22,401.1097
77.24,447.9059
77.26,401.1097
77.28,474.6465
77.3,524.7853
77.32,494.702
77.34,444.5633
77.36,404.4523
77.38,404.4523
77.4,494.702
77.42,477.9891
77.44,371.0265
77.46,444.5633
77.48,477.9891
77.5,474.6465
77.52,461.2762
77.54,404.4523
77.56,451.2485
77.58,544.8407
77.6,491.3594
77.62,391.082
77.64,414.4801
77.66,488.0169
77.68,454.591
77.7,471.304
77.72,454.591
77.74,371.0265
77.76,508.0724
77.78,411.1375
77.8,461.2762
77.82,461.2762
77.84,411.1375
77.86,394.4246
77.88,414.4801
77.9,474.6465
77.92,437.8781
77.94,444.5633
77.96,417.8226
77.98,461.2762
78,414.4801
78.02,474.6465
78.04,447.9059
78.06,444.5633
78.08,387.7394
78.1,464.6188
78.12,471.304
78.14,498.0446
78.16,371.0265
78.18,508.0724
78.2,461.2762
78.22,488.0169
78.24,441.2207
78.26,411.1375
78.28,467.9614
78.3,481.3317
78.32,484.6743
78.34,474.6465
78.36,424.5078
78.38,421.1652
78.4,397.7672
78.42,561.5536
78.44,464.6188
78.46,484.6743
78.48,447.9059
78.5,457.9336
78.52,374.3691
78.54,417.8226
78.56,431.193
78.58,441.2207
78.6,411.1375
78.62,491.3594
78.64,444.5633
78.66,471.304
78.68,498.0446
78.7,498.0446
78.72,474.6465
78.74,457.9336
78.76,384.3968
78.78,397.7672
78.8,424.5078
78.82,381.0543
78.84,548.1833
78.86,491.3594
78.88,481.3317
78.9,357.6562
78.92,581.6091
78.94,578.2666
78.96,514.7575
78.98,488.0169
79,518.1001
79.02,461.2762
79.04,461.2762
79.06,444.5633
79.08,488.0169
79.1,421.1652
79.12,471.304
79.14,384.3968
79.16,494.702
79.18,531.4704
79.2,498.0446
79.22,424.5078
79.24,474.6465
79.26,538.1556
79.28,494.702
79.3,457.9336
79.32,471.304
79.34,514.7575
79.36,561.5536
79.38,511.4149
79.4,461.2762
79.42,484.6743
79.44,457.9336
79.46,464.6188
79.48,447.9059
79.5,477.9891
79.52,494.702
79.54,477.9891
79.56,401.1097
79.58,421.1652
79.6,501.3872
79.62,471.304
79.64,451.2485
79.66,484.6743
79.68,454.591
79.7,394.4246
79.72,384.3968
79.74,464.6188
79.76,481.3317
79.78,474.6465
79.8,481.3317
79.82,488.0169
79.84,474.6465
79.86,491.3594
79.88,474.6465
79.9,501.3872
79.92,414.4801
79.94,394.4246
79.96,477.9891
79.98,561.5536
80,471.304
80.02,444.5633
80.04,474.6465
80.06,481.3317
80.08,451.2485
80.1,434.5356
80.12,457.9336
80.14,494.702
80.16,434.5356
80.18,437.8781
80.2,391.082
80.22,484.6743
80.24,494.702
80.26,474.6465
80.28,511.4149
80.3,451.2485
80.32,434.5356
80.34,457.9336
80.36,484.6743
80.38,404.4523
80.4,548.1833
80.42,457.9336
80.44,434.5356
80.46,384.3968
80.48,464.6188
80.5,454.591
80.52,404.4523
80.54,471.304
80.56,431.193
80.58,474.6465
80.6,538.1556
80.62,477.9891
80.64,461.2762
80.66,561.5536
80.68,488.0169
80.7,511.4149
80.72,498.0446
80.74,508.0724
80.76,491.3594
80.78,471.304
80.8,474.6465
80.82,491.3594
80.84,441.2207
80.86,391.082
80.88,574.924
80.9,467.9614
80.92,467.9614
80.94,491.3594
80.96,464.6188
80.98,417.8226
81,508.0724
81.02,477.9891
81.04,444.5633
81.06,431.193
81.08,474.6465
81.1,461.2762
81.12,514.7575
81.14,451.2485
81.16,541.4982
81.18,457.9336
81.2,477.9891
81.22,454.591
81.24,488.0169
81.26,561.5536
81.28,481.3317
81.3,488.0169
81.32,437.8781
81.34,431.193
81.36,571.5814
81.38,441.2207
81.4,584.9517
81.42,474.6465
81.44,511.4149
81.46,454.591
81.48,491.3594
81.5,467.9614
81.52,421.1652
81.54,431.193
81.56,521.4427
81.58,354.3136
81.6,488.0169
81.62,524.7853
81.64,464.6188
81.66,498.0446
81.68,498.0446
81.7,548.1833
81.72,414.4801
81.74,360.9988
81.76,471.304
81.78,437.8781
81.8,364.3414
81.82,417.8226
81.84,524.7853
81.86,488.0169
81.88,454.591
81.9,474.6465
81.92,491.3594
81.94,464.6188
81.96,431.193
81.98,467.9614
82,477.9891
82.02,605.0072
82.04,558.2111
82.06,477.9891
82.08,484.6743
82.1,417.8226
82.12,417.8226
82.14,457.9336
82.16,544.8407
82.18,467.9614
82.2,407.7949
82.22,471.304
82.24,471.304
82.26,501.3872
82.28,474.6465
82.3,421.1652
82.32,544.8407
82.34,471.304
82.36,538.1556
82.38,471.304
82.4,541.4982
82.42,514.7575
82.44,457.9336
82.46,484.6743
82.48,417.8226
82.5,477.9891
82.52,481.3317
82.54,444.5633
82.56,474.6465
82.58,518.1001
82.6,494.702
82.62,457.9336
82.64,488.0169
82.66,474.6465
82.68,461.2762
82.7,481.3317
82.72,514.7575
82.74,514.7575
82.76,508.0724
82.78,501.3872
82.8,474.6465
82.82,454.591
82.84,474.6465
82.86,518.1001
82.88,394.4246
82.9,471.304
82.92,471.304
82.94,521.4427
82.96,447.9059
82.98,404.4523
83,484.6743
83.02,474.6465
83.04,494.702
83.06,498.0446
83.08,457.9336
83.1,474.6465
83.12,498.0446
83.14,454.591
83.16,461.2762
83.18,431.193
83.2,394.4246
83.22,457.9336
83.24,437.8781
83.26,477.9891
83.28,514.7575
83.3,521.4427
83.32,518.1001
83.34,461.2762
83.36,427.8504
83.38,417.8226
83.4,394.4246
83.42,364.3414
83.44,434.5356
83.46,504.7298
83.48,464.6188
83.5,524.7853
83.52,421.1652
83.54,447.9059
83.56,444.5633
83.58,514.7575
83.6,421.1652
83.62,421.1652
83.64,454.591
83.66,534.813
83.68,477.9891
83.7,334.2581
83.72,471.304
83.74,488.0169
83.76,451.2485
83.78,407.7949
83.8,491.3594
83.82,444.5633
83.84,371.0265
83.86,471.304
83.88,364.3414
83.9,451.2485
83.92,427.8504
83.94,464.6188
83.96,528.1278
83.98,501.3872
84,414.4801
84.02,437.8781
84.04,511.4149
84.06,421.1652
84.08,467.9614
84.1,457.9336
84.12,427.8504
84.14,404.4523
84.16,481.3317
84.18,454.591
84.2,401.1097
84.22,447.9059
84.24,441.2207
84.26,457.9336
84.28,387.7394
84.3,421.1652
84.32,437.8781
84.34,521.4427
84.36,564.8962
84.38,491.3594
84.4,457.9336
84.42,397.7672
84.44,434.5356
84.46,387.7394
84.48,417.8226
84.5,417.8226
84.52,464.6188
84.54,347.6284
84.56,391.082
84.58,397.7672
84.6,441.2207
84.62,350.971
84.64,461.2762
84.66,424.5078
84.68,441.2207
84.7,357.6562
84.72,387.7394
84.74,360.9988
84.76,350.971
84.78,347.6284
84.8,357.6562
84.82,381.0543
84.84,394.4246
84.86,407.7949
84.88,431.193
84.9,481.3317
84.92,431.193
84.94,344.2859
84.96,407.7949
84.98,344.2859
85,371.0265
85.02,381.0543
85.04,340.9433
85.06,441.2207
85.08,447.9059
85.1,300.8323
85.12,364.3414
85.14,384.3968
85.16,494.702
85.18,414.4801
85.2,354.3136
85.22,360.9988
85.24,464.6188
85.26,364.3414
85.28,417.8226
85.3,371.0265
85.32,461.2762
85.34,371.0265
85.36,371.0265
85.38,387.7394
85.4,441.2207
85.42,421.1652
85.44,447.9059
85.46,344.2859
85.48,498.0446
85.5,434.5356
85.52,347.6284
85.54,447.9059
85.56,407.7949
85.58,354.3136
85.6,414.4801
85.62,374.3691
85.64,437.8781
85.66,350.971
85.68,381.0543
85.7,424.5078
85.72,350.971
85.74,407.7949
85.76,371.0265
85.78,354.3136
85.8,384.3968
85.82,394.4246
85.84,434.5356
85.86,384.3968
85.88,404.4523
85.9,384.3968
85.92,371.0265
85.94,371.0265
85.96,374.3691
85.98,391.082
86,367.6839
86.02,451.2485
86.04,310.86
86.06,381.0543
86.08,407.7949
86.1,391.082
86.12,417.8226
86.14,340.9433
86.16,347.6284
86.18,434.5356
86.2,344.2859
86.22,401.1097
86.24,347.6284
86.26,427.8504
86.28,397.7672
86.3,324.2304
86.32,360.9988
86.34,387.7394
86.36,337.6007
86.38,411.1375
86.4,317.5452
86.42,381.0543
86.44,414.4801
86.46,417.8226
86.48,334.2581
86.5,344.2859
86.52,334.2581
86.54,391.082
86.56,357.6562
86.58,387.7394
86.6,377.7117
86.62,417.8226
86.64,354.3136
86.66,330.9155
86.68,421.1652
86.7,404.4523
86.72,381.0543
86.74,340.9433
86.76,407.7949
86.78,354.3136
86.8,474.6465
86.82,381.0543
86.84,387.7394
86.86,367.6839
86.88,350.971
86.9,357.6562
86.92,330.9155
86.94,320.8878
86.96,294.1471
86.98,330.9155
87,330.9155
87.02,340.9433
87.04,404.4523
87.06,384.3968
87.08,364.3414
87.1,357.6562
87.12,391.082
87.14,347.6284
87.16,350.971
87.18,464.6188
87.2,387.7394
87.22,397.7672
87.24,384.3968
87.26,371.0265
87.28,381.0543
87.3,357.6562
87.32,447.9059
87.34,344.2859
87.36,350.971
87.38,347.6284
87.4,360.9988
87.42,287.462
87.44,417.8226
87.46,391.082
87.48,391.082
87.5,471.304
87.52,330.9155
87.54,350.971
87.56,327.573
87.58,367.6839
87.6,337.6007
87.62,334.2581
87.64,427.8504
87.66,327.573
87.68,364.3414
87.7,377.7117
87.72,334.2581
87.74,417.8226
87.76,397.7672
87.78,357.6562
87.8,350.971
87.82,357.6562
87.84,340.9433
87.86,354.3136
87.88,264.0639
87.9,421.1652
87.92,337.6007
87.94,334.2581
87.96,307.5175
87.98,404.4523
88,364.3414
88.02,337.6007
88.04,377.7117
88.06,334.2581
88.08,344.2859
88.1,310.86
88.12,394.4246
88.14,371.0265
88.16,374.3691
88.18,374.3691
88.2,367.6839
88.22,347.6284
88.24,367.6839
88.26,350.971
88.28,364.3414
88.3,401.1097
88.32,324.2304
88.34,360.9988
88.36,327.573
88.38,300.8323
88.4,384.3968
88.42,327.573
88.44,387.7394
88.46,371.0265
88.48,381.0543
88.5,354.3136
88.52,337.6007
88.54,354.3136
88.56,377.7117
88.58,437.8781
88.6,407.7949
88.62,444.5633
88.64,387.7394
88.66,290.8046
88.68,290.8046
88.7,384.3968
88.72,310.86
88.74,320.8878
88.76,374.3691
88.78,330.9155
88.8,360.9988
88.82,314.2026
88.84,404.4523
88.86,354.3136
88.88,404.4523
88.9,387.7394
88.92,374.3691
88.94,317.5452
88.96,340.9433
88.98,414.4801
89,337.6007
89.02,357.6562
89.04,387.7394
89.06,327.573
89.08,317.5452
89.1,317.5452
89.12,377.7117
89.14,360.9988
89.16,340.9433
89.18,364.3414
89.2,330.9155
89.22,391.082
89.24,357.6562
89.26,394.4246
89.28,357.6562
89.3,374.3691
89.32,401.1097
89.34,394.4246
89.36,374.3691
89.38,340.9433
89.4,350.971
89.42,407.7949
89.44,377.7117
89.46,394.4246
89.48,417.8226
89.5,340.9433
89.52,364.3414
89.54,364.3414
89.56,344.2859
89.58,270.7491
89.6,434.5356
89.62,327.573
89.64,350.971
89.66,411.1375
89.68,381.0543
89.7,381.0543
89.72,290.8046
89.74,461.2762
89.76,347.6284
89.78,437.8781
89.8,354.3136
89.82,360.9988
89.84,344.2859
89.86,350.971
89.88,377.7117
89.9,417.8226
89.92,407.7949
89.94,314.2026
89.96,347.6284
89.98,330.9155
