20.00173, 70.67417551819159
20.02201, 80.15415783438452
20.04229, 68.70413171834066
20.06257, 81.3766238880926
20.08285, 79.14918281279121
20.10312, 88.95966813163162
20.1234, 84.81519433751565
20.14368, 92.46390377580683
20.16396, 100.91094045436074
20.18424, 94.6266380407753
20.20452, 85.96055275664243
20.2248, 90.91753397909883
20.24508, 91.59805927585614
20.26536, 77.99995639792799
20.28563, 72.9009461802089
20.30591, 84.39882438637835
20.32619, 71.40729724661395
20.34647, 79.96892460246092
20.36675, 93.01246430687415
20.38703, 74.67059439166647
20.40731, 85.71653688646988
20.42759, 77.9222651846519
20.44787, 85.0136540607805
20.46815, 81.7945320703068
20.48843, 89.92076925111408
20.5087, 80.62544552189364
20.52898, 77.45128012612636
20.54926, 68.71508876358548
20.56954, 85.72588518733713
20.58982, 86.67282864354561
20.6101, 96.86429727119304
20.63038, 91.70840695491181
20.65066, 92.58770788563946
20.67094, 72.14743482340077
20.69121, 71.62155135809823
20.71149, 70.07115009800773
20.73177, 76.62462925436684
20.75205, 68.34178127149278
20.77233, 59.61878737516918
20.79261, 74.17918287018018
20.81289, 84.37187720338983
20.83317, 86.78123993698722
20.85345, 87.72913963065643
20.87373, 89.39985881896935
20.894, 98.67923944667587
20.91428, 86.64194508285951
20.93456, 80.36353729695529
20.95484, 86.06996915254119
20.97512, 82.18453068064998
20.9954, 85.33153492711165
21.01568, 89.34174061161272
21.03596, 91.80441365191928
21.05624, 77.16801719183219
21.07651, 89.49068059128868
21.09679, 86.47055025524118
21.11707, 74.74914262020465
21.13735, 83.3253681486173
21.15763, 81.49426510525842
21.17791, 87.69401332845432
21.19819, 102.49833075166194
21.21847, 94.22077319501805
21.23875, 75.82943552828728
21.25903, 81.16076912383
21.27931, 75.91868949328389
21.29958, 73.49455028692591
21.31986, 82.67836386217417
21.34014, 78.8733452686696
21.36042, 85.5543330354274
21.3807, 86.54045493952592
21.40098, 95.27527260327705
21.42126, 95.02008211377522
21.44154, 89.22598355780836
21.46182, 67.43029396645328
21.4821, 89.11145465968889
21.50237, 79.03697769042091
21.52265, 83.68767839274133
21.54293, 84.85632899528646
21.56321, 77.05408574640992
21.58349, 65.5696631913926
21.60377, 69.6204500271407
21.62405, 81.49287091256214
21.64433, 84.91122167583333
21.66461, 89.08097253564046
21.68488, 83.86517394069472
21.70516, 78.52545049242705
21.72544, 83.71845258477438
21.74572, 82.65661615764724
21.766, 82.53267049555019
21.78628, 89.24523392626995
21.80656, 79.13511617795079
21.82684, 67.75299505056337
21.84712, 84.16399537937669
21.86739, 91.00368251667898
21.88767, 88.23395171624965
21.90795, 85.081637038142
21.92823, 78.77393544427599
21.94851, 75.46908393379218
21.96879, 73.62382706269582
21.98907, 86.38961884961597
22.00935, 96.336147683094
22.02963, 86.35029788525003
22.04991, 97.65362134510414
22.07019, 101.25739051461971
22.09046, 86.12928558797769
22.11074, 78.3997520341624
22.13102, 86.1036004443759
22.1513, 82.44549459855702
22.17158, 89.38653659491514
22.19186, 85.4737937198948
22.21214, 89.83207773729086
22.23242, 83.23433438454943
22.2527, 87.49086303773441
22.27298, 93.75749006377966
22.29325, 88.10357014918304
22.31353, 85.19118865600987
22.33381, 102.23514221470812
22.35409, 80.67608015606295
22.37437, 83.62132166620644
22.39465, 83.1169933748635
22.41493, 73.13759808532559
22.43521, 73.04390257802798
22.45549, 89.90795115330761
22.47576, 77.59952368282869
22.49604, 73.94670235434856
22.51632, 97.83123915274447
22.5366, 82.11948814186024
22.55688, 88.16096732472607
22.57716, 65.29514478935005
22.59744, 67.10076641155726
22.61772, 79.86515555333088
22.638, 68.8699259211986
22.65827, 92.33706403685198
22.67855, 83.48317722387664
22.69883, 89.3823642323114
22.71911, 79.62191921992161
22.73939, 89.51356691489414
22.75967, 62.187011406319755
22.77995, 57.08293746487167
22.80023, 68.37092270864011
22.82051, 78.56265034553003
22.84079, 86.82697527899336
22.86107, 86.86669027977754
22.88135, 79.83622027908116
22.90162, 71.07029329863379
22.9219, 85.86610559406735
22.94218, 85.25718775261635
22.96246, 92.0983357419846
22.98274, 78.59931877382436
23.00302, 78.42585936272854
23.0233, 68.9842107196448
23.04358, 72.52043339187692
23.06386, 61.99368219253805
23.08413, 76.58217562377132
23.10441, 90.36868994034188
23.12469, 95.83372138038936
23.14497, 72.17895501339045
23.16525, 80.21327589100704
23.18553, 83.68570043312148
23.20581, 84.42394411594489
23.22609, 100.07517680796434
23.24637, 91.35831333337686
23.26664, 93.79737549597488
23.28692, 85.99563149236093
23.3072, 79.54514428631316
23.32748, 75.06805546688042
23.34776, 88.58645921511747
23.36804, 76.0531850299607
23.38832, 96.73933732782511
23.4086, 74.85333083324956
23.42888, 77.02203386089414
23.44916, 75.82309270028503
23.46943, 78.78081514022797
23.48971, 72.93167813435643
23.50999, 71.61133544368566
23.53027, 82.4825696284182
23.55055, 74.42218040266664
23.57083, 85.47896045456598
23.59111, 87.57924661244094
23.61139, 91.96448252436406
23.63167, 79.72254453771743
23.65195, 79.60151490875775
23.67223, 79.9698684252393
23.6925, 72.78672779616821
23.71278, 71.10605233346394
23.73306, 71.45344156510478
23.75334, 79.92356044832883
23.77362, 78.96126949637924
23.7939, 78.05660058241143
23.81418, 76.33056751327044
23.83446, 63.54838032741668
23.85474, 74.74510189775367
23.87501, 77.60710939594499
23.89529, 76.48261755921081
23.91557, 77.40754249635671
23.93585, 94.55303892049109
23.95613, 69.7735956379494
23.97641, 89.58597705077094
23.99669, 88.37078583533369
24.01697, 63.62345837251556
24.03725, 75.66891719467047
24.05752, 63.556602311558095
24.0778, 84.39585217584374
24.09808, 81.75522068559023
24.11836, 95.66028392483278
24.13864, 83.61982433822503
24.15892, 76.26291525489349
24.1792, 77.80912317970773
24.19948, 79.74623308391125
24.21976, 76.26325309530954
24.24004, 69.75242953366308
24.26031, 72.94131936694065
24.28059, 83.14497373319129
24.30087, 81.13048952167149
24.32115, 83.97373173928786
24.34143, 71.896187136669
24.36171, 62.15648311502257
24.38199, 64.98385380427042
24.40227, 72.79699371839334
24.42255, 56.21272468801524
24.44283, 70.80479532142888
24.46311, 70.97344595162777
24.48338, 74.46564643846114
24.50366, 84.99812852242285
24.52394, 56.72806565670112
24.54422, 70.49690518195492
24.5645, 57.79089980420068
24.58478, 68.42839455569455
24.60506, 74.21924622899601
24.62534, 75.20409808729329
24.64562, 93.55196362573476
24.66589, 70.67223174798616
24.68617, 76.08594576574882
24.70645, 89.76765239697124
24.72673, 72.90558877299952
24.74701, 74.03658951877118
24.76729, 75.21936799051625
24.78757, 63.48448518311476
24.80785, 77.68060809935207
24.82813, 64.62403324221218
24.84841, 67.64641195198806
24.86868, 67.23161674645581
24.88896, 69.68565841208684
24.90924, 58.680854465953324
24.92952, 66.75167206241025
24.9498, 61.88680204301407
24.97008, 72.76095969568429
24.99036, 53.36816447666425
25.01064, 80.85912976599364
25.03092, 73.16661761438671
25.05119, 91.0828213994588
25.07147, 77.8777908356513
25.09175, 59.19280539114595
25.11203, 81.02253467658545
25.13231, 76.76529088849202
25.15259, 78.11511384784825
25.17287, 62.914641322862785
25.19315, 65.52499891909159
25.21343, 72.36778338872416
25.23371, 72.10746104295029
25.25399, 71.73953205061717
25.27426, 73.64000748340281
25.29454, 78.73102859798772
25.31482, 68.83441911125547
25.3351, 74.71587293374911
25.35538, 70.77433829301937
25.37566, 79.69255996920361
25.39594, 76.57753880913182
25.41622, 74.55105989020086
25.4365, 65.44596626158902
25.45677, 59.68280247324738
25.47705, 69.4949494580981
25.49733, 66.69006430835029
25.51761, 75.5614692199692
25.53789, 76.9707226227183
25.55817, 83.94456739246382
25.57845, 74.40605934960254
25.59873, 82.18539380505814
25.61901, 80.4722307614023
25.63929, 70.58307051934197
25.65956, 69.21768902061977
25.67984, 79.68801337933074
25.70012, 68.65691197212008
25.7204, 71.75077213116685
25.74068, 74.99832728243068
25.76096, 72.12472251535776
25.78124, 59.6767727273061
25.80152, 67.75960564219973
25.8218, 75.31087049134304
25.84207, 72.38346951069309
25.86235, 85.86168434930151
25.88263, 80.80580984767937
25.90291, 75.80017868408453
25.92319, 78.74591028553625
25.94347, 70.67602913275041
25.96375, 75.77904124889392
25.98403, 65.40242647374812
26.00431, 65.15692980877493
26.02459, 56.195029818523544
26.04487, 73.93059872597183
26.06514, 74.91181323078632
26.08542, 75.86753550312493
26.1057, 70.19067845223611
26.12598, 77.04684674013185
26.14626, 56.725512641207956
26.16654, 66.60556898969551
26.18682, 72.79451844121638
26.2071, 76.19213277090473
26.22738, 81.17855812161606
26.24766, 82.37785327939578
26.26793, 80.14339554274972
26.28821, 68.15799407776882
26.30849, 66.39852167929986
26.32877, 65.75207665633168
26.34905, 73.53367891403754
26.36933, 49.90180257084577
26.38961, 84.31333840325124
26.40989, 68.6197261264754
26.43017, 78.74891229818388
26.45044, 76.84494181301937
26.47072, 87.20212107642752
26.491, 86.30695443917196
26.51128, 78.24695453632584
26.53156, 67.59362810265215
26.55184, 66.68110346188834
26.57212, 65.67266089763665
26.5924, 67.24953669845512
26.61268, 73.31513034019785
26.63295, 61.51049309147771
26.65323, 69.73439416209581
26.67351, 65.10115164066843
26.69379, 73.8792358412578
26.71407, 79.27212537300828
26.73435, 74.17243732187929
26.75463, 66.11106661214416
26.77491, 73.46798498575876
26.79519, 55.79049037581732
26.81547, 82.37043842103476
26.83575, 75.17950704515803
26.85603, 83.5841318461819
26.8763, 70.74291065249446
26.89658, 77.97330749887129
26.91686, 56.513714992500724
26.93714, 76.5245655328692
26.95742, 75.14445228129946
26.9777, 79.27698240789955
26.99798, 74.01207167607284
27.01826, 74.0512764446061
27.03854, 67.17790664055602
27.05881, 72.98743950264858
27.07909, 75.60014958450145
27.09937, 77.25810191172502
27.11965, 79.23815148325298
27.13993, 73.34483311382778
27.16021, 72.87235786356307
27.18049, 71.20461897607203
27.20077, 68.3755002607745
27.22105, 71.74665510253068
27.24132, 76.84214455323392
27.2616, 66.04658743603405
27.28188, 65.1467231135559
27.30216, 76.64795760489487
27.32244, 68.82349430505909
27.34272, 58.05004726285318
27.363, 64.77948997054392
27.38328, 77.20272849010259
27.40356, 69.02054541502511
27.42384, 70.39832342465205
27.44411, 66.58008619081048
27.46439, 58.0018915607215
27.48467, 76.49122248020187
27.50495, 81.25592178724062
27.52523, 84.39393649936349
27.54551, 62.690113174091
27.56579, 77.19746552735111
27.58607, 74.75899954048002
27.60635, 57.89956360609914
27.62663, 73.96926939755538
27.64691, 68.54153466413489
27.66718, 70.13334058034302
27.68746, 72.40953820119778
27.70774, 79.25353722069661
27.72802, 71.2993814332667
27.7483, 65.51029474616713
27.76858, 86.4318341616454
27.78886, 64.0864424422201
27.80914, 86.69166649989577
27.82942, 61.457091254297815
27.84969, 78.02264355568514
27.86997, 58.20176342366148
27.89025, 83.77315984948123
27.91053, 68.88571627142095
27.93081, 79.5516888728332
27.95109, 81.14270942522096
27.97137, 80.04876447237513
27.99165, 88.32234382085693
28.01193, 81.83177290993923
28.0322, 67.7198482131808
28.05248, 81.18921133285416
28.07276, 67.07625035386012
28.09304, 73.20648740483307
28.11332, 85.29610135611054
28.1336, 71.36859805542609
28.15388, 74.67869183072477
28.17416, 86.46019016090328
28.19444, 76.94774120506551
28.21472, 81.00005789727285
28.23499, 83.11435308982739
28.25527, 60.32237920456752
28.27555, 84.9920757421203
28.29583, 73.48994346515408
28.31611, 81.19840800765593
28.33639, 73.11852103900786
28.35667, 89.28791346661102
28.37695, 74.30858546986657
28.39723, 81.80977973786986
28.41751, 70.42763070641148
28.43779, 78.33884423421516
28.45806, 69.56696340555881
28.47834, 79.21223017091039
28.49862, 77.20671378378552
28.5189, 71.35988712855838
28.53918, 96.43063502817392
28.55946, 69.80241180656611
28.57974, 74.92668908418113
28.60002, 90.68879050700554
28.6203, 86.01035749196711
28.64057, 74.3195648937218
28.66085, 81.64790508218194
28.68113, 72.7529018689263
28.70141, 82.71359304400323
28.72169, 66.37901637461921
28.74197, 96.36300868784693
28.76225, 88.65544088599755
28.78253, 79.52080986204342
28.80281, 66.2434210520532
28.82309, 69.74159438075318
28.84336, 80.77877472404424
28.86364, 82.90552410664343
28.88392, 85.00707810850822
28.9042, 80.40464301234081
28.92448, 75.4927651059711
28.94476, 78.58624595757286
28.96504, 70.38419310948072
28.98532, 73.8438139728265
29.0056, 61.70798044810542
29.02587, 79.71540647670581
29.04615, 62.72161548152713
29.06643, 84.75965069520096
29.08671, 80.22857107338898
29.10699, 79.74123074748874
29.12727, 89.37942099170122
29.14755, 87.0225172910925
29.16783, 83.30324956482784
29.18811, 103.5771011974674
29.20839, 83.54377362604018
29.22867, 97.3543877530729
29.24894, 107.75185821773616
29.26922, 85.96719308272628
29.2895, 97.1594363706587
29.30978, 94.01671891857468
29.33006, 91.66613411355985
29.35034, 88.00584845340096
29.37062, 84.71957182316977
29.3909, 81.2844659557364
29.41118, 90.41668662911155
29.43145, 80.17211849384049
29.45173, 89.85752502188346
29.47201, 72.84151718391476
29.49229, 84.06631064141587
29.51257, 82.46338900157241
29.53285, 80.2260378638116
29.55313, 92.98301216341741
29.57341, 87.78884355074041
29.59369, 77.53002273775961
29.61397, 85.40904680759128
29.63424, 82.45800692326036
29.65452, 67.29447444734191
29.6748, 73.97250100716546
29.69508, 80.22421573562205
29.71536, 72.44409366078312
29.73564, 80.019070838625
29.75592, 80.98106974567716
29.7762, 82.824385783031
29.79648, 79.97284314563093
29.81675, 99.41741708635816
29.83703, 88.43621895095514
29.85731, 74.77735767588766
29.87759, 86.47262898352058
29.89787, 75.74062653122668
29.91815, 74.24667486567412
29.93843, 82.25320650269002
29.95871, 77.56355995248494
29.97899, 94.96137987630328
29.99927, 67.40149677598578
30.01955, 75.97674745602302
30.03982, 84.87198691310115
30.0601, 82.17245072371273
30.08038, 101.81309584746322
30.10066, 91.85637010500105
30.12094, 91.9877333197083
30.14122, 116.0801507235137
30.1615, 98.1139947091836
30.18178, 71.70094664619602
30.20206, 85.31009443641199
30.22234, 79.65249411931849
30.24261, 68.63360435072693
30.26289, 86.41639936473916
30.28317, 66.92687250819158
30.30345, 72.68813519542437
30.32373, 88.98443111901123
30.34401, 68.23897264109914
30.36429, 85.90929872319819
30.38457, 81.82245279574727
30.40485, 86.021263708302
30.42512, 89.30920213160248
30.4454, 92.5782411989203
30.46568, 83.37650484333143
30.48596, 87.83548778990067
30.50624, 73.21580625292805
30.52652, 97.33334166837777
30.5468, 91.8526900768904
30.56708, 90.06433224521766
30.58736, 104.30311779150888
30.60763, 87.37937923327395
30.62791, 100.3372901915959
30.64819, 86.42039933576596
30.66847, 95.32726430006814
30.68875, 101.95786335115206
30.70903, 93.93965940931562
30.72931, 96.9155678373807
30.74959, 90.76246800305707
30.76987, 95.1027716199547
30.79015, 110.24123762248358
30.81043, 93.29173697629668
30.8307, 94.92584995366366
30.85098, 86.51339036125552
30.87126, 86.05861138071617
30.89154, 101.48094432821381
30.91182, 83.8162891203331
30.9321, 100.04874649482446
30.95238, 104.33705933123663
30.97266, 95.29814393899423
30.99294, 94.1152570412795
31.01322, 109.82665235411292
31.03349, 109.74285293114983
31.05377, 100.0860559578757
31.07405, 94.92141529459875
31.09433, 101.1882477904453
31.11461, 110.39251860460838
31.13489, 88.38405507606517
31.15517, 99.92331989354119
31.17545, 99.71114269607016
31.19573, 93.1880764869317
31.216, 110.79671510059507
31.23628, 103.29078509043116
31.25656, 116.27441552305947
31.27684, 109.2489756713069
31.29712, 110.07851977826606
31.3174, 132.56856865071546
31.33768, 140.67562671129312
31.35796, 137.7513163642585
31.37824, 131.3581262008039
31.39852, 139.76754688617442
31.41879, 152.3990258209293
31.43907, 144.3701103466911
31.45935, 140.3086191032801
31.47963, 155.28879655292428
31.49991, 191.15402313754447
31.52019, 185.5387917613945
31.54047, 185.57618410849838
31.56075, 197.82495261877528
31.58103, 221.78141488933983
31.60131, 251.36768807038936
31.62159, 280.67750633194095
31.64186, 271.8425078355913
31.66214, 289.50754724582305
31.68242, 312.9010446091405
31.7027, 365.63886297753544
31.72298, 399.5957231933162
31.74326, 423.5794360356756
31.76354, 505.7070101296936
31.78382, 499.13836129982866
31.8041, 564.5678884704771
31.82437, 612.123041303283
31.84465, 598.3013414121658
31.86493, 703.0490744831048
31.88521, 724.0797622359007
31.90549, 722.6290533832953
31.92577, 731.7136875083743
31.94605, 678.7829230918546
31.96633, 653.029702054723
31.98661, 610.4090302343607
32.00688, 587.5226080912729
32.02716, 514.0772716397449
32.04744, 508.8912173381126
32.06772, 471.9878287193633
32.088, 423.5054233758179
32.10828, 383.6519990308524
32.12856, 380.25206849869886
32.14884, 345.2834917795352
32.16912, 325.11535027880086
32.1894, 300.9105751324554
32.20967, 262.55036549546514
32.22995, 267.2409191252709
32.25023, 248.29661207462897
32.27051, 263.42999445602493
32.29079, 230.89227959431096
32.31107, 237.28298652322724
32.33135, 226.69753918794137
32.35163, 244.61888294231704
32.37191, 197.40137040599552
32.39218, 225.15430119716268
32.41246, 214.2117113879138
32.43274, 222.7565729034349
32.45302, 221.36451655932723
32.4733, 215.55000049043574
32.49358, 243.98464550940986
32.51386, 217.21932537214326
32.53414, 237.85566178349407
32.55442, 227.7082276576836
32.57469, 230.11913749455735
32.59497, 210.62668492754818
32.61525, 181.0226365982575
32.63553, 192.45209137091592
32.65581, 185.59801607355246
32.67609, 210.19342141672192
32.69637, 166.29952978158434
32.71665, 171.26811701972593
32.73693, 184.51756384072226
32.75721, 159.47797237464982
32.77748, 162.04211711911833
32.79777, 150.57988582275354
32.81805, 175.18480955149474
32.83832, 172.45871130058535
32.8586, 153.86183264519312
32.87888, 134.11169899936843
32.89916, 118.34147850083713
32.91944, 125.82026675763113
32.93972, 167.49613455544664
32.96, 142.30073718324147
32.98028, 138.09034837018436
33.00056, 128.51424016708725
33.02084, 122.28731860962404
33.04111, 106.74014633760292
33.06139, 121.98581457991048
33.08167, 111.05044027046398
33.10195, 113.71602480876052
33.12223, 102.1852793635275
33.14251, 103.3434225586105
33.16279, 96.61442496314933
33.18307, 99.75894460618142
33.20335, 93.5249360011742
33.22362, 102.40787284073659
33.2439, 109.00632424501279
33.26418, 111.94015263065904
33.28446, 115.02843539942191
33.30474, 99.93956709461852
33.32502, 123.04430714168105
33.3453, 121.90281925895749
33.36558, 114.24355389749061
33.38586, 112.03787052066596
33.40613, 110.63002184689877
33.42641, 118.01113231495745
33.44669, 111.62552625498262
33.46697, 105.80744196529119
33.48725, 108.73904954713178
33.50753, 110.42515281208753
33.52781, 105.14759833594448
33.54809, 93.03396650604698
33.56837, 102.15398230410237
33.58865, 108.80782045179568
33.60892, 122.04601569283753
33.6292, 115.15653129827143
33.64948, 104.90884669702899
33.66976, 113.72673596878492
33.69004, 113.06176556080936
33.71032, 126.73541401557222
33.7306, 103.70467702564177
33.75088, 115.98475424573904
33.77116, 115.87969471169764
33.79143, 106.19247306176835
33.81171, 124.90051892418562
33.83199, 121.02595899653872
33.85227, 113.90189586876596
33.87255, 117.96080186554444
33.89283, 108.79717792331628
33.91311, 119.68740549677887
33.93339, 116.36706028323641
33.95367, 115.40385926514756
33.97394, 145.32188799646912
33.99422, 112.51028931666416
34.0145, 153.74671234638544
34.03478, 129.4862619455338
34.05506, 140.68989501115993
34.07534, 136.8976419531063
34.09562, 149.94482418031666
34.1159, 140.85392658343773
34.13618, 147.13382148086376
34.15646, 145.58325653314057
34.17673, 140.9059936180695
34.19701, 158.49493843431082
34.21729, 123.59153578722344
34.23757, 147.69974002785895
34.25785, 145.0040744549957
34.27813, 165.0498536875409
34.29841, 174.64407615750403
34.31869, 185.01375422772526
34.33897, 172.5761904077637
34.35924, 225.7156791553166
34.37953, 217.16394189880617
34.39981, 224.64700380730253
34.42009, 245.68610639337447
34.44036, 262.23510169833696
34.46064, 270.66673316177685
34.48092, 287.60297357962963
34.5012, 321.4839968347566
34.52148, 361.76058309178876
34.54176, 431.8038284485665
34.56204, 439.6015506846983
34.58232, 507.5169226792717
34.6026, 563.96772042687
34.62287, 651.7285252437815
34.64315, 693.7623129346689
34.66343, 826.5952375988896
34.68371, 838.0498428693707
34.70399, 936.3212892037493
34.72427, 1039.5075038074028
34.74455, 1139.0214747882258
34.76483, 1139.3087574571164
34.78511, 1184.8212671145543
34.80538, 1177.0016886059634
34.82566, 1174.3114234032998
34.84594, 1208.8978138544353
34.86622, 1114.982045882817
34.8865, 1078.0710857337958
34.90678, 1025.4070520234445
34.92706, 938.0501203265626
34.94734, 837.3329264059107
34.96762, 731.7653318840847
34.9879, 667.6710856656201
35.00817, 652.2140260363171
35.02845, 560.3619322520938
35.04873, 571.6980510860326
35.06901, 473.78532896268996
35.08929, 477.7504373909827
35.10957, 384.3873927231006
35.12985, 423.5167085499807
35.15013, 357.22708295962366
35.17041, 316.15735119742214
35.19068, 331.32846300380817
35.21096, 305.25907983315517
35.23124, 263.1942045548343
35.25152, 247.93961865585584
35.2718, 253.6896083224793
35.29208, 230.28927197644296
35.31236, 271.31572975218165
35.33264, 236.5426793248306
35.35292, 243.03529781310158
35.37319, 253.0798618342714
35.39347, 239.02920027313795
35.41375, 221.05202892346006
35.43403, 240.6550778355604
35.45431, 215.89700490397726
35.47459, 210.24153094225773
35.49487, 204.42044145997616
35.51515, 208.4499948743665
35.53543, 215.27528419824247
35.55571, 220.31296044221966
35.57598, 226.14590135825398
35.59626, 206.68340869395922
35.61654, 240.80427738124433
35.63682, 220.52208882611046
35.6571, 243.63635373762392
35.67738, 247.7436663244117
35.69766, 246.38076105133274
35.71794, 254.9955796665862
35.73822, 260.50651138214306
35.75849, 218.75236792282362
35.77877, 269.3559939435228
35.79905, 264.11519098270963
35.81933, 265.3235839060885
35.83961, 280.38543193663384
35.85989, 304.087830969617
35.88017, 307.6474264963961
35.90045, 345.04181513403836
35.92073, 366.19267242898167
35.94101, 342.59858202533314
35.96128, 448.56334827483226
35.98157, 437.01876534062023
36.00185, 465.0998941067639
36.02212, 468.72032851860524
36.0424, 565.5467605277798
36.06268, 560.65377898473
36.08296, 642.0154047049718
36.10324, 691.8712393668377
36.12352, 749.4504468340236
36.1438, 806.5040527322419
36.16408, 910.0087379609284
36.18436, 982.2421674755915
36.20463, 1095.9492394289146
36.22491, 1197.1898005027933
36.24519, 1310.0321303617832
36.26547, 1442.972583144526
36.28575, 1571.853374704023
36.30603, 1775.5219969957254
36.32631, 1867.2906171458978
36.34659, 2053.51803093723
36.36687, 2242.733947719662
36.38715, 2339.751828794285
36.40742, 2385.435440882082
36.4277, 2572.85347444503
36.44798, 2587.5844672594694
36.46826, 2665.186841341603
36.48854, 2592.605097032614
36.50882, 2513.9690533956027
36.5291, 2364.9927055372164
36.54938, 2283.6654351704556
36.56966, 2104.128257853581
36.58993, 1938.1549906494056
36.61021, 1777.1319354751972
36.63049, 1622.7387309729188
36.65077, 1432.0868820325197
36.67105, 1298.0245460163956
36.69133, 1194.3518831370993
36.71161, 1051.699441461361
36.73189, 962.805351721544
36.75217, 851.1493612030974
36.77244, 799.7741087898896
36.79272, 681.8639358467286
36.813, 639.667101118279
36.83328, 597.8626007798968
36.85356, 510.27506188849065
36.87384, 500.99787821293404
36.89412, 471.0150323848963
36.9144, 447.39090471180833
36.93468, 418.51226212951946
36.95496, 364.7515314730927
36.97523, 353.5882486216109
36.99551, 305.8365595670015
37.01579, 267.6741947040386
37.03607, 265.7949203266952
37.05635, 248.53217597133045
37.07663, 243.75773058207284
37.09691, 262.6289230591221
37.11719, 234.0399087485692
37.13747, 236.51349292080988
37.15774, 214.59464433530002
37.17802, 198.59718567258477
37.1983, 202.18381590891576
37.21858, 200.8734976787888
37.23886, 198.33449508856302
37.25914, 186.34577297373443
37.27942, 175.62598540357797
37.2997, 176.18967827639318
37.31998, 160.38333486369072
37.34026, 178.15097417241094
37.36053, 160.1845353302674
37.38081, 151.72083417177942
37.40109, 157.50131053651268
37.42137, 167.99642205842636
37.44165, 173.87967120482588
37.46193, 141.41926111371146
37.48221, 170.22480882539514
37.50249, 157.64916214789775
37.52277, 170.67093530499145
37.54304, 163.3067230140504
37.56332, 135.28651386035148
37.58361, 159.2551672045468
37.60388, 136.16309327059807
37.62416, 139.27775351403255
37.64444, 136.71176009167135
37.66472, 118.25827744640452
37.685, 121.33152291595033
37.70528, 119.72498077344636
37.72556, 135.24054292390815
37.74584, 125.91680568271103
37.76612, 125.15787344125974
37.7864, 137.62561659883553
37.80667, 133.073130035627
37.82695, 134.29957685190004
37.84723, 117.66594339621955
37.86751, 124.97884413504894
37.88779, 139.1748354922151
37.90807, 127.29230170172318
37.92835, 135.1195360003341
37.94863, 114.845718618124
37.96891, 114.91299264766003
37.98918, 99.50492284453455
38.00946, 119.43444484519708
38.02974, 108.78774914242983
38.05002, 101.1425146616791
38.0703, 108.68253850300172
38.09058, 113.02484883997757
38.11086, 108.91905193223548
38.13114, 108.99715037133285
38.15142, 104.10390703806868
38.1717, 108.50602026198406
38.19197, 111.84151269075906
38.21225, 113.37393017598416
38.23253, 103.4591007017844
38.25281, 103.10241901280784
38.27309, 111.6979995944081
38.29337, 101.45488516137772
38.31365, 98.53688075036789
38.33393, 101.64239895100167
38.35421, 102.19208909105811
38.37448, 96.81756194427899
38.39476, 102.87419932381873
38.41504, 103.73197634433663
38.43532, 96.74164618697795
38.4556, 109.42428761987102
38.47588, 94.39088647441926
38.49616, 110.58657024209074
38.51644, 104.81248106578042
38.53672, 96.17914088158727
38.55699, 105.91365780473656
38.57727, 102.50569364117086
38.59755, 103.15114998533046
38.61783, 106.73494394655506
38.63811, 94.40836077652084
38.65839, 88.06324753155872
38.67867, 85.7540582893991
38.69895, 81.38652648013344
38.71923, 101.5031557225638
38.73951, 87.34240974469034
38.75978, 99.97240823191554
38.78006, 108.91619603335556
38.80034, 102.38207564055051
38.82062, 102.14106783288807
38.8409, 99.64970964493025
38.86118, 108.48704982019947
38.88146, 86.54347370350858
38.90174, 85.13184960563572
38.92202, 96.18427336287388
38.94229, 85.95379261289608
38.96257, 100.53060684831244
38.98285, 96.53835839060167
39.00313, 91.18226323415686
39.02341, 100.53144604117244
39.04369, 88.42195157060286
39.06397, 73.199147925871
39.08425, 82.58973934129409
39.10453, 73.49113867325642
39.1248, 82.60347846471727
39.14508, 107.59152753468767
39.16536, 84.25123191148008
39.18565, 89.59165801738544
39.20592, 94.6686195594133
39.2262, 76.81895874671692
39.24648, 81.34979933913314
39.26676, 70.91533099128539
39.28704, 82.71609688037964
39.30732, 64.62983736132281
39.3276, 75.59820006657866
39.34788, 84.42504366367768
39.36816, 78.55273169383797
39.38843, 73.34106083900195
39.40871, 88.08734690948873
39.42899, 87.68078939084072
39.44927, 81.9579677790645
39.46955, 100.06097496449979
39.48983, 91.45255560233547
39.51011, 85.8757160041066
39.53039, 77.17521536873735
39.55067, 87.04602704550787
39.57095, 84.41859151849812
39.59122, 87.49392900224156
39.6115, 105.12602374095678
39.63178, 83.93958583993543
39.65206, 75.8645663395411
39.67234, 90.69565881175312
39.69262, 89.2200511371893
39.7129, 88.30786655283131
39.73318, 83.59142905369454
39.75346, 84.00040053883572
39.77373, 69.49158282252363
39.79401, 77.67760851876034
39.81429, 66.3094796973327
39.83457, 85.33739816251067
39.85485, 82.52182732483612
39.87513, 85.74993419506308
39.89541, 83.9750951897858
39.91569, 81.96660437797283
39.93597, 82.01744448353553
39.95624, 98.17639772540727
39.97652, 83.11228740746448
39.9968, 67.7570735485759
40.01708, 84.74210528392354
40.03736, 69.68604538200866
40.05764, 69.18471255731431
40.07792, 75.696250978224
40.0982, 81.41494902125203
40.11848, 77.29741846536835
40.13876, 98.10334338614291
40.15903, 67.72278195146272
40.17931, 74.09772094606875
40.19959, 86.90876326623498
40.21987, 81.97405256394893
40.24015, 69.3535992249548
40.26043, 81.30911855118714
40.28071, 73.30138090767358
40.30099, 79.80750326326111
40.32127, 87.98494970422578
40.34154, 68.34447072110359
40.36182, 69.24914290967457
40.3821, 81.21927698933251
40.40238, 73.81302449732173
40.42266, 75.32958009760137
40.44294, 70.07805214386505
40.46322, 82.4326790031874
40.4835, 78.4517168883838
40.50378, 67.00129229918225
40.52405, 94.20698370798364
40.54433, 69.86891749102492
40.56461, 87.07425291904319
40.58489, 74.2476689587967
40.60517, 67.63859408897606
40.62545, 67.35994132723326
40.64573, 85.25966442965145
40.66601, 75.78768088421526
40.68629, 90.14015388219006
40.70657, 95.29845307940212
40.72684, 98.3459044699675
40.74712, 82.79337725441096
40.76741, 82.08249551973725
40.78768, 92.21839915898869
40.80796, 72.09864620952551
40.82824, 78.52858928786976
40.84852, 70.83414801750038
40.8688, 78.85027713039645
40.88908, 58.89313665767358
40.90936, 75.15163607374723
40.92964, 69.87490557819159
40.94992, 71.68730646998675
40.9702, 76.54868723999506
40.99047, 81.72790526328103
41.01075, 77.93655361825024
41.03103, 79.1060322757584
41.05131, 79.47114966902745
41.07159, 60.93224150123432
41.09187, 77.49243933870078
41.11215, 65.32351384910336
41.13243, 67.37835086086162
41.15271, 70.77965713598695
41.17298, 65.52679779503399
41.19326, 77.57373746781383
41.21354, 91.5963938483287
41.23382, 86.91978462757898
41.2541, 78.68711996621461
41.27438, 79.3276101974391
41.29466, 83.68133957230305
41.31494, 90.79883008076997
41.33522, 58.263642268831774
41.35549, 54.467164379934914
41.37577, 67.9826371378361
41.39605, 65.74009358386851
41.41633, 70.44411648951441
41.43661, 73.86536139726424
41.45689, 62.767849812347066
41.47717, 75.6640514659205
41.49745, 49.11873182640549
41.51773, 80.10315844417744
41.53801, 75.26100468955461
41.55828, 67.13280578506698
41.57856, 69.66968512245455
41.59884, 60.300067395486685
41.61912, 72.5867937871713
41.6394, 65.9876368323467
41.65968, 76.2521583484739
41.67996, 68.53031325332512
41.70024, 65.20880294237313
41.72052, 73.30171838095029
41.74079, 89.79709875530959
41.76107, 81.12609945505791
41.78135, 78.98776356053816
41.80163, 81.5741233274808
41.82191, 66.93499284178307
41.84219, 78.26147969087562
41.86247, 70.48124207807115
41.88275, 70.26331741078268
41.90303, 82.79023278353556
41.9233, 76.67218568799217
41.94358, 71.35927306242115
41.96386, 61.48321180101718
41.98414, 68.63231093166392
42.00442, 65.94103306621699
42.0247, 60.47655010984932
42.04498, 60.921697114411415
42.06526, 63.44017243145727
42.08554, 63.685088868631354
42.10582, 67.50852185691727
42.12609, 68.02406247388859
42.14637, 63.58287447984682
42.16665, 59.18402356489799
42.18693, 77.57758505568741
42.20721, 63.06791323686453
42.22749, 73.4083005948369
42.24777, 66.01159129167006
42.26805, 71.7163436826163
42.28833, 70.44846777312556
42.3086, 84.35632733652291
42.32888, 76.03814622601992
42.34916, 72.8250176492475
42.36945, 65.86826379397236
42.38972, 65.59708132691492
42.41, 60.21717187422025
42.43028, 63.95975967154586
42.45056, 60.15073656736298
42.47084, 79.76523488494676
42.49112, 78.65340450645817
42.5114, 76.85336426730294
42.53168, 66.48709905002914
42.55196, 82.20718038460319
42.57223, 82.1346607445995
42.59251, 70.37770396660613
42.61279, 70.92609817931748
42.63307, 66.89291378065724
42.65335, 83.42573824297664
42.67363, 50.024135313680446
42.69391, 85.82494825242534
42.71419, 59.79206059545229
42.73447, 71.99229998624486
42.75474, 76.155020908315
42.77502, 82.45987502580849
42.7953, 71.13858345497052
42.81558, 82.03230941071548
42.83586, 74.09964502788011
42.85614, 68.62553322040131
42.87642, 64.3130907821754
42.8967, 81.58495472189671
42.91698, 78.66111494832057
42.93726, 69.08486640489785
42.95753, 73.26745763114924
42.97781, 70.85111234309586
42.99809, 63.35885935468245
43.01837, 65.90464161558212
43.03865, 62.58392501545612
43.05893, 70.44276780335981
43.07921, 82.7886158005055
43.09949, 69.88771102613302
43.11977, 63.77756406985401
43.14004, 75.79733570809469
43.16032, 75.83760904642416
43.1806, 78.60270064997299
43.20088, 79.20376764137464
43.22116, 77.03085663425726
43.24144, 66.32194261102391
43.26172, 69.40953488321756
43.282, 67.74671193731056
43.30228, 74.16044707161012
43.32255, 68.91835113286464
43.34283, 69.84201601594202
43.36311, 66.09581519950316
43.38339, 83.717246861365
43.40367, 71.39951315545115
43.42395, 57.70559325295956
43.44423, 67.12677739318785
43.46451, 60.17865934392155
43.48479, 59.18528359601001
43.50507, 76.2376258458467
43.52534, 62.631610149981135
43.54562, 72.8805638031084
43.5659, 76.43588685950809
43.58618, 68.88499344859065
43.60646, 59.92402383726743
43.62674, 57.98549101138064
43.64702, 45.902848364027804
43.6673, 74.56767435663663
43.68758, 67.8088130315386
43.70785, 72.2715670228605
43.72813, 76.80090579497913
43.74841, 75.05859991431934
43.76869, 72.37221403796461
43.78897, 78.38960492002612
43.80925, 56.789868411814645
43.82953, 64.71526188326168
43.84981, 68.31686797053855
43.87009, 68.82127512049752
43.89036, 80.98924400279107
43.91064, 53.180814164549965
43.93092, 53.244398084382134
43.9512, 61.31779687011747
43.97148, 64.18306711862955
43.99176, 65.90424653230095
44.01204, 71.67455104620322
44.03232, 69.66815758313865
44.0526, 69.34423709202187
44.07288, 65.01325867251587
44.09316, 62.74048062359526
44.11344, 58.60491007847392
44.13372, 63.32973521814797
44.15399, 65.05313229595525
44.17427, 70.67467023052964
44.19455, 62.66921205124574
44.21483, 61.04278879229899
44.23511, 69.33798598680029
44.25539, 68.53971290021086
44.27567, 65.28383631383254
44.29595, 54.32771446302203
44.31623, 74.85715152512384
44.33651, 80.1198272397224
44.35678, 76.92255019868259
44.37706, 64.04317547170187
44.39734, 69.62594928508483
44.41762, 66.14410619551522
44.4379, 67.62522442117364
44.45818, 61.36684544408215
44.47846, 66.70338607106721
44.49874, 64.79225993215785
44.51902, 76.647117788135
44.53929, 82.04045707359717
44.55957, 74.87623875081329
44.57985, 67.03254634081065
44.60013, 58.311471417302634
44.62041, 65.49322242634422
44.64069, 77.29913041391946
44.66097, 70.88726418095591
44.68125, 66.80291050150046
44.70153, 74.32379518091135
44.7218, 83.2857999915208
44.74208, 87.35930691984791
44.76236, 66.58181101777568
44.78264, 65.11864813826311
44.80292, 68.58954146395114
44.8232, 69.06098504029725
44.84348, 71.24601671648384
44.86376, 72.79706968605987
44.88404, 77.58547101390565
44.90432, 84.68624261078006
44.92459, 74.11927334112927
44.94487, 61.36288625467004
44.96515, 59.82220580807826
44.98543, 56.7971983386806
45.00571, 69.56851760219462
45.02599, 78.45360262473712
45.04627, 73.03430300263939
45.06655, 72.17773105164466
45.08683, 70.84729508984206
45.1071, 61.491397864280486
45.12738, 61.732561631381735
45.14766, 63.968838311718656
45.16794, 57.793695016304014
45.18822, 62.257358046373895
45.2085, 70.02737306891521
45.22878, 62.21759597210524
45.24906, 86.24118174890535
45.26934, 62.09068114738658
45.28961, 87.27667496294906
45.30989, 71.38101221673406
45.33017, 71.28234115249609
45.35045, 72.88496245608296
45.37073, 56.11361173540229
45.39101, 71.11684870178118
45.41129, 64.22851756259656
45.43157, 81.51532340080978
45.45185, 61.9423580849458
45.47213, 73.62828025979744
45.4924, 67.95615616843058
45.51268, 86.1358679105692
45.53296, 73.06287937700844
45.55324, 53.40827026049061
45.57352, 79.16876250208415
45.5938, 68.52882229190524
45.61408, 67.65230338405422
45.63436, 59.09417014899267
45.65464, 67.58666182512093
45.67492, 53.48624031861514
45.6952, 69.88155229606014
45.71548, 63.57558837578541
45.73576, 63.05974857538296
45.75603, 59.54819461687691
45.77631, 79.85922033778255
45.79659, 81.58879697334608
45.81687, 69.31492848487072
45.83715, 72.09637512969952
45.85743, 77.2110436771569
45.87771, 61.29775903873531
45.89799, 83.51346309795284
45.91827, 74.36114260803605
45.93854, 68.79456465586901
45.95882, 89.7158570534932
45.9791, 60.63311505779447
45.99938, 68.23916590406078
46.01966, 71.18696019132861
46.03994, 88.05196338543448
46.06022, 84.66859117482153
46.0805, 71.58570232454822
46.10078, 68.38312617181353
46.12105, 61.455805143982026
46.14133, 68.58460824810817
46.16161, 75.49179505665252
46.18189, 77.03897376914726
46.20217, 69.55764525549813
46.22245, 74.99999678723881
46.24273, 68.53606454522233
46.26301, 69.82387334559414
46.28329, 68.83876796534757
46.30357, 73.75599374693496
46.32384, 64.75519135935932
46.34412, 57.10817615050971
46.3644, 70.59940901483282
46.38468, 61.48760140774621
46.40496, 86.71803251317218
46.42524, 83.48894207657868
46.44552, 84.27016546030055
46.4658, 76.39875340100346
46.48608, 63.79389417391385
46.50635, 58.69762007629079
46.52663, 69.53807722427067
46.54691, 52.84607563095602
46.56719, 67.15462783474598
46.58747, 88.25463677002807
46.60775, 69.56519689651189
46.62803, 74.52260631026013
46.64831, 81.96030787202825
46.66859, 63.187408839209084
46.68886, 83.63954692724504
46.70914, 72.61105867469063
46.72942, 69.57229979655204
46.7497, 57.24140708246709
46.76998, 67.01337008472008
46.79026, 67.96242522371888
46.81054, 80.68174073307607
46.83082, 77.63395748416772
46.8511, 68.52797372423727
46.87138, 81.63051766051265
46.89165, 82.55484914813476
46.91193, 85.8042936497183
46.93221, 88.67119456989755
46.95249, 84.38663879599748
46.97277, 80.08164869565914
46.99305, 69.0846896063878
47.01333, 59.90265222006182
47.03361, 66.19379442622625
47.05389, 65.69725831862763
47.07416, 70.56905494903111
47.09444, 79.01818039610217
47.11472, 87.64423641671539
47.135, 77.71755210755263
47.15528, 75.99586380689752
47.17556, 86.10541203190348
47.19584, 90.35577579708965
47.21612, 89.58021533373066
47.2364, 113.29333085060733
47.25668, 111.26955855743739
47.27696, 111.3269172203658
47.29724, 105.38863518797731
47.31752, 107.6542266333681
47.33779, 95.59625872090254
47.35807, 104.16236536224659
47.37835, 120.23682385020211
47.39863, 122.12506045211346
47.41891, 122.28122571626515
47.43919, 142.2760849632357
47.45947, 115.65046893865178
47.47975, 137.2245982957327
47.50003, 131.56974070134268
47.5203, 127.04238917603146
47.54058, 155.7399666168796
47.56086, 170.26203816225788
47.58114, 163.84145147491523
47.60142, 179.24858239561541
47.6217, 174.92579130802574
47.64198, 184.3020752318728
47.66226, 214.3759847721431
47.68254, 215.57039106112992
47.70282, 235.12363295184218
47.72309, 233.10360970478195
47.74337, 286.85556659757776
47.76365, 274.91601603990756
47.78393, 317.3336270136091
47.80421, 303.1128958257522
47.82449, 331.39687973717275
47.84477, 327.09621049249694
47.86505, 361.7809205141573
47.88533, 349.65485743896886
47.9056, 339.407520513313
47.92588, 351.7291390290928
47.94616, 375.1334791645264
47.96644, 363.46058823896544
47.98672, 353.51716814270475
48.007, 322.2449331080444
48.02728, 326.9607835831975
48.04756, 317.6980109172325
48.06784, 352.5361456881311
48.08812, 319.2480261103458
48.10839, 306.00209566148806
48.12867, 314.7796385046624
48.14895, 272.935940961566
48.16923, 261.0649283919554
48.18951, 218.47220485770202
48.20979, 226.64794012622446
48.23007, 225.30716152250233
48.25035, 219.2949365659966
48.27063, 184.61133513080088
48.2909, 169.59630739817572
48.31118, 166.97819229789513
48.33146, 178.44740600639773
48.35174, 152.21279016991133
48.37202, 142.98079292022175
48.3923, 135.9660376578395
48.41258, 138.24972007756872
48.43286, 123.0313823907339
48.45314, 117.28588685370448
48.47341, 108.5533422809341
48.49369, 122.49699839827662
48.51397, 108.89664010191971
48.53425, 121.4031299397815
48.55453, 107.77709509769096
48.57481, 94.1657259776085
48.59509, 100.75402239930142
48.61537, 93.71892791028671
48.63565, 87.5272613187565
48.65593, 99.7421826153105
48.6762, 83.67457153299507
48.69648, 84.42542019896727
48.71676, 100.4327020777325
48.73704, 93.2972621848377
48.75732, 80.17498271007645
48.7776, 79.99307486444026
48.79788, 99.96625171554926
48.81816, 80.53671971585455
48.83844, 88.02651379291434
48.85872, 81.36286994065725
48.879, 80.77033704090942
48.89928, 90.07448409298722
48.91955, 66.95368695736707
48.93983, 78.30128263431654
48.96011, 82.59593394189451
48.98039, 69.61480352365253
49.00067, 75.3534764762757
49.02095, 77.1166181973042
49.04123, 79.9231337667153
49.06151, 70.35085776697275
49.08179, 88.9053631619887
49.10207, 76.34261816119232
49.12234, 77.24028975684226
49.14262, 72.05628902770218
49.1629, 64.49891458581843
49.18318, 62.920749224724766
49.20346, 69.36498850137708
49.22374, 73.86444109478775
49.24402, 78.24498008478044
49.2643, 79.92666165246084
49.28458, 68.09703092641037
49.30485, 69.87253948783966
49.32513, 75.72376006240485
49.34541, 71.44855665358703
49.36569, 75.8699072233546
49.38597, 65.95236569392672
49.40625, 69.77861490337004
49.42653, 67.57531681526964
49.44681, 74.12502734364655
49.46709, 63.22863174088895
49.48737, 61.557756294727184
49.50764, 76.93532788797759
49.52792, 64.90437233030624
49.5482, 88.76820276997117
49.56848, 84.7798518953202
49.58876, 84.20326575969008
49.60904, 72.45312107175606
49.62932, 73.10447538847788
49.6496, 76.32840030055328
49.66988, 68.6164333037355
49.69015, 72.40945885475116
49.71043, 76.6276374564651
49.73071, 72.32870827637439
49.75099, 64.14317113916184
49.77127, 68.18884986661931
49.79155, 57.20417384906804
49.81183, 65.33330977388917
49.83211, 76.11358857489812
49.85239, 61.290190398119925
49.87266, 61.4346921968884
49.89294, 69.52535971632368
49.91322, 73.48566947718226
49.9335, 72.15050004341441
49.95378, 67.99100810719044
49.97406, 55.40012045052608
49.99434, 76.93452771131808
50.01462, 69.67983490004667
50.0349, 63.795620537200534
50.05518, 62.94959954534347
50.07545, 66.73137913487153
50.09573, 69.92875774508424
50.11601, 79.60333740623919
50.13629, 56.023264894796746
50.15657, 74.05446531385442
50.17685, 73.4797545635289
50.19713, 66.87648794148944
50.21741, 71.82243852491214
50.23769, 69.99133212882657
50.25796, 67.1060199038422
50.27824, 75.15462471584652
50.29852, 69.12103078297494
50.3188, 71.52406072475867
50.33908, 78.97166916491777
50.35936, 60.440239159409764
50.37964, 75.65318608341268
50.39992, 78.55215954396749
50.4202, 89.07453187022128
50.44048, 68.45473631592522
50.46076, 68.881012491634
50.48104, 73.49621689009005
50.50132, 63.596125230687385
50.52159, 70.86747306416609
50.54187, 67.25179318659139
50.56215, 90.56785209757248
50.58243, 75.9650063641223
50.60271, 79.12490589782635
50.62299, 73.34663741526516
50.64327, 79.74681787478292
50.66355, 60.746390715994885
50.68383, 64.75780032804974
50.7041, 72.40326300054573
50.72438, 78.35988876692537
50.74466, 90.23134317442563
50.76494, 73.13499089681383
50.78522, 59.521701804059795
50.8055, 71.39262441870433
50.82578, 63.200000595754865
50.84606, 70.52839351201409
50.86634, 69.4877828399905
50.88662, 71.84146757493593
50.90689, 63.49435470151046
50.92717, 62.72674893351284
50.94745, 70.70304257150381
50.96773, 66.7110682120678
50.98801, 68.53302630809648
51.00829, 77.165143277042
51.02857, 62.59918386573467
51.04885, 68.92651304767442
51.06913, 74.5905234696206
51.0894, 54.345205120334114
51.10968, 71.58954769732773
51.12996, 65.56771513360269
51.15024, 71.54658981598928
51.17052, 61.73197603197817
51.1908, 77.29224299808905
51.21108, 65.82812825601734
51.23136, 72.02511194437272
51.25164, 60.43127547923987
51.27191, 58.49140878845535
51.29219, 57.885844716987414
51.31247, 68.16250799169794
51.33275, 53.726918660560735
51.35303, 74.02262399347416
51.37331, 70.61367950832557
51.39359, 78.8518578693121
51.41387, 70.08431496846643
51.43415, 76.8802006846613
51.45443, 75.74560447717087
51.4747, 69.79085346580197
51.49498, 54.34919402636638
51.51526, 55.21269030547762
51.53554, 66.88090055052876
51.55582, 70.67514852861406
51.5761, 76.87224200638373
51.59638, 59.575148073415185
51.61666, 73.10009451889461
51.63694, 65.25439726618629
51.65721, 66.70000390024683
51.67749, 65.02430952499154
51.69777, 58.32759506609367
51.71805, 71.33435760019412
51.73833, 83.48657225053483
51.75861, 72.38861159108171
51.77889, 73.32664845071787
51.79917, 73.400624965314
51.81945, 61.35018174652863
51.83972, 54.187032526444405
51.86, 57.59238477113011
51.88028, 62.83475567458261
51.90056, 69.92734827669781
51.92084, 71.12270591289351
51.94112, 79.24249644624336
51.9614, 66.65002477070863
51.98168, 68.20065789494525
52.00196, 63.59744008897354
52.02224, 79.8524650019451
52.04252, 66.44800724405728
52.0628, 54.15979776833758
52.08308, 66.73552071541513
52.10335, 72.51657807374329
52.12363, 65.41814032796286
52.14391, 68.51582152058087
52.16419, 46.27275225139044
52.18447, 53.32146102259527
52.20475, 56.95926532801019
52.22503, 56.008032687275296
52.24531, 48.02054406418543
52.26559, 50.9433881135565
52.28587, 48.76124014318999
52.30614, 68.33158284045837
52.32642, 63.64451426322803
52.3467, 75.44005503255036
52.36698, 69.35823713411297
52.38726, 59.54348990961644
52.40754, 56.113963040596126
52.42782, 57.32191108057191
52.4481, 66.04822367312218
52.46838, 51.329515292714994
52.48865, 54.443229982260554
52.50893, 52.24407375577213
52.52921, 54.90214543758611
52.54949, 59.936189719406336
52.56977, 60.68894577085165
52.59005, 59.57969609861798
52.61033, 60.191246352647724
52.63061, 71.88599636480481
52.65089, 77.78729214228157
52.67116, 69.48838314705759
52.69144, 58.0471552983053
52.71172, 65.38022615154256
52.732, 66.12410515979916
52.75228, 69.34573147381093
52.77256, 60.90257007413973
52.79284, 56.73109107550854
52.81312, 46.44564089243495
52.8334, 60.191413589981536
52.85368, 67.42693854235424
52.87395, 56.47782445155577
52.89423, 68.87925291693254
52.91451, 75.5360844940101
52.93479, 60.8718741322668
52.95507, 69.17041885924762
52.97535, 69.37413361007235
52.99563, 71.41062576701238
53.01591, 61.76033142272759
53.03619, 71.39177045162862
53.05646, 64.77338998909102
53.07674, 65.38468202726717
53.09702, 70.39979265710261
53.1173, 59.47196854027273
53.13758, 67.58787870076046
53.15786, 66.41936761604265
53.17814, 59.1368093324484
53.19842, 69.24727851774418
53.2187, 65.41928204935856
53.23897, 72.32681202352074
53.25925, 73.03601532020255
53.27953, 67.28607616050303
53.29981, 49.2754071713983
53.32009, 66.40558955397141
53.34037, 58.90552705624048
53.36065, 51.65757688293868
53.38093, 60.90255844793176
53.40121, 61.26142478876224
53.42149, 77.10566198086302
53.44176, 74.75059408373441
53.46204, 69.94214578081372
53.48232, 64.23152750043668
53.5026, 65.1087895534379
53.52288, 68.4826623491505
53.54316, 64.14096175862588
53.56344, 55.03770191700852
53.58372, 49.500753878622206
53.604, 57.66233331837909
53.62428, 54.67324232438767
53.64456, 68.56628102747348
53.66484, 67.05138939275513
53.68512, 64.16558770659103
53.70539, 70.68254742753659
53.72567, 58.07400938339298
53.74595, 69.21698691516269
53.76623, 65.97278657875384
53.78651, 79.24153899821151
53.80679, 65.89966870147983
53.82707, 77.19062658776203
53.84735, 77.54609633682398
53.86763, 66.67595567473049
53.8879, 63.52056414016013
53.90818, 63.08012664144583
53.92846, 65.65420653881772
53.94874, 66.55936147214736
53.96902, 66.87190683911246
53.9893, 63.62484030294018
54.00958, 61.61044043955678
54.02986, 75.61379195205566
54.05014, 60.88590804953177
54.07041, 64.63443958927952
54.09069, 71.7840192554959
54.11097, 49.830176077921884
54.13125, 69.20819039274224
54.15153, 66.74701485890206
54.17181, 76.843689228561
54.19209, 70.28324545959342
54.21237, 69.22103269628971
54.23265, 59.49030233658078
54.25293, 72.96443774700364
54.2732, 64.65246716773214
54.29348, 75.88164139265679
54.31376, 79.8536691921204
54.33404, 75.68078064693024
54.35432, 72.39350427802499
54.3746, 83.86244061438964
54.39488, 79.73219259579085
54.41516, 81.30874440575342
54.43544, 75.46470909331514
54.45571, 77.33983532652644
54.47599, 70.76511879932593
54.49627, 77.76768572102115
54.51655, 79.35644014168665
54.53683, 64.71710215019061
54.55711, 73.01772676328765
54.57739, 65.97738407614337
54.59767, 67.92855028292189
54.61795, 85.41157339053568
54.63822, 67.13182992536623
54.6585, 79.5882469381518
54.67878, 84.38951008826733
54.69906, 88.25893015427135
54.71934, 69.30449864392469
54.73962, 78.03124951089507
54.7599, 87.05135381661765
54.78018, 75.12705781215622
54.80046, 77.35538104905675
54.82074, 76.33600014941815
54.84101, 73.91553081197047
54.86129, 67.50452979589299
54.88157, 73.12263932178841
54.90185, 67.9236741262663
54.92213, 61.557574649735166
54.94241, 75.49508704273845
54.96269, 73.5838807333835
54.98297, 73.4970364593793
55.00325, 77.4757495849819
55.02352, 62.354356319713936
55.0438, 68.89381030510197
55.06408, 49.29136463385087
55.08436, 63.10058283208708
55.10464, 75.2578259454196
55.12492, 68.92489409969815
55.1452, 71.39103443235322
55.16548, 68.19533760833951
55.18576, 72.64894359849299
55.20604, 61.68351410926945
55.22632, 64.38418666791469
55.2466, 65.85798662082314
55.26688, 74.56732717050207
55.28715, 71.7515607848122
55.30743, 70.07586558107347
55.32771, 75.06839485276947
55.34799, 69.6504771680873
55.36827, 63.96291404264802
55.38855, 61.996733602122596
55.40883, 80.50080901247222
55.42911, 68.81626364176243
55.44939, 77.58818592653121
55.46966, 58.789269858176986
55.48994, 82.93506482032097
55.51022, 70.42601515424901
55.5305, 75.71149103947967
55.55078, 62.854919812596805
55.57106, 65.26754907243104
55.59134, 74.15553285206119
55.61162, 64.96639610756318
55.6319, 66.15606467260388
55.65218, 70.82129307792584
55.67245, 69.80807790480983
55.69273, 80.75374588357975
55.71301, 73.91823508056727
55.73329, 79.33126372837282
55.75357, 68.49545172921054
55.77385, 72.79908346092972
55.79413, 68.11579219646951
55.81441, 71.02443799172286
55.83469, 76.52676974006226
55.85496, 72.35494455506903
55.87524, 65.84629176943812
55.89552, 68.20848898374535
55.9158, 79.70673971641558
55.93608, 88.05173286078639
55.95636, 77.3901831056233
55.97664, 87.42437164588648
55.99692, 88.01018315629922
56.0172, 85.14231617634248
56.03747, 83.21155094860156
56.05775, 80.6387212290273
56.07803, 85.65111977313609
56.09831, 67.40813417334533
56.11859, 95.94637502621678
56.13887, 90.20328053153932
56.15915, 99.7823440696145
56.17943, 94.52948097158375
56.19971, 92.4492922232404
56.21999, 91.00377313365472
56.24026, 94.6881092214564
56.26054, 105.76452566018673
56.28082, 90.04148208661583
56.3011, 108.55636845099711
56.32138, 109.57489898013758
56.34166, 127.17582444857003
56.36194, 109.12234617600082
56.38222, 131.1566416539464
56.4025, 129.03448867556327
56.42277, 133.45131984771123
56.44305, 135.99463451184027
56.46333, 134.51377097006224
56.48361, 143.77277201652265
56.50389, 163.5557382706304
56.52417, 163.80931248052298
56.54445, 171.53250912355506
56.56473, 163.1929626648548
56.58501, 178.2286813045951
56.60528, 191.9753927916694
56.62556, 199.2633959826432
56.64584, 222.01634940214365
56.66612, 227.68285783329398
56.6864, 215.02699456357453
56.70668, 211.3492875225447
56.72696, 240.2115853373724
56.74724, 233.24365579964618
56.76752, 253.06983361156773
56.7878, 260.0472025900419
56.80808, 247.23225462510604
56.82836, 277.12549151079133
56.84864, 258.7787787303711
56.86891, 261.1141593623945
56.88919, 258.80641717572786
56.90947, 261.5517421983176
56.92975, 245.26441980043722
56.95003, 236.36302407831676
56.97031, 257.63175694966924
56.99059, 246.27802447191704
57.01087, 229.99092384336194
57.03115, 214.92137624345392
57.05143, 210.04682464395046
57.0717, 217.72083536243483
57.09198, 191.62371774959792
57.11226, 194.95479413791787
57.13254, 178.1444387887881
57.15282, 173.68604240121812
57.1731, 183.1513620363198
57.19338, 174.60789507074497
57.21366, 153.29203050959913
57.23394, 130.90658482004366
57.25421, 130.71048041074553
57.27449, 138.06882082419312
57.29477, 130.28653209602436
57.31505, 137.7179910528494
57.33533, 106.07610847761825
57.35561, 123.63982630105778
57.37589, 109.89593749741461
57.39617, 118.5783936479813
57.41645, 99.01434603396055
57.43672, 101.9290320544715
57.457, 81.42418160273822
57.47728, 91.08499025956182
57.49756, 100.04830044589032
57.51784, 86.8696890959227
57.53812, 90.44960357529146
57.5584, 94.33457549817615
57.57868, 70.86251517620408
57.59896, 86.92819705005334
57.61924, 72.51120128716664
57.63951, 85.24537965935724
57.65979, 102.77330837435463
57.68007, 89.3320007370072
57.70035, 68.36591098686597
57.72063, 60.7013690505327
57.74091, 65.70222219429053
57.76119, 71.2930724480907
57.78147, 67.14303571784065
57.80175, 78.8854539627002
57.82202, 79.60245949890094
57.8423, 75.76545598011595
57.86258, 62.754978291621754
57.88286, 81.59958683209838
57.90314, 72.33071413890443
57.92342, 80.15270645656597
57.9437, 69.67558245208365
57.96398, 72.46329758566034
57.98426, 76.21884237533948
58.00453, 57.78410290030119
58.02481, 77.1674378270679
58.04509, 61.3175211760104
58.06537, 59.7025200613556
58.08565, 74.29045876686307
58.10593, 62.66605815502282
58.12621, 69.99491187130013
58.14649, 53.07554505123812
58.16677, 56.8479736050986
58.18705, 62.10487709373373
58.20732, 49.60052466299145
58.2276, 58.33129363429335
58.24788, 51.888725196317125
58.26816, 53.50011966621912
58.28844, 58.54971390897
58.30872, 58.96698561434174
58.329, 69.13945750745611
58.34928, 59.26037458879363
58.36956, 76.56033259471977
58.38984, 50.78256578578531
58.41012, 68.86095755826368
58.4304, 66.52599534994197
58.45068, 59.988296899846155
58.47095, 57.968934123828205
58.49123, 60.87647485797757
58.51151, 55.80811909428545
58.53179, 54.32843693351015
58.55207, 72.86172276530921
58.57235, 65.28022850906983
58.59263, 69.10628991777128
58.61291, 70.67008986548012
58.63319, 64.58942258947843
58.65346, 56.72581369055375
58.67374, 40.157346771163795
58.69402, 59.10567117596673
58.7143, 56.69513928958424
58.73458, 68.91534427474217
58.75486, 55.20850305380501
58.77514, 60.312381964404565
58.79542, 64.03520447394985
58.8157, 68.6581507303319
58.83597, 58.660248325497534
58.85625, 47.990190221983426
58.87653, 59.39078292530959
58.89681, 68.78826516577706
58.91709, 57.41816790146672
58.93737, 65.35181622631922
58.95765, 49.90416288231761
58.97793, 54.95977304626192
58.99821, 61.17996876873113
59.01849, 65.30267089868688
59.03876, 53.7177295712959
59.05904, 60.470853394282145
59.07932, 65.75143539198098
59.0996, 68.29910868912206
59.11988, 66.51899336325499
59.14016, 65.43728351244823
59.16044, 43.72041417878473
59.18072, 65.433582416311
59.201, 58.35847901778303
59.22127, 46.370003652119365
59.24155, 54.93917647535278
59.26183, 56.552549951276674
59.28211, 50.85671476148456
59.30239, 60.14375494327501
59.32267, 62.565189150174184
59.34295, 50.01289781781646
59.36323, 69.3476325958889
59.38351, 54.42858166864211
59.40379, 54.44572172968502
59.42406, 65.33672212029948
59.44434, 65.19322705998893
59.46462, 65.97757643448145
59.4849, 67.5531362905707
59.50518, 56.39159277979819
59.52546, 69.29688904567828
59.54574, 55.61760719484047
59.56602, 67.48656490651307
59.5863, 50.77990555782638
59.60657, 61.28514117415888
59.62685, 47.434546111101795
59.64713, 57.774588400673686
59.66741, 61.176533352079566
59.68769, 63.2250417056638
59.70797, 73.20921546775932
59.72825, 62.85053631249387
59.74853, 62.31733951029018
59.76881, 58.3698221694854
59.78908, 32.76516532629888
59.80936, 59.73637748053006
59.82964, 51.72781686017319
59.84992, 61.39034389245266
59.8702, 73.20440745664666
59.89048, 68.4556017802348
59.91076, 59.974558923791314
59.93104, 66.63048887873407
59.95132, 75.65782456949778
59.9716, 62.57332901642495
59.99188, 58.84958538205211
60.01216, 52.78436128346827
60.03244, 57.02799589032688
60.05271, 65.96236325187888
60.07299, 53.01119967599479
60.09327, 62.15573690356594
60.11355, 61.65685474974574
60.13383, 60.19288178753613
60.15411, 66.58830781292586
60.17439, 57.94128414163611
60.19467, 60.73145538586919
60.21495, 59.50356791477251
60.23522, 65.4903779852236
60.2555, 66.43453425554942
60.27578, 65.9165581866122
60.29606, 59.42518479186406
60.31634, 68.58219140180744
60.33662, 53.81708229533666
60.3569, 53.907117170099575
60.37718, 51.97555097076854
60.39746, 70.07509146209023
60.41774, 72.01564151546535
60.43801, 65.5023994924004
60.45829, 62.47174736491925
60.47857, 62.514810962515966
60.49885, 58.27442909997792
60.51913, 57.38130832381167
60.53941, 68.67295445944708
60.55969, 58.272150835773274
60.57997, 64.55334944829201
60.60025, 55.55541614375207
60.62052, 70.69158024459279
60.6408, 68.65758614068729
60.66108, 57.87340024361559
60.68136, 63.610643584539304
60.70164, 73.0789769949009
60.72192, 66.2225032154627
60.7422, 66.70481925157384
60.76248, 55.99139910888113
60.78276, 65.26617579003106
60.80304, 63.58400307254338
60.82331, 61.31959354324823
60.84359, 49.36005714638646
60.86387, 72.35898178507854
60.88415, 63.93570545173782
60.90443, 68.62423162776089
60.92471, 72.36190303181937
60.94499, 61.12704586977764
60.96527, 58.18392912474497
60.98555, 59.6529131674534
61.00582, 62.52932858124697
61.0261, 51.567013652393065
61.04638, 57.694578066149845
61.06666, 59.05928315521256
61.08694, 64.38776075819894
61.10722, 66.10477152440805
61.1275, 66.24087690529575
61.14778, 51.24361696130262
61.16806, 61.2001798392452
61.18833, 67.45812666959753
61.20861, 52.91740592556523
61.22889, 62.72602307301908
61.24917, 71.56651994242938
61.26945, 64.16552669359302
61.28973, 67.78574806466199
61.31001, 71.65112023632747
61.33029, 65.74149194451617
61.35057, 65.37879145647354
61.37085, 64.26090805752126
61.39112, 70.05804551199085
61.4114, 59.859452685137654
61.43168, 69.36801845306006
61.45196, 60.94419183206125
61.47224, 81.62873609090511
61.49252, 59.43038348709026
61.5128, 62.98513145918327
61.53308, 59.833436309384
61.55336, 63.876531937295674
61.57364, 66.02923295155061
61.59392, 79.50184708308205
61.6142, 71.00116024132326
61.63448, 63.17296386460052
61.65475, 66.33730088792966
61.67503, 56.09406457251883
61.69531, 62.84666155148807
61.71559, 58.614996261251825
61.73587, 53.653101318457246
61.75615, 63.771969836206104
61.77643, 60.45308397047794
61.79671, 74.33786744164561
61.81699, 63.58612932658091
61.83726, 76.70158453581072
61.85754, 69.42998835836418
61.87782, 63.751056916986826
61.8981, 59.12882318914894
61.91838, 70.64726282825188
61.93866, 63.24507492548502
61.95894, 65.40273062564657
61.97922, 74.44438059704943
61.9995, 55.23039924423906
62.01977, 58.85613683478458
62.04005, 63.9394490748806
62.06033, 70.15056314806858
62.08061, 73.60554567247283
62.10089, 61.57665459495318
62.12117, 80.20472500312778
62.14145, 74.22483577247367
62.16173, 80.14318195958444
62.18201, 76.35632285569253
62.20229, 66.35386958619983
62.22256, 73.35961424101629
62.24284, 74.1263442083092
62.26312, 75.05691780325543
62.2834, 60.84551607736313
62.30368, 77.22006872943658
62.32396, 68.27344281422026
62.34424, 80.52614879975394
62.36452, 73.50584239603617
62.3848, 68.06590372210711
62.40507, 67.39137665548022
62.42535, 76.27552599878398
62.44563, 85.02170063684518
62.46591, 88.90313347764683
62.48619, 85.59368731453957
62.50647, 97.13285588943153
62.52675, 85.98862775496735
62.54703, 84.23967369902016
62.56731, 84.28716344137169
62.58758, 87.84431340752262
62.60786, 84.25891757580355
62.62814, 82.28495482972345
62.64842, 98.4996568322452
62.6687, 80.3062529071033
62.68898, 99.37488763171852
62.70926, 95.964552330151
62.72954, 108.48573810452316
62.74982, 110.34052109113111
62.7701, 100.48636672739484
62.79037, 98.08128485532617
62.81065, 110.85069348932663
62.83093, 134.4649888536925
62.85121, 140.34532496548783
62.87149, 126.86186829161792
62.89177, 118.51887193021979
62.91205, 127.22868193247811
62.93233, 129.71562939150152
62.95261, 145.28173044943415
62.97288, 150.9204422252615
62.99316, 147.16907930627104
63.01344, 148.55436968155533
63.03372, 152.56965622834613
63.054, 155.54809705979866
63.07428, 164.89657673507287
63.09456, 187.11613610258217
63.11484, 217.280356264209
63.13512, 213.4162699434643
63.1554, 200.24171024755958
63.17568, 211.52636982703677
63.19596, 213.77450591336003
63.21624, 236.54380380501124
63.23651, 260.9332368605842
63.25679, 259.78766434527876
63.27707, 252.28506955638758
63.29735, 284.5355387483514
63.31763, 267.37674245671707
63.33791, 287.115623682038
63.35819, 300.96200400482303
63.37847, 329.5362978620189
63.39875, 314.83491174871017
63.41902, 339.46247816745074
63.4393, 328.21129520098214
63.45958, 304.6285279638636
63.47986, 305.58067862812044
63.50014, 328.66387871166364
63.52042, 306.4968147070566
63.5407, 323.76111579109534
63.56098, 296.1034527273056
63.58126, 306.9059680323162
63.60154, 303.48525422708667
63.62181, 304.9487655353063
63.64209, 302.6896866918427
63.66237, 299.29670754541297
63.68265, 301.22576714341403
63.70293, 254.9965569272524
63.72321, 252.5769733933031
63.74349, 269.427629357635
63.76377, 236.58457205926356
63.78405, 243.18929851364703
63.80432, 216.58692429399392
63.8246, 209.45251725056607
63.84488, 203.32121268079158
63.86516, 197.22177598705494
63.88544, 166.9971349312143
63.90572, 183.19244305787745
63.926, 181.30118121006367
63.94628, 149.25435224414497
63.96656, 161.2825230373326
63.98683, 159.16078566198334
64.00711, 136.9711491141319
64.02739, 135.47984397830825
64.04767, 131.6987190107746
64.06795, 157.47245430083188
64.08823, 131.6024490906314
64.10851, 110.52782350758899
64.12879, 107.85993251715361
64.14907, 112.46689673702231
64.16935, 121.01825512502722
64.18962, 126.5633968018546
64.2099, 117.93693545874459
64.23018, 99.79658188167284
64.25046, 106.17008319327542
64.27074, 113.90063382899709
64.29102, 116.78129425287132
64.3113, 82.83549978925396
64.33158, 106.59686143018646
64.35186, 92.99369122887133
64.37213, 89.39174039633153
64.39241, 81.28044927284549
64.41269, 85.33353688266666
64.43297, 100.89174066898019
64.45325, 85.91240354528631
64.47353, 82.5983683742651
64.49381, 82.33014675081812
64.51409, 79.58754509662366
64.53437, 82.28092175001538
64.55464, 71.9859370461595
64.57492, 80.90520474677517
64.5952, 84.76764872982017
64.61548, 82.14171301739597
64.63576, 64.84684353083055
64.65604, 70.10540546392099
64.67632, 81.10029734942036
64.6966, 56.14898933635051
64.71688, 68.42896189569532
64.73716, 74.71755792071625
64.75743, 79.55941119156253
64.77771, 78.73138264814673
64.79799, 71.42441198842707
64.81827, 72.25302574369819
64.83855, 62.13261129409484
64.85883, 62.51000730951281
64.87911, 65.91298922774159
64.89939, 55.31239532339049
64.91967, 68.4976179678061
64.93994, 68.82557307002648
64.96022, 62.59117205862162
64.9805, 61.80580294988442
65.00078, 52.59587803523118
65.02106, 79.01697221760071
65.04134, 52.76050650541335
65.06162, 69.1150207681662
65.0819, 62.911090408678746
65.10218, 73.66595992693465
65.12245, 76.73749427454324
65.14273, 84.19824719452768
65.16301, 73.93745992757997
65.18329, 65.1987252034463
65.20357, 82.32736214664848
65.22385, 77.22800002376937
65.24413, 79.38651921696702
65.26441, 80.01282265258834
65.28469, 63.60488092464723
65.30497, 67.57382670539015
65.32524, 73.94628407501223
65.34552, 65.0180065224467
65.3658, 62.75777291992198
65.38608, 58.431658674913756
65.40636, 70.77160871356048
65.42664, 66.2898301420166
65.44692, 74.17701657183622
65.4672, 65.85497847124925
65.48748, 62.99419113545589
65.50775, 61.01142451425349
65.52804, 75.97482290691018
65.54832, 66.66176852386765
65.5686, 62.89440945514468
65.58888, 67.3526062158107
65.60916, 57.96321887331699
65.62944, 56.99093480803837
65.64971, 59.60391381100487
65.66999, 55.44636577631836
65.69027, 55.79173849086716
65.71055, 72.69005898243567
65.73083, 66.59195865252883
65.75111, 70.38873170956553
65.77139, 65.6001068313831
65.79167, 63.47385455861704
65.81195, 65.22529868936681
65.83223, 68.58020496096918
65.8525, 76.59182356405256
65.87278, 70.99808554954403
65.89306, 76.01117067211858
65.91334, 72.74306115809868
65.93362, 66.87683609819933
65.9539, 61.27398927567581
65.97418, 65.44694850971774
65.99446, 73.90411202699121
66.01474, 59.28835787216099
66.03501, 72.28342114684125
66.05529, 69.80931823035601
66.07557, 69.83477007649586
66.09585, 68.11614641504526
66.11613, 70.74607342368762
66.13641, 77.36578730306987
66.15669, 73.65993755270351
66.17697, 81.17635083508682
66.19725, 70.84441115090189
66.21752, 78.11790097481008
66.2378, 71.36376103016761
66.25808, 72.75366373771345
66.27836, 82.60247662751117
66.29864, 75.29037546868064
66.31892, 69.82610752225142
66.3392, 82.95512844607684
66.35948, 74.81979939709501
66.37976, 74.21271253568173
66.40004, 81.14679694546483
66.42031, 69.93770292573085
66.44059, 95.48622510193925
66.46087, 83.7867228561789
66.48115, 78.60443369802707
66.50143, 79.71246955508289
66.52171, 80.86912210226205
66.54199, 81.8520723628256
66.56227, 82.7245004650021
66.58255, 85.15897709721081
66.60282, 86.14546945932577
66.6231, 88.46617740888713
66.64338, 85.41195198149909
66.66366, 82.20802150551947
66.68394, 86.94178474169216
66.70422, 81.16373008355147
66.7245, 85.6904071267275
66.74478, 74.35152586031813
66.76506, 79.01327509979842
66.78533, 73.84442377053684
66.80561, 78.70475045303559
66.82589, 65.79109924277105
66.84617, 83.51436817796242
66.86645, 91.2847725743315
66.88673, 75.16220362312642
66.90701, 70.93590963463947
66.92729, 72.08526563708286
66.94757, 76.20289066290877
66.96785, 74.53890560146114
66.98812, 65.14778872601109
67.0084, 75.23578739770906
67.02868, 77.45673669520878
67.04896, 76.56152489281561
67.06924, 74.3634651647881
67.08952, 68.78800387447471
67.1098, 82.69837439464189
67.13008, 65.06167011025335
67.15036, 76.27239599917547
67.17063, 76.41483021573694
67.19091, 61.061006477357665
67.21119, 65.95524990917102
67.23147, 59.5767709410075
67.25175, 59.397909985664626
67.27203, 67.42580462462021
67.29231, 63.85181825043645
67.31259, 59.703042875339165
67.33287, 82.64937805195437
67.35314, 76.01791874936795
67.37342, 75.37507307385953
67.3937, 66.7887970676527
67.41398, 77.11601747697158
67.43426, 73.47325089559196
67.45454, 72.97551647159929
67.47482, 96.95598407674304
67.4951, 70.28602486380404
67.51538, 91.81809848109799
67.53566, 84.80471592792003
67.55593, 85.03737437778719
67.57621, 81.65163371396945
67.59649, 91.80180080227791
67.61677, 91.01571316821877
67.63705, 89.06292751582416
67.65733, 87.00273122740583
67.67761, 85.87064817307228
67.69789, 113.92647998082123
67.71817, 112.24352218846575
67.73844, 99.81596529706738
67.75872, 99.7372327603868
67.779, 119.65484352796048
67.79928, 117.53000568428865
67.81956, 120.5732395183577
67.83984, 118.41658863184404
67.86012, 128.40090412515167
67.8804, 106.11932552286324
67.90068, 125.7477441283497
67.92095, 127.44309694428303
67.94123, 136.7975495924962
67.96151, 113.21166204846543
67.98179, 146.00023705790798
68.00207, 150.25821322167127
68.02235, 167.2227104002484
68.04263, 160.79191749900542
68.06291, 164.55466923125854
68.08319, 165.34802966547315
68.10347, 186.02235689704034
68.12374, 184.82448038673112
68.14402, 194.34775172659135
68.1643, 193.93763287802201
68.18458, 199.56520478559653
68.20486, 201.39071681673886
68.22514, 215.86845326002722
68.24542, 204.54986201393538
68.2657, 221.42233356600585
68.28598, 222.42449704480862
68.30625, 214.33749431649989
68.32653, 238.13993235472037
68.34681, 242.88593098741586
68.36709, 225.07814275445506
68.38737, 246.65698204746076
68.40765, 251.67290984762064
68.42793, 244.8542523875451
68.44821, 237.56362685147514
68.46849, 250.97029910591817
68.48877, 254.53711842114086
68.50904, 238.64964922984194
68.52932, 253.496993741128
68.5496, 206.35776675375524
68.56988, 206.9759756388527
68.59016, 210.42625637747818
68.61044, 202.41552921791305
68.63072, 222.65730109146415
68.651, 222.87399625929126
68.67128, 221.00104104014167
68.69155, 190.5116137437691
68.71183, 174.2402571992129
68.73212, 161.83906209424165
68.7524, 197.3972818538671
68.77268, 165.17224371055806
68.79296, 175.64481409981116
68.81324, 165.47449629134925
68.83351, 163.07101740441578
68.85379, 186.7631947188131
68.87407, 156.21378946154434
68.89435, 161.201100283725
68.91463, 155.07760561617073
68.93491, 168.56004713927143
68.95519, 150.53019213779237
68.97547, 141.4147381281035
68.99575, 126.05677265674434
69.01602, 165.46684775086553
69.0363, 151.57260164139848
69.05658, 160.56656065485575
69.07686, 147.80524790622587
69.09714, 153.13015121996833
69.11742, 143.54342121095783
69.1377, 150.6116212883204
69.15798, 135.58229823619402
69.17826, 169.77212604529427
69.19854, 158.3870733804672
69.21881, 154.64433475080702
69.23909, 165.72493616213728
69.25937, 164.1416121532069
69.27965, 170.44120607187583
69.29993, 173.13707324447063
69.32021, 172.06856877586313
69.34049, 170.48712115792932
69.36077, 182.0394219936988
69.38105, 152.78316657364928
69.40132, 167.20331886322268
69.4216, 165.55736306489754
69.44188, 176.2252674944054
69.46216, 163.91188200043305
69.48244, 165.97886026123913
69.50272, 172.28891868399776
69.523, 160.65028332409472
69.54328, 147.63178944474066
69.56356, 179.26144672212143
69.58383, 147.78349606891192
69.60411, 152.40639406877256
69.62439, 161.06198686491143
69.64467, 152.77895011400108
69.66495, 130.96979260610487
69.68523, 149.60745884449244
69.70551, 133.25094471431936
69.72579, 136.05656178423465
69.74607, 126.62387903398525
69.76635, 126.7745422067626
69.78662, 129.68508993509053
69.8069, 109.79349303228895
69.82718, 108.10011169688741
69.84746, 106.62262064642991
69.86774, 117.11715221106567
69.88802, 110.28088602774216
69.9083, 111.8671959295881
69.92858, 115.8625948633394
69.94886, 137.13239857475804
69.96913, 99.8065790597058
69.98941, 113.67600124027408
70.00969, 69.73013171325574
70.02997, 101.4792945934619
70.05025, 84.20275113216384
70.07053, 81.11947918870696
70.09081, 81.34452277179192
70.11109, 83.60644615574412
70.13137, 81.07990617745897
70.15164, 94.5396759295536
70.17192, 71.09327803367425
70.1922, 98.46604728377197
70.21248, 76.66592679851846
70.23276, 82.35480901673876
70.25304, 76.12498905875665
70.27332, 77.22030653723016
70.2936, 77.66465867089963
70.31388, 83.3488350895246
70.33416, 65.35561184262608
70.35443, 66.63108449487717
70.37471, 62.017737624755966
70.39499, 71.22361818152447
70.41527, 63.417810659645184
70.43555, 70.70880319786532
70.45583, 55.24649009606907
70.47611, 60.51730818920548
70.49639, 66.531626348855
70.51667, 58.312242005716364
70.53694, 58.72175654818511
70.55722, 58.792379918669184
70.5775, 59.63303570037354
70.59778, 54.33432672048704
70.61806, 53.807351834533975
70.63834, 63.7553674138948
70.65862, 58.4300801913609
70.6789, 71.76205674235985
70.69918, 59.37675606064347
70.71946, 60.60651713728075
70.73973, 67.70138859410972
70.76001, 64.26100973307382
70.78029, 56.37020257800597
70.80057, 58.53862780736989
70.82085, 56.625871971986236
70.84113, 43.67391141249792
70.86141, 58.85283919139496
70.88169, 46.29999184561149
70.90197, 41.323858547089465
70.92224, 49.540904808920445
70.94252, 51.585013020716694
70.9628, 53.9433376436468
70.98308, 45.48978363202073
71.00336, 54.55377099608603
71.02364, 47.085379640353906
71.04392, 49.8173914757104
71.0642, 51.5563348018288
71.08448, 52.75479921170313
71.10475, 52.08517672784989
71.12503, 59.78256599110886
71.14531, 52.090623419149665
71.16559, 40.69810986273267
71.18587, 42.03353228945058
71.20615, 50.203790753369795
71.22643, 45.18847331767272
71.24671, 49.361505639210165
71.26699, 55.59479899185064
71.28727, 49.78447119254504
71.30754, 57.52960435265028
71.32782, 59.696924997426486
71.3481, 55.82916866171929
71.36838, 53.342541001189815
71.38866, 51.22828124336594
71.40894, 54.06460662899205
71.42922, 48.6211674588101
71.4495, 62.72106969993181
71.46978, 65.59309124266801
71.49005, 49.03140638232944
71.51033, 56.86554168197364
71.53061, 44.590133391446585
71.55089, 49.86100188917166
71.57117, 49.45750812349208
71.59145, 49.90970714890804
71.61173, 56.67332983720827
71.63201, 66.0862554325411
71.65229, 49.3182726036258
71.67256, 58.6046921468747
71.69284, 49.001116267256236
71.71312, 64.23254495306111
71.7334, 47.8323730000147
71.75368, 50.516449019362526
71.77396, 53.34101015885832
71.79424, 59.73198951931957
71.81452, 50.22290672414562
71.8348, 25.24550528088072
71.85508, 43.38757491009648
71.87535, 48.15343047699116
71.89563, 52.272448040753474
71.91592, 58.35760823066241
71.9362, 53.11320395241134
71.95648, 48.807841608443866
71.97676, 50.69760838996146
71.99704, 34.57318831810824
72.01731, 41.39170298921429
72.03759, 53.13863980949617
72.05787, 50.79664864841648
72.07815, 51.062706429361405
72.09843, 57.9901098450581
72.11871, 57.86674465629467
72.13899, 45.13980458524101
72.15927, 41.700368088764606
72.17955, 49.78847561735266
72.19982, 48.47938587926552
72.2201, 49.947678261806175
72.24038, 50.604996634648415
72.26066, 45.02395998777546
72.28094, 57.579973418735676
72.30122, 45.94634716567486
72.3215, 49.43501556383957
72.34178, 57.19650652420308
72.36206, 43.55953092718272
72.38233, 52.69554515001816
72.40261, 49.692077563793866
72.42289, 42.59495590044511
72.44317, 60.66696230535105
72.46345, 50.15130860018492
72.48373, 49.42730184562191
72.50401, 40.78852089178129
72.52429, 43.36878278934082
72.54457, 45.80493989821444
72.56485, 45.87409788727081
72.58512, 58.507721180910536
72.6054, 46.20039569182731
72.62568, 59.934265632300665
72.64596, 45.658075902994625
72.66624, 49.43791089777791
72.68652, 34.923404235950734
72.7068, 59.15146457022982
72.72708, 51.04409187655038
72.74736, 54.008325303899426
72.76763, 42.03457687662169
72.78791, 49.418463501858575
72.80819, 54.0793861090653
72.82847, 61.10266751003563
72.84875, 55.086994533452255
72.86903, 52.56610598796325
72.88931, 50.72979959301208
72.90959, 57.898311070220096
72.92987, 51.034981840051444
72.95015, 61.49677054641185
72.97042, 58.54870609779006
72.9907, 63.88577817322586
73.01098, 61.21016781683056
73.03126, 57.86526984151971
73.05154, 57.85412880127809
73.07182, 65.99046596183474
73.0921, 65.36101490557523
73.11238, 55.3292515611674
73.13266, 48.999023236669274
73.15293, 63.524336615003214
73.17321, 60.293433059459836
73.19349, 74.7765576150366
73.21377, 85.12408831244407
73.23405, 76.49553351957493
73.25433, 76.84610803200884
73.27461, 75.71337526017626
73.29489, 73.20831342580642
73.31517, 79.35224522704637
73.33544, 77.30314860984328
73.35572, 69.79873195774454
73.376, 76.92955773261838
73.39628, 75.76221539324496
73.41656, 77.12661254160959
73.43684, 86.23256621822787
73.45712, 84.54956744044233
73.4774, 75.13744588123465
73.49768, 77.07112204446828
73.51796, 77.22091739423041
73.53823, 90.71741464798389
73.55851, 82.85764179627887
73.57879, 72.55693429759452
73.59907, 74.93556911144029
73.61935, 89.4213242775868
73.63963, 81.46347198851849
73.65991, 73.99415958108142
73.68019, 79.20098484202688
73.70047, 79.24430043329524
73.72074, 66.39476297567224
73.74102, 87.53568143480547
73.7613, 68.3287847228388
73.78158, 76.75345656945987
73.80186, 79.34299383731441
73.82214, 71.44410271530992
73.84242, 68.56789937861191
73.8627, 66.24682374090202
73.88298, 62.55407768658396
73.90325, 64.32642624559426
73.92353, 42.903177944810565
73.94381, 56.579165760648465
73.96409, 65.05829191821013
73.98437, 49.706575817720434
74.00465, 54.637473343761066
74.02493, 52.12804016445182
74.04521, 57.42396164661896
74.06549, 50.95922360038691
74.08577, 54.15147564985053
74.10604, 47.77651985856678
74.12632, 52.99485733444604
74.1466, 54.83461912143392
74.16688, 49.066597518516815
74.18716, 49.06733500405039
74.20744, 51.16336164793956
74.22772, 51.378194442651456
74.248, 40.90386166908866
74.26828, 52.892110259373666
74.28855, 59.797130423525964
74.30883, 48.554943559520005
74.32911, 50.51298803051527
74.34939, 55.498507703168045
74.36967, 49.50433683829149
74.38995, 51.54308579582825
74.41023, 35.16635680191899
74.43051, 34.201059250533206
74.45079, 47.602833207314546
74.47106, 47.96441297298342
74.49134, 51.61322873222984
74.51162, 46.19811346704456
74.5319, 41.746052016670575
74.55218, 51.14670293041533
74.57246, 40.86002635894556
74.59274, 58.69001417471942
74.61302, 47.48909715212892
74.6333, 63.03582027842799
74.65358, 53.11761522596353
74.67385, 44.65197116047413
74.69413, 45.532004876477906
74.71441, 39.277450749520284
74.73469, 46.912926457458745
74.75497, 48.32863135883721
74.77525, 44.53995284387362
74.79553, 45.31600268800012
74.81581, 50.695557099434254
74.83609, 43.89795677819551
74.85636, 34.23360829620785
74.87664, 51.15884777358763
74.89692, 41.33208893108224
74.9172, 42.190324385842594
74.93748, 49.33769728227524
74.95776, 43.71973404776388
74.97804, 38.504778485875576
74.99832, 53.09495544849735
75.0186, 30.20167233618203
75.03887, 36.98827679936834
75.05915, 37.32401501326352
75.07943, 46.76933453511162
75.09971, 41.06080622110947
75.12, 38.52059291421146
75.14028, 54.81673748438992
75.16056, 49.888712843687024
75.18084, 33.65488843859683
75.20111, 45.546157634927255
75.22139, 36.01983332312541
75.24167, 43.7432002428074
75.26195, 36.58200479481049
75.28223, 48.072379705276
75.30251, 32.57792726858876
75.32279, 41.693172599454755
75.34307, 49.321619000427816
75.36335, 45.151409147499905
75.38362, 41.564003719889804
75.4039, 57.11923555328299
75.42418, 40.50814136459812
75.44446, 41.31240078076909
75.46474, 58.49337205358792
75.48502, 34.53507393291857
75.5053, 41.60079688923379
75.52558, 27.550958750590937
75.54586, 39.02060987295935
75.56613, 43.314685130740095
75.58641, 39.65426537475982
75.60669, 44.18399564766004
75.62697, 45.35507097124037
75.64725, 38.50771601731258
75.66753, 43.43910273079189
75.68781, 40.36439497191793
75.70809, 46.32568866477428
75.72837, 46.264887538875016
75.74865, 42.66277378718187
75.76892, 43.01250476485692
75.7892, 44.99040714554425
75.80948, 50.47436989030303
75.82976, 36.82479229477945
75.85004, 34.82323705917778
75.87032, 35.31277917100549
75.8906, 42.717294866847624
75.91088, 35.50749560008957
75.93116, 49.54623178244642
75.95143, 44.176076049005964
75.97171, 52.1659823577942
75.99199, 39.558295629068176
76.01227, 48.89295357250681
76.03255, 52.99018163918212
76.05283, 46.80168194005075
76.07311, 39.888396965022906
76.09339, 40.19606733499246
76.11367, 29.851846200210993
76.13394, 39.72371240013704
76.15422, 47.40359498684565
76.1745, 47.51554726255564
76.19478, 52.134943082812995
76.21506, 41.49728032238872
76.23534, 43.50588537786383
76.25562, 42.58860325394185
76.2759, 34.633566693248454
76.29618, 46.49197439892734
76.31646, 49.13569486894543
76.33673, 39.20297058470451
76.35701, 45.922728727988314
76.37729, 41.23326970580236
76.39757, 41.05599790495496
76.41785, 47.74278377433652
76.43813, 49.327240318507535
76.45841, 54.520386858461634
76.47869, 44.33633749223753
76.49897, 46.686558198659064
76.51924, 51.8635916710739
76.53952, 34.710074138937685
76.5598, 48.032656297069764
76.58008, 59.21690413698374
76.60036, 40.51064772649597
76.62064, 53.92624258495066
76.64092, 44.68475041034371
76.6612, 40.97661638536809
76.68148, 46.93117079244778
76.70175, 41.95477283507972
76.72203, 48.56444999678127
76.74231, 47.279770507443004
76.76259, 50.1630759679369
76.78287, 42.45863264748114
76.80315, 43.0250188731117
76.82343, 43.6226669019773
76.84371, 49.76878241191618
76.86399, 45.92129990581743
76.88427, 45.40842823977721
76.90454, 49.131203657164804
76.92482, 48.336225004631345
76.9451, 63.89627587505612
76.96538, 55.14294903185847
76.98566, 48.73986828291274
77.00594, 56.16700172428375
77.02622, 61.56251277243541
77.0465, 57.32717229691901
77.06678, 50.630526467516944
77.08705, 58.42759836417227
77.10733, 52.2416451323494
77.12761, 55.00978516334794
77.14789, 50.79257047387047
77.16817, 47.88180701159455
77.18845, 63.98397503968195
77.20873, 58.690092217506006
77.22901, 52.14192962167308
77.24929, 43.07297253178933
77.26956, 51.23680663164169
77.28984, 54.78384978949524
77.31012, 62.503094519941
77.3304, 58.203790015828794
77.35068, 58.77868700662275
77.37096, 52.36440180167177
77.39124, 70.46174492256579
77.41152, 55.02612419304831
77.4318, 58.60704725295311
77.45208, 62.453324378655736
77.47235, 58.765614487191314
77.49263, 51.86116511744575
77.51291, 59.32278011437727
77.53319, 59.94324859899645
77.55347, 66.26176083082233
77.57375, 63.870685456734705
77.59403, 66.4727640097357
77.61431, 58.36413178265568
77.63459, 50.12535129475505
77.65486, 43.12289184230064
77.67514, 43.912384355970524
77.69542, 53.133432525889546
77.7157, 47.11552285531471
77.73598, 57.314863857282475
77.75626, 52.80829373222923
77.77654, 55.381798956953816
77.79682, 76.44788847234994
77.8171, 54.01266189730041
77.83737, 55.15419099996321
77.85765, 46.66052087506758
77.87793, 56.772467499045895
77.89821, 42.849464340576006
77.91849, 50.430908891802574
77.93877, 60.834866437608504
77.95905, 59.29755981174579
77.97933, 40.859296512079524
77.99961, 61.55167675485022
78.01989, 54.05654269533927
78.04016, 42.400786676783824
78.06044, 40.26481098230091
78.08072, 52.43564751209872
78.101, 45.0021424362066
78.12128, 54.10938726926763
78.14156, 48.76177540164838
78.16184, 46.27718594256788
78.18212, 37.503799019995526
78.2024, 39.908113874795276
78.22267, 37.15301114566566
78.24295, 39.641646607516826
78.26323, 39.37802559006726
78.28351, 41.011862869317966
78.30379, 35.36153145586131
78.32408, 39.56805707646203
78.34436, 38.970805211231195
78.36463, 42.814850624291864
78.38491, 50.13214187439497
78.40519, 33.57932605020272
78.42547, 37.9567135088644
78.44575, 38.30161672487711
78.46603, 32.16287901492316
78.48631, 37.78871143406113
78.50659, 39.8627255823432
78.52687, 35.7555773255225
78.54715, 37.00391351381698
78.56742, 42.02398849119569
78.5877, 40.689756043592695
78.60798, 37.24120663751414
78.62826, 37.25375091931711
78.64854, 36.70645260740828
78.66882, 29.626378449792412
78.6891, 44.88324341721115
78.70938, 38.38617309749935
78.72966, 41.31701932244995
78.74993, 43.96636118621995
78.77021, 53.655213276260056
78.79049, 44.47304555592396
78.81077, 40.540391216435815
78.83105, 32.506082991565876
78.85133, 45.811676790722004
78.87161, 31.926823810197284
78.89189, 49.41491770186593
78.91217, 42.38927528930411
78.93244, 38.80442667667677
78.95272, 46.292648349345825
78.973, 39.41412707512721
78.99328, 38.93334625883815
79.01356, 46.47168882859063
79.03384, 36.31918315204198
79.05412, 40.58957433854509
79.0744, 37.489375294087964
79.09468, 31.573744105088892
79.11496, 34.71383958754012
79.13523, 26.68907511817615
79.15551, 42.61570122987182
79.17579, 36.10176524118634
79.19607, 42.747648965452235
79.21635, 25.002008899723528
79.23663, 48.029780521144865
79.25691, 45.82973620502635
79.27719, 35.2028195139395
79.29747, 42.55063870364647
79.31774, 54.2410274189367
79.33802, 38.143217702268196
79.3583, 45.71729197813445
79.37858, 43.31056116367547
79.39886, 41.08878831588261
79.41914, 44.254285772348325
79.43942, 44.13106953957437
79.4597, 31.984573123589808
79.47998, 36.43533655015747
79.50025, 40.02854654393875
79.52053, 47.8999468147812
79.54081, 45.48187914515521
79.56109, 53.66468782552591
79.58137, 32.299139838950424
79.60165, 38.67765650176756
79.62193, 40.55929254983707
79.64221, 44.024871640120665
79.66249, 41.532833862600384
79.68277, 43.782404777801666
79.70304, 35.46678645892194
79.72332, 41.79371048355065
79.7436, 30.243031526063646
79.76388, 42.28725171901276
79.78416, 32.809717418279625
79.80444, 43.11065202461424
79.82472, 46.50289997498331
79.845, 37.12944588784592
79.86528, 29.127304577556096
79.88555, 40.40567074405433
79.90583, 50.10973852961095
79.92611, 39.744279574994664
79.94639, 36.44289598388727
79.96667, 34.15667606084877
79.98695, 29.926578613269207
80.00723, 42.559135138981674
80.02751, 33.810474248723054
80.04779, 31.43534509363406
80.06806, 36.356005405399515
80.08834, 31.173882038140494
80.10862, 41.52224027997369
80.1289, 30.453960239978244
80.14918, 42.45309453581712
80.16946, 28.701695021084447
80.18974, 39.296515191517415
80.21002, 35.26962709098059
80.2303, 44.09558467464355
80.25058, 55.63591707318234
80.27085, 36.45539549871671
80.29113, 39.061330077250865
80.31141, 39.74059398823798
80.33169, 39.737275191847445
80.35197, 35.05663799541964
80.37225, 36.44810852293903
80.39253, 28.594689554547664
80.41281, 32.81429169473691
80.43309, 46.2820414059902
80.45336, 54.291022390106086
80.47364, 36.25966165286307
80.49392, 42.978510347896375
80.5142, 23.48257357520129
80.53448, 43.36747105966387
80.55476, 27.633841218315993
80.57504, 33.15228247051861
80.59532, 29.758059865089812
80.6156, 37.21276054471074
80.63588, 45.8923947610361
80.65615, 50.237837535662266
80.67643, 36.50173802134628
80.69671, 41.30341699930916
80.71699, 48.94900515876478
80.73727, 47.37023658508851
80.75755, 47.51991167706458
80.77783, 45.4277362464167
80.79811, 42.36274390088062
80.81839, 42.41944945284304
80.83866, 38.08866330720592
80.85894, 34.177853543935456
80.87922, 27.179697352925526
80.8995, 28.16085586945482
80.91978, 34.55389339862549
80.94006, 40.682382889615695
80.96034, 23.965315533964393
80.98062, 29.97120256700583
81.0009, 41.6078333375128
81.02117, 30.210522403839402
81.04145, 46.31170013976615
81.06173, 36.085674306616006
81.08201, 37.776988390195825
81.10229, 42.760512162606354
81.12257, 39.837464471391954
81.14285, 37.31592045604132
81.16313, 52.724163635454524
81.18341, 32.33796959112222
81.20369, 44.53290938447891
81.22396, 47.95357218904149
81.24424, 47.84310171218078
81.26452, 38.36610213752667
81.2848, 44.09221870670852
81.30508, 43.976520103289836
81.32536, 43.8901199553472
81.34564, 50.97901792557885
81.36592, 36.01974882767867
81.3862, 42.41732878703725
81.40647, 49.353611106455695
81.42675, 48.33078461664484
81.44703, 49.477833276018636
81.46731, 35.21423848037305
81.48759, 32.58801216856975
81.50788, 36.62372117368222
81.52816, 38.72286456159957
81.54843, 39.66955965197444
81.56871, 45.7023663977286
81.58899, 42.35850500217655
81.60927, 37.62613187876313
81.62955, 41.85934923918991
81.64983, 35.741484883784665
81.67011, 42.1263117259293
81.69039, 50.633774777696864
81.71067, 49.25908523534329
81.73094, 42.33876930331098
81.75122, 43.67192311411389
81.7715, 46.598966466901416
81.79178, 49.73710193545491
81.81206, 39.19396582652366
81.83234, 46.54408925126773
81.85262, 38.62573331891388
81.8729, 54.289003257207455
81.89318, 40.20667691438831
81.91346, 39.79500774655284
81.93373, 50.91198748768126
81.95401, 46.07116751197452
81.97429, 48.9964432991176
81.99457, 41.86746804052164
82.01485, 46.170495349559616
82.03513, 45.89187112969005
82.05541, 53.52161986921837
82.07569, 54.67448831122463
82.09597, 40.13857628102568
82.11624, 53.94208241481332
82.13652, 59.6997198289403
82.1568, 56.331741067008636
82.17708, 58.22849173369787
82.19736, 53.29939302555532
82.21764, 48.97524118114492
82.23792, 69.171222808453
82.2582, 59.63522783093435
82.27848, 55.710743181669784
82.29875, 56.51013180252425
82.31903, 57.51348776311285
82.33931, 49.333639087661886
82.35959, 51.16086817408711
82.37987, 48.41217228331998
82.40015, 60.528794278843826
82.42043, 50.526437546621395
82.44071, 50.998566695114256
82.46099, 53.11391480914614
82.48127, 53.854322664437746
82.50154, 58.219115486895575
82.52182, 49.07951204157787
82.5421, 72.75260766574901
82.56238, 54.74171679451218
82.58266, 43.7865556437448
82.60294, 38.657421946894324
82.62322, 48.98003173122699
82.6435, 46.463435376453575
82.66378, 50.334156808508
82.68405, 48.72486180139719
82.70433, 52.92271437171459
82.72461, 42.582935741076724
82.74489, 44.40269911484407
82.76517, 46.32008020580966
82.78545, 39.75469311814104
82.80573, 54.0714768822717
82.82601, 37.34237539689808
82.84629, 38.94865297746805
82.86657, 50.30824947716847
82.88684, 41.56086332010876
82.90712, 43.435856024250256
82.9274, 38.419863886516524
82.94768, 45.7645551572282
82.96796, 38.09400874062096
82.98824, 53.734985820782725
83.00852, 51.24139703005598
83.0288, 32.738419158438646
83.04908, 44.11209674397642
83.06935, 36.17465502786093
83.08963, 41.15982499600491
83.10991, 48.39416699460367
83.13019, 44.609006733377996
83.15047, 50.2476435819068
83.17075, 35.50491173873195
83.19103, 38.961225147553904
83.21131, 39.81741238515156
83.23159, 49.504164752763096
83.25186, 52.04918474106816
83.27214, 46.258970648007605
83.29242, 45.163223980375534
83.3127, 40.67495057019575
83.33298, 44.335878345777296
83.35326, 41.602130292132216
83.37354, 35.08440575929406
83.39382, 35.38681918300567
83.4141, 37.07879715976699
83.43438, 39.58854717407642
83.45465, 34.88865562373754
83.47493, 29.203134735165467
83.49521, 30.272471534878502
83.51549, 34.35324015895935
83.53577, 42.03444654123038
83.55605, 39.41518923419591
83.57633, 50.11333878493445
83.59661, 23.398694528365805
83.61689, 31.330139478814026
83.63716, 31.255417065994518
83.65744, 32.495999884440934
83.67772, 31.504013862299495
83.698, 39.91892508656413
83.71828, 32.695845317959964
83.73856, 38.35651940134225
83.75884, 43.27769384316717
83.77912, 35.60643728687234
83.7994, 31.578580982320716
83.81967, 36.663943395831566
83.83995, 25.750452079549138
83.86023, 29.289709673405035
83.88051, 47.10545234343692
83.90079, 43.00984934687038
83.92107, 25.460101040637532
83.94135, 35.51519849170216
83.96163, 38.25943024523455
83.98191, 30.206483098004448
84.00219, 40.45013232896547
84.02246, 35.0799733531769
84.04274, 36.15501065219959
84.06302, 31.737777138360375
84.0833, 39.986183997226064
84.10358, 25.02156006125222
84.12386, 25.905447123664757
84.14414, 33.26058023615054
84.16442, 42.66668314898871
84.1847, 38.91470650525921
84.20497, 36.30860097013676
84.22525, 36.53174098828732
84.24553, 34.6110418487169
84.26581, 28.98040077661725
84.28609, 29.6842294995224
84.30637, 33.28023739028172
84.32665, 35.510237519953776
84.34693, 35.15669885448082
84.36721, 40.09268324696644
84.38748, 41.59231716343589
84.40776, 30.438451934453852
84.42804, 29.647425965548585
84.44832, 32.034127127736774
84.4686, 35.72071260774118
84.48888, 30.053314022797395
84.50916, 31.605794953074277
84.52944, 34.38937162369591
84.54972, 34.918233296533316
84.57, 39.44956773467804
84.59027, 28.88606205246696
84.61055, 39.97689033191535
84.63083, 44.32824618833733
84.65111, 40.491434653693105
84.67139, 36.18457826060319
84.69167, 37.71801469925508
84.71196, 29.457242468251728
84.73223, 31.574915860696862
84.75251, 38.6260145965062
84.77279, 37.76967372822028
84.79307, 25.51963383555984
84.81335, 34.9462345848451
84.83363, 44.64027959060912
84.85391, 41.12871290547425
84.87419, 38.52766436598978
84.89447, 38.82876206596634
84.91474, 33.09806349794437
84.93502, 36.186877730984875
84.9553, 44.058273904946475
84.97558, 34.96677097671202
84.99586, 39.944374986366206
85.01614, 30.718752328544227
85.03642, 28.10982188778474
85.0567, 26.445108312270875
85.07698, 33.86410577799941
85.09726, 23.096874416243555
85.11753, 33.52768770878331
85.13781, 33.64313080139227
85.15809, 31.553005389392077
85.17837, 49.68688424979673
85.19865, 46.55563326850872
85.21893, 38.63849674108103
85.23921, 31.068951221654658
85.25949, 26.705205872975263
85.27977, 19.76258450043662
85.30004, 33.63387602931274
85.32032, 21.963820611896686
85.3406, 28.569961495410805
85.36088, 32.25256937011244
85.38116, 28.508714207070724
85.40144, 30.50570081188933
85.42172, 38.677206193399485
85.442, 28.196748810487428
85.46228, 30.66264582296915
85.48255, 26.544810856253232
85.50283, 24.2156403367702
85.52311, 29.865526888242506
85.54339, 42.14276575049597
85.56367, 34.401770473246835
85.58395, 31.09866550394712
85.60423, 27.31558085469823
85.62451, 30.78331326866627
85.64479, 32.46879141475362
85.66507, 27.148444587947616
85.68534, 37.630471220957595
85.70562, 29.68471637839242
85.7259, 34.462079838352125
85.74618, 31.255094928292127
85.76646, 18.377580507836104
85.78674, 29.61673904331499
85.80702, 39.336233308600846
85.8273, 35.0004849327671
85.84758, 44.88461235537554
85.86785, 28.525742037154878
85.88813, 36.63257712234371
85.90841, 32.52380210208436
85.92869, 39.327155962455265
85.94897, 31.215119631173053
85.96925, 38.4784641924889
85.98953, 30.415567752791056
86.00981, 37.88542929672548
86.03009, 35.865052846320154
86.05036, 40.36536763409081
86.07064, 28.62135788419293
86.09092, 28.72739702064264
86.1112, 31.373455484099352
86.13148, 39.461439532013614
86.15176, 27.683617069542574
86.17204, 27.077902177247037
86.19232, 30.284796004309868
86.2126, 31.151295113943746
86.23288, 31.632978420082836
86.25315, 35.489891075010924
86.27343, 38.69368531598231
86.29371, 39.22224982869543
86.31399, 31.446493177454222
86.33427, 32.16110762466945
86.35455, 27.733379657743516
86.37483, 31.916114405194136
86.39511, 46.30637312432158
86.41539, 44.687413218888175
86.43566, 31.74674065991872
86.45594, 41.09464280077841
86.47622, 31.10224682384667
86.4965, 32.893155208194365
86.51678, 34.19223076005678
86.53706, 33.61936257497303
86.55734, 35.47574971079882
86.57762, 37.674377631625845
86.5979, 31.80469241854723
86.61817, 34.935443984506044
86.63845, 29.874971918179984
86.65873, 32.52714353191936
86.67901, 39.62079593677242
86.69929, 26.159195628022246
86.71957, 35.23108832578103
86.73985, 31.34883084344836
86.76013, 38.349268204927434
86.78041, 34.33851306182445
86.80069, 20.04535798832498
86.82096, 33.47404940757208
86.84124, 26.987120955245565
86.86152, 36.682273751539526
86.8818, 36.10479100875124
86.90208, 39.98627207420276
86.92236, 23.08528089940608
86.94264, 34.588282589640315
86.96292, 35.64044939291302
86.9832, 25.716707418273156
87.00347, 40.45044869396714
87.02375, 33.31627439672857
87.04403, 35.390759976223116
87.06431, 39.12838330050352
87.08459, 29.47103319756273
87.10487, 43.75416159507771
87.12515, 39.51592057325788
87.14543, 35.811050880867036
87.16571, 31.53753425526436
87.18598, 25.128067132224103
87.20626, 20.254958281781253
87.22654, 29.43874625899064
87.24682, 29.439146415543362
87.2671, 31.705853972932395
87.28738, 27.46663173268108
87.30766, 26.214263322295064
87.32794, 40.89209853186379
87.34822, 29.957579629050404
87.3685, 20.664380608386775
87.38877, 29.75455264313985
87.40905, 29.347119389958962
87.42933, 39.092425933853136
87.44961, 31.102137245235745
87.46989, 36.59294985217381
87.49017, 33.135824686869405
87.51045, 25.61985752980834
87.53073, 31.01583652105963
87.55101, 36.74352018140525
87.57128, 29.728140198002205
87.59156, 33.5184542906858
87.61184, 26.791722788535388
87.63212, 27.82141268313196
87.6524, 35.42382128195252
87.67268, 34.65756708647686
87.69296, 27.066573843666195
87.71324, 32.00892984858409
87.73352, 29.078080279338096
87.75379, 26.087017921781147
87.77407, 39.981989053972676
87.79435, 22.69302521459909
87.81463, 36.05580004255159
87.83491, 27.33693996199468
87.85519, 31.485472715776666
87.87547, 30.75261947855052
87.89576, 34.22601916204539
87.91603, 30.352360372990397
87.93631, 31.108243054353355
87.95659, 27.812476505206064
87.97687, 43.82836144592047
87.99715, 30.044200059946753
88.01743, 27.429409875812432
88.03771, 35.74799661330128
88.05799, 27.674204188822387
88.07827, 42.12044620504031
88.09854, 37.21014104790775
88.11882, 39.19119384582459
88.1391, 41.95917009459047
88.15938, 40.50685961503306
88.17966, 30.78902307860119
88.19994, 35.245196652518814
88.22022, 20.72149191103687
88.2405, 21.88634459187449
88.26078, 25.857481344176712
88.28105, 34.00470834971749
88.30133, 35.89339123172919
88.32161, 44.42358350514134
88.34189, 32.75786843085485
88.36217, 37.364149459280924
88.38245, 44.59779417160952
88.40273, 39.59464799421128
88.42301, 31.892926962567458
88.44329, 35.79105271931921
88.46357, 42.563654294823664
88.48384, 37.66197706243591
88.50412, 43.699379654931846
88.5244, 27.336663491671768
88.54468, 30.83160293894752
88.56496, 31.5303987088076
88.58524, 33.34057950200119
88.60552, 29.65953232887926
88.6258, 34.10066619442899
88.64608, 34.59199980248998
88.66635, 41.90462769841011
88.68663, 36.95729577668134
88.70691, 38.60865673796408
88.72719, 34.541958454840845
88.74747, 40.53904311276304
88.76775, 34.380051089279725
88.78803, 43.834077551396064
88.80831, 32.96795837313484
88.82859, 32.403966440595454
88.84886, 36.02014536361463
88.86914, 36.263747891232164
88.88942, 28.41746567587478
88.9097, 34.30024346879976
88.92998, 38.735005657087804
88.95026, 34.445095381249956
88.97054, 30.268196365642638
88.99082, 28.4656016379628
89.0111, 34.47632873325314
89.03138, 36.738963344638556
89.05165, 38.519979449141786
89.07193, 25.781589478928485
89.09221, 32.61596979743724
89.11249, 29.263345626505988
89.13277, 28.540775923907866
89.15305, 30.841798904825847
89.17333, 37.53916286119448
89.19361, 37.54968314961415
89.21389, 44.059616008675064
89.23416, 27.052045314430902
89.25444, 38.123588764649334
89.27472, 32.42253786657182
89.295, 33.51986643594029
89.31528, 37.400985633426075
89.33556, 29.20420349269691
89.35584, 43.10789031747302
89.37612, 30.409487568130807
89.3964, 35.544565737125765
89.41667, 40.766179010886006
89.43695, 36.22998057462425
89.45723, 45.685016227685466
89.47751, 29.85490215931043
89.49779, 37.485896551997826
89.51807, 39.966144537080694
89.53835, 47.673668908427544
89.55863, 51.60892160805038
89.57891, 41.00176388777215
89.59919, 40.52574464621917
89.61946, 35.67474186633149
89.63974, 33.74852834131685
89.66002, 45.43244236822068
89.6803, 39.9487165937189
89.70058, 40.897801285144695
89.72086, 47.569497217260114
89.74114, 46.080996135329585
89.76142, 45.2010648062545
89.7817, 50.69986050083601
89.80197, 43.77098014426998
89.82225, 49.96625726243671
89.84253, 49.375148534247444
89.86281, 54.27596326130524
89.88309, 46.87408230791499
89.90337, 44.006686726616664
89.92365, 49.29159989798768
89.94393, 49.607621787300914
89.96421, 43.81422014608205
89.98448, 52.6986793840344
90.00476, 46.991961319910835
