30,822.275
30.02,969.3486
30.04,875.7562
30.06,845.673
30.08,969.3486
30.1,869.0711
30.12,838.9879
30.14,879.0988
30.16,915.8672
30.18,879.0988
30.2,879.0988
30.22,872.4136
30.24,929.2376
30.26,882.4414
30.28,939.2653
30.3,875.7562
30.32,852.3582
30.34,805.562
30.36,905.8395
30.38,919.2098
30.4,859.0434
30.42,892.4692
30.44,902.4969
30.46,919.2098
30.48,932.5802
30.5,962.6634
30.52,962.6634
30.54,1129.7924
30.56,859.0434
30.58,855.7008
30.6,825.6175
30.62,979.3763
30.64,905.8395
30.66,895.8118
30.68,899.1544
30.7,859.0434
30.72,1052.9131
30.74,905.8395
30.76,945.9504
30.78,899.1544
30.8,905.8395
30.82,922.5524
30.84,885.784
30.86,919.2098
30.88,788.8491
30.9,812.2472
30.92,845.673
30.94,835.6453
30.96,822.275
30.98,755.4233
31,812.2472
31.02,805.562
31.04,812.2472
31.06,852.3582
31.08,909.182
31.1,945.9504
31.12,945.9504
31.14,832.3027
31.16,962.6634
31.18,838.9879
31.2,869.0711
31.22,875.7562
31.24,879.0988
31.26,912.5246
31.28,869.0711
31.3,912.5246
31.32,915.8672
31.34,755.4233
31.36,805.562
31.38,855.7008
31.4,935.9227
31.42,879.0988
31.44,828.9601
31.46,818.9324
31.48,976.0337
31.5,828.9601
31.52,775.4788
31.54,895.8118
31.56,822.275
31.58,828.9601
31.6,812.2472
31.62,875.7562
31.64,905.8395
31.66,855.7008
31.68,842.3304
31.7,845.673
31.72,929.2376
31.74,859.0434
31.76,792.1917
31.78,929.2376
31.8,792.1917
31.82,835.6453
31.84,798.8769
31.86,932.5802
31.88,922.5524
31.9,889.1266
31.92,979.3763
31.94,875.7562
31.96,909.182
31.98,895.8118
32,972.6911
32.02,798.8769
32.04,899.1544
32.06,852.3582
32.08,932.5802
32.1,999.4318
32.12,892.4692
32.14,852.3582
32.16,845.673
32.18,879.0988
32.2,966.006
32.22,852.3582
32.24,818.9324
32.26,835.6453
32.28,882.4414
32.3,852.3582
32.32,885.784
32.34,842.3304
32.36,955.9782
32.38,852.3582
32.4,945.9504
32.42,892.4692
32.44,959.3208
32.46,912.5246
32.48,812.2472
32.5,922.5524
32.52,955.9782
32.54,842.3304
32.56,855.7008
32.58,855.7008
32.6,845.673
32.62,795.5343
32.64,708.6272
32.66,892.4692
32.68,882.4414
32.7,892.4692
32.72,1062.9408
32.74,922.5524
32.76,849.0156
32.78,885.784
32.8,915.8672
32.82,879.0988
32.84,979.3763
32.86,885.784
32.88,899.1544
32.9,889.1266
32.92,889.1266
32.94,982.7188
32.96,922.5524
32.98,945.9504
33,979.3763
33.02,865.7286
33.04,872.4136
33.06,825.6175
33.08,932.5802
33.1,892.4692
33.12,982.7188
33.14,882.4414
33.16,795.5343
33.18,895.8118
33.2,885.784
33.22,942.6079
33.24,955.9782
33.26,879.0988
33.28,929.2376
33.3,1002.7744
33.32,959.3208
33.34,955.9782
33.36,945.9504
33.38,742.053
33.4,905.8395
33.42,845.673
33.44,939.2653
33.46,909.182
33.48,1012.8021
33.5,996.0892
33.52,1016.1447
33.54,999.4318
33.56,966.006
33.58,969.3486
33.6,1059.5982
33.62,879.0988
33.64,939.2653
33.66,1009.4595
33.68,1026.1724
33.7,1042.8853
33.72,1113.0795
33.74,925.895
33.76,1129.7924
33.78,1032.8576
33.8,942.6079
33.82,966.006
33.84,1056.2556
33.86,1076.3111
33.88,1256.8105
33.9,959.3208
33.92,989.404
33.94,999.4318
33.96,1049.5705
33.98,962.6634
34,1149.8479
34.02,972.6911
34.04,1129.7924
34.06,1019.4872
34.08,1059.5982
34.1,1046.2279
34.12,1086.3389
34.14,996.0892
34.16,1103.0518
34.18,1139.8201
34.2,1049.5705
34.22,999.4318
34.24,1062.9408
34.26,1136.4776
34.28,1019.4872
34.3,1123.1073
34.32,996.0892
34.34,1042.8853
34.36,1113.0795
34.38,1093.024
34.4,1089.6815
34.42,1036.2002
34.44,1079.6537
34.46,1143.1627
34.48,1066.2834
34.5,1069.626
34.52,1106.3943
34.54,1156.5331
34.56,1179.9311
34.58,1096.3666
34.6,1103.0518
34.62,1176.5885
34.64,1069.626
34.66,1179.9311
34.68,1263.4957
34.7,1176.5885
34.72,1166.5608
34.74,1293.5789
34.76,1203.3292
34.78,1179.9311
34.8,1169.9034
34.82,1327.0047
34.84,1330.3473
34.86,1193.3015
34.88,1316.9769
34.9,1293.5789
34.92,1303.6067
34.94,1310.2918
34.96,1310.2918
34.98,1420.597
35,1437.3099
35.02,1056.2556
35.04,1337.0325
35.06,1310.2918
35.08,1367.1157
35.1,1464.0505
35.12,1310.2918
35.14,1440.6525
35.16,1380.486
35.18,1363.7731
35.2,1524.217
35.22,1427.2821
35.24,1470.7357
35.26,1494.1338
35.28,1494.1338
35.3,1437.3099
35.32,1517.5318
35.34,1577.6983
35.36,1530.9022
35.38,1460.708
35.4,1494.1338
35.42,1637.8648
35.44,1657.9202
35.46,1581.0409
35.48,1691.346
35.5,1804.9939
35.52,1808.3364
35.54,1801.6512
35.56,1761.5403
35.58,1821.7067
35.6,1694.6886
35.62,1811.6791
35.64,1811.6791
35.66,1835.0771
35.68,1938.6971
35.7,1932.0119
35.72,1918.6416
35.74,1868.5028
35.76,2032.2894
35.78,2018.9191
35.8,1938.6971
35.82,2095.7983
35.84,1978.808
35.86,2025.6042
35.88,1932.0119
35.9,2206.1035
35.92,2092.4559
35.94,2289.6682
35.96,2162.6499
35.98,2323.0939
36,2159.3075
36.02,2232.8442
36.04,2276.2978
36.06,2145.9371
36.08,2349.8346
36.1,2413.3435
36.12,2266.2699
36.14,2333.1215
36.16,2349.8346
36.18,2483.5378
36.2,2393.2882
36.22,2416.6862
36.24,2537.019
36.26,2516.9635
36.28,2654.0094
36.3,2530.3339
36.32,2523.6487
36.34,2470.1674
36.36,2557.0746
36.38,2660.6946
36.4,2623.9262
36.42,2526.9914
36.44,2603.8706
36.46,2697.463
36.48,2734.2314
36.5,2704.1482
36.52,2827.8237
36.54,2684.0926
36.56,2894.6753
36.58,2710.8333
36.6,2811.1108
36.62,2807.7681
36.64,2928.101
36.66,2781.0274
36.68,2794.3978
36.7,2877.9624
36.72,2864.5921
36.74,2931.4437
36.76,2944.814
36.78,2928.101
36.8,3008.323
36.82,3245.6464
36.84,2938.1289
36.86,3168.7669
36.88,3004.9805
36.9,3071.8321
36.92,3205.5353
36.94,3238.9612
36.96,3131.9985
36.98,3142.0264
37,3242.3037
37.02,3178.7948
37.04,3168.7669
37.06,3252.3315
37.08,3389.3772
37.1,3379.3496
37.12,3365.9792
37.14,3208.878
37.16,3269.0444
37.18,3406.0901
37.2,3536.451
37.22,3636.7281
37.24,3289.0999
37.26,3449.5439
37.28,3185.4797
37.3,3462.9142
37.32,3295.7849
37.34,3369.3217
37.36,3479.6269
37.38,3633.3858
37.4,3472.9419
37.42,3446.2012
37.44,3676.8392
37.46,3513.053
37.48,3523.0806
37.5,3743.691
37.52,3609.9878
37.54,3670.1542
37.56,3780.4594
37.58,3593.2747
37.6,3436.1735
37.62,3680.1819
37.64,3737.0056
37.66,3559.849
37.68,3676.8392
37.7,3663.4688
37.72,3733.6633
37.74,3954.2737
37.76,3690.2096
37.78,3767.089
37.8,3857.3385
37.82,3897.4495
37.84,4007.7547
37.86,3706.9226
37.88,3763.7463
37.9,3753.7187
37.92,3897.4495
37.94,3777.1167
37.96,4014.4401
37.98,3777.1167
38,3887.4219
38.02,3930.8752
38.04,4054.5508
38.06,3934.2179
38.08,4074.6065
38.1,4044.5231
38.12,4024.4678
38.14,4268.4762
38.16,4258.4485
38.18,4057.8935
38.2,3917.5053
38.22,4021.1251
38.24,3957.616
38.26,3924.1903
38.28,3910.8199
38.3,4131.4303
38.32,4024.4678
38.34,3904.1349
38.36,4154.8283
38.38,4101.3472
38.4,4311.9295
38.42,4134.7729
38.44,4201.6243
38.46,4148.1433
38.48,3991.0421
38.5,4124.7453
38.52,4151.4856
38.54,4024.4678
38.56,4214.9947
38.58,4087.9769
38.6,4118.0599
38.62,4034.4954
38.64,4345.3556
38.66,4001.0697
38.68,4168.1986
38.7,4047.8658
38.72,3970.9863
38.74,4194.9394
38.76,4118.0599
38.78,4054.5508
38.8,4054.5508
38.82,4235.0505
38.84,4098.0046
38.86,3914.1626
38.88,4094.6619
38.9,3960.9587
38.92,4017.7824
38.94,4214.9947
38.96,4081.2915
38.98,4041.1804
39,4161.5137
39.02,4184.9117
39.04,3984.3567
39.06,4084.6342
39.08,3937.5606
39.1,3907.4772
39.12,3947.5883
39.14,4171.5413
39.16,3960.9587
39.18,4021.1251
39.2,3847.3108
39.22,3730.3206
39.24,3723.6353
39.26,3910.8199
39.28,3743.691
39.3,3910.8199
39.32,3974.329
39.34,3864.0238
39.36,3696.8949
39.38,3763.7463
39.4,3840.6258
39.42,3740.3483
39.44,3576.5617
39.46,3613.3301
39.48,3797.172
39.5,3867.3665
39.52,3663.4688
39.54,3653.4412
39.56,3867.3665
39.58,3529.7656
39.6,3596.6174
39.62,3476.2846
39.64,3616.6728
39.66,3419.4604
39.68,3446.2012
39.7,3526.4229
39.72,3609.9878
39.74,3656.7839
39.76,3272.3869
39.78,3279.0721
39.8,3446.2012
39.82,3566.534
39.84,3386.0347
39.86,3436.1735
39.88,3345.9237
39.9,3165.4244
39.92,3349.2664
39.94,3245.6464
39.96,3312.498
39.98,3178.7948
40,3299.1276
40.02,3228.9333
40.04,3192.1649
40.06,3148.7113
40.08,3001.6378
40.1,3118.6281
40.12,3172.1096
40.14,3038.4062
40.16,2998.2953
40.18,3252.3315
40.2,3182.1372
40.22,3028.3785
40.24,2867.9346
40.26,3051.7765
40.28,2921.416
40.3,2744.259
40.32,2948.1565
40.34,2774.3424
40.36,2938.1289
40.38,2871.2773
40.4,2924.7585
40.42,2664.0371
40.44,2804.4257
40.46,2597.1855
40.48,2700.8055
40.5,2403.3158
40.52,2694.1205
40.54,2610.5558
40.56,2600.5282
40.58,2557.0746
40.6,2720.861
40.62,2610.5558
40.64,2677.4074
40.66,2587.1578
40.68,2530.3339
40.7,2627.2687
40.72,2570.4449
40.74,2480.1951
40.76,2540.3617
40.78,2339.8067
40.8,2553.7319
40.82,2329.7791
40.84,2346.4919
40.86,2496.9082
40.88,2413.3435
40.9,2316.4087
40.92,2423.3714
40.94,2490.223
40.96,2229.5015
40.98,2145.9371
41,2303.0383
41.02,2242.8719
41.04,2159.3075
41.06,2199.4183
41.08,2259.5848
41.1,2336.4642
41.12,2316.4087
41.14,2222.8164
41.16,2196.0758
41.18,2112.5112
41.2,2129.2242
41.22,2139.2519
41.24,2256.2423
41.26,2306.381
41.28,2025.6042
41.3,1982.1507
41.32,2139.2519
41.34,1978.808
41.36,1982.1507
41.38,1992.1783
41.4,2075.7428
41.42,2022.2616
41.44,1968.7803
41.46,2002.206
41.48,1898.586
41.5,2025.6042
41.52,1928.6692
41.54,1975.4655
41.56,1868.5028
41.58,1891.9008
41.6,1965.4376
41.62,1932.0119
41.64,1851.79
41.66,1798.3087
41.68,1938.6971
41.7,1674.6332
41.72,1908.6139
41.74,1808.3364
41.76,1992.1783
41.78,1794.966
41.8,1804.9939
41.82,1751.5125
41.84,1694.6886
41.86,1708.0589
41.88,1681.3184
41.9,1534.2448
41.92,1647.8925
41.94,1788.2808
41.96,1791.6235
41.98,1754.8551
42,1721.4292
42.02,1624.4944
42.04,1617.8092
42.06,1731.4571
42.08,1624.4944
42.1,1591.0686
42.12,1574.3557
42.14,1373.8009
42.16,1540.9299
42.18,1617.8092
42.2,1644.55
42.22,1607.7816
42.24,1721.4292
42.26,1664.6054
42.28,1584.3834
42.3,1694.6886
42.32,1621.1518
42.34,1377.1435
42.36,1467.3931
42.38,1457.3654
42.4,1517.5318
42.42,1601.0964
42.44,1494.1338
42.46,1363.7731
42.48,1430.6247
42.5,1474.0783
42.52,1557.6428
42.54,1410.5693
42.56,1861.8176
42.58,1430.6247
42.6,1497.4764
42.62,1417.2544
42.64,1387.1712
42.66,1460.708
42.68,1286.8937
42.7,1400.5415
42.72,1383.8286
42.74,1443.9951
42.76,1300.2641
42.78,1303.6067
42.8,1417.2544
42.82,1430.6247
42.84,1383.8286
42.86,1303.6067
42.88,1390.5137
42.9,1273.5235
42.92,1347.0602
42.94,1320.3195
42.96,1470.7357
42.98,1266.8383
43,1273.5235
43.02,1220.0421
43.04,1179.9311
43.06,1193.3015
43.08,1223.3847
43.1,1263.4957
43.12,1370.4583
43.14,1203.3292
43.16,1303.6067
43.18,1273.5235
43.2,1206.6718
43.22,1263.4957
43.24,1270.1809
43.26,1183.2737
43.28,1166.5608
43.3,1220.0421
43.32,1042.8853
43.34,1093.024
43.36,1357.0879
43.38,1186.6163
43.4,1189.9589
43.42,1260.1531
43.44,1139.8201
43.46,1173.246
43.48,1183.2737
43.5,1049.5705
43.52,1069.626
43.54,1139.8201
43.56,1066.2834
43.58,1236.7551
43.6,1166.5608
43.62,1119.7647
43.64,1149.8479
43.66,1156.5331
43.68,1159.8757
43.7,1169.9034
43.72,1156.5331
43.74,1046.2279
43.76,1096.3666
43.78,1116.4221
43.8,1116.4221
43.82,1206.6718
43.84,1076.3111
43.86,1096.3666
43.88,1079.6537
43.9,959.3208
43.92,1116.4221
43.94,1153.1905
43.96,1066.2834
43.98,1173.246
44,1019.4872
44.02,1079.6537
44.04,1062.9408
44.06,982.7188
44.08,1032.8576
44.1,1049.5705
44.12,1009.4595
44.14,1113.0795
44.16,1119.7647
44.18,1036.2002
44.2,1056.2556
44.22,1103.0518
44.24,1183.2737
44.26,1022.8298
44.28,922.5524
44.3,1052.9131
44.32,1009.4595
44.34,872.4136
44.36,986.0614
44.38,976.0337
44.4,1029.515
44.42,1046.2279
44.44,922.5524
44.46,939.2653
44.48,952.6356
44.5,969.3486
44.52,962.6634
44.54,969.3486
44.56,952.6356
44.58,859.0434
44.6,1009.4595
44.62,832.3027
44.64,972.6911
44.66,935.9227
44.68,899.1544
44.7,979.3763
44.72,986.0614
44.74,909.182
44.76,996.0892
44.78,999.4318
44.8,899.1544
44.82,859.0434
44.84,882.4414
44.86,835.6453
44.88,972.6911
44.9,919.2098
44.92,989.404
44.94,962.6634
44.96,959.3208
44.98,919.2098
45,835.6453
45.02,966.006
45.04,825.6175
45.06,902.4969
45.08,905.8395
45.1,825.6175
45.12,899.1544
45.14,912.5246
45.16,952.6356
45.18,1019.4872
45.2,818.9324
45.22,962.6634
45.24,838.9879
45.26,812.2472
45.28,748.7382
45.3,902.4969
45.32,822.275
45.34,969.3486
45.36,879.0988
45.38,838.9879
45.4,852.3582
45.42,822.275
45.44,859.0434
45.46,845.673
45.48,939.2653
45.5,849.0156
45.52,865.7286
45.54,879.0988
45.56,952.6356
45.58,782.164
45.6,798.8769
45.62,838.9879
45.64,882.4414
45.66,755.4233
45.68,778.8214
45.7,919.2098
45.72,782.164
45.74,798.8769
45.76,822.275
45.78,855.7008
45.8,738.7104
45.82,805.562
45.84,762.1085
45.86,758.7659
45.88,815.5898
45.9,718.6549
45.92,762.1085
45.94,795.5343
45.96,711.9698
45.98,812.2472
46,755.4233
46.02,745.3956
46.04,805.562
46.06,728.6827
46.08,728.6827
46.1,855.7008
46.12,745.3956
46.14,899.1544
46.16,785.5066
46.18,701.942
46.2,768.7936
46.22,772.1362
46.24,772.1362
46.26,778.8214
46.28,758.7659
46.3,698.5994
46.32,762.1085
46.34,795.5343
46.36,758.7659
46.38,725.3401
46.4,681.8865
46.42,772.1362
46.44,775.4788
46.46,862.386
46.48,832.3027
46.5,835.6453
46.52,755.4233
46.54,782.164
46.56,788.8491
46.58,715.3123
46.6,688.5717
46.62,691.9143
46.64,725.3401
46.66,728.6827
46.68,1026.1724
46.7,732.0252
46.72,755.4233
46.74,735.3678
46.76,564.8962
46.78,752.0807
46.8,718.6549
46.82,721.9975
46.84,802.2195
46.86,718.6549
46.88,748.7382
46.9,718.6549
46.92,772.1362
46.94,708.6272
46.96,711.9698
46.98,685.2291
47,808.9046
47.02,701.942
47.04,681.8865
47.06,755.4233
47.08,691.9143
47.1,745.3956
47.12,721.9975
47.14,718.6549
47.16,645.1182
47.18,711.9698
47.2,698.5994
47.22,738.7104
47.24,705.2846
47.26,701.942
47.28,685.2291
47.3,772.1362
47.32,645.1182
47.34,685.2291
47.36,725.3401
47.38,648.4607
47.4,725.3401
47.42,752.0807
47.44,748.7382
47.46,732.0252
47.48,805.562
47.5,678.544
47.52,711.9698
47.54,691.9143
47.56,711.9698
47.58,705.2846
47.6,708.6272
47.62,681.8865
47.64,802.2195
47.66,648.4607
47.68,648.4607
47.7,711.9698
47.72,735.3678
47.74,675.2014
47.76,685.2291
47.78,745.3956
47.8,685.2291
47.82,725.3401
47.84,668.5162
47.86,605.0072
47.88,705.2846
47.9,745.3956
47.92,768.7936
47.94,648.4607
47.96,738.7104
47.98,611.6924
48,658.4885
48.02,698.5994
48.04,735.3678
48.06,608.3498
48.08,708.6272
48.1,701.942
48.12,738.7104
48.14,655.1459
48.16,668.5162
48.18,648.4607
48.2,748.7382
48.22,601.6646
48.24,705.2846
48.26,745.3956
48.28,611.6924
48.3,748.7382
48.32,631.7478
48.34,705.2846
48.36,665.1736
48.38,772.1362
48.4,688.5717
48.42,742.053
48.44,658.4885
48.46,681.8865
48.48,685.2291
48.5,668.5162
48.52,658.4885
48.54,675.2014
48.56,698.5994
48.58,788.8491
48.6,698.5994
48.62,691.9143
48.64,601.6646
48.66,655.1459
48.68,685.2291
48.7,698.5994
48.72,658.4885
48.74,698.5994
48.76,665.1736
48.78,701.942
48.8,651.8033
48.82,661.8311
48.84,732.0252
48.86,665.1736
48.88,758.7659
48.9,655.1459
48.92,678.544
48.94,678.544
48.96,715.3123
48.98,772.1362
49,695.2569
49.02,711.9698
49.04,665.1736
49.06,701.942
49.08,705.2846
49.1,655.1459
49.12,698.5994
49.14,651.8033
49.16,678.544
49.18,665.1736
49.2,732.0252
49.22,698.5994
49.24,715.3123
49.26,708.6272
49.28,658.4885
49.3,758.7659
49.32,678.544
49.34,701.942
49.36,738.7104
49.38,655.1459
49.4,732.0252
49.42,701.942
49.44,752.0807
49.46,631.7478
49.48,645.1182
49.5,668.5162
49.52,658.4885
49.54,715.3123
49.56,675.2014
49.58,742.053
49.6,711.9698
49.62,718.6549
49.64,678.544
49.66,701.942
49.68,645.1182
49.7,742.053
49.72,742.053
49.74,758.7659
49.76,745.3956
49.78,665.1736
49.8,755.4233
49.82,691.9143
49.84,675.2014
49.86,655.1459
49.88,725.3401
49.9,645.1182
49.92,655.1459
49.94,728.6827
49.96,691.9143
49.98,725.3401
50,725.3401
50.02,725.3401
50.04,705.2846
50.06,721.9975
50.08,641.7756
50.1,655.1459
50.12,635.0904
50.14,711.9698
50.16,721.9975
50.18,601.6646
50.2,711.9698
50.22,668.5162
50.24,732.0252
50.26,688.5717
50.28,661.8311
50.3,688.5717
50.32,625.0627
50.34,698.5994
50.36,661.8311
50.38,745.3956
50.4,711.9698
50.42,675.2014
50.44,802.2195
50.46,648.4607
50.48,738.7104
50.5,688.5717
50.52,708.6272
50.54,681.8865
50.56,715.3123
50.58,678.544
50.6,728.6827
50.62,742.053
50.64,605.0072
50.66,718.6549
50.68,715.3123
50.7,695.2569
50.72,698.5994
50.74,698.5994
50.76,605.0072
50.78,725.3401
50.8,584.9517
50.82,788.8491
50.84,735.3678
50.86,748.7382
50.88,688.5717
50.9,735.3678
50.92,608.3498
50.94,785.5066
50.96,678.544
50.98,732.0252
51,778.8214
51.02,681.8865
51.04,748.7382
51.06,708.6272
51.08,715.3123
51.1,715.3123
51.12,648.4607
51.14,695.2569
51.16,698.5994
51.18,728.6827
51.2,681.8865
51.22,758.7659
51.24,748.7382
51.26,705.2846
51.28,742.053
51.3,638.433
51.32,691.9143
51.34,628.4053
51.36,701.942
51.38,688.5717
51.4,691.9143
51.42,685.2291
51.44,718.6549
51.46,655.1459
51.48,748.7382
51.5,701.942
51.52,708.6272
51.54,832.3027
51.56,822.275
51.58,752.0807
51.6,745.3956
51.62,735.3678
51.64,758.7659
51.66,621.7201
51.68,765.4511
51.7,752.0807
51.72,755.4233
51.74,758.7659
51.76,691.9143
51.78,782.164
51.8,648.4607
51.82,698.5994
51.84,805.562
51.86,788.8491
51.88,691.9143
51.9,698.5994
51.92,718.6549
51.94,685.2291
51.96,708.6272
51.98,798.8769
52,815.5898
52.02,735.3678
52.04,755.4233
52.06,775.4788
52.08,645.1182
52.1,768.7936
52.12,725.3401
52.14,661.8311
52.16,828.9601
52.18,775.4788
52.2,671.8588
52.22,651.8033
52.24,628.4053
52.26,681.8865
52.28,638.433
52.3,879.0988
52.32,772.1362
52.34,708.6272
52.36,818.9324
52.38,641.7756
52.4,691.9143
52.42,681.8865
52.44,772.1362
52.46,768.7936
52.48,725.3401
52.5,738.7104
52.52,778.8214
52.54,812.2472
52.56,661.8311
52.58,638.433
52.6,805.562
52.62,792.1917
52.64,688.5717
52.66,735.3678
52.68,782.164
52.7,788.8491
52.72,728.6827
52.74,678.544
52.76,815.5898
52.78,701.942
52.8,678.544
52.82,711.9698
52.84,705.2846
52.86,691.9143
52.88,742.053
52.9,815.5898
52.92,762.1085
52.94,701.942
52.96,772.1362
52.98,725.3401
53,715.3123
53.02,711.9698
53.04,815.5898
53.06,701.942
53.08,775.4788
53.1,752.0807
53.12,651.8033
53.14,658.4885
53.16,778.8214
53.18,721.9975
53.2,738.7104
53.22,661.8311
53.24,698.5994
53.26,711.9698
53.28,732.0252
53.3,748.7382
53.32,715.3123
53.34,785.5066
53.36,678.544
53.38,698.5994
53.4,718.6549
53.42,795.5343
53.44,735.3678
53.46,802.2195
53.48,745.3956
53.5,775.4788
53.52,678.544
53.54,785.5066
53.56,715.3123
53.58,772.1362
53.6,718.6549
53.62,675.2014
53.64,561.5536
53.66,701.942
53.68,631.7478
53.7,742.053
53.72,742.053
53.74,661.8311
53.76,738.7104
53.78,671.8588
53.8,695.2569
53.82,721.9975
53.84,755.4233
53.86,715.3123
53.88,728.6827
53.9,721.9975
53.92,648.4607
53.94,778.8214
53.96,732.0252
53.98,735.3678
54,651.8033
54.02,668.5162
54.04,705.2846
54.06,705.2846
54.08,701.942
54.1,648.4607
54.12,715.3123
54.14,688.5717
54.16,752.0807
54.18,701.942
54.2,695.2569
54.22,698.5994
54.24,715.3123
54.26,812.2472
54.28,628.4053
54.3,755.4233
54.32,752.0807
54.34,618.3775
54.36,735.3678
54.38,625.0627
54.4,752.0807
54.42,671.8588
54.44,788.8491
54.46,735.3678
54.48,705.2846
54.5,641.7756
54.52,711.9698
54.54,772.1362
54.56,658.4885
54.58,695.2569
54.6,695.2569
54.62,742.053
54.64,785.5066
54.66,721.9975
54.68,752.0807
54.7,698.5994
54.72,745.3956
54.74,715.3123
54.76,665.1736
54.78,601.6646
54.8,758.7659
54.82,628.4053
54.84,641.7756
54.86,661.8311
54.88,691.9143
54.9,641.7756
54.92,635.0904
54.94,828.9601
54.96,658.4885
54.98,708.6272
55,655.1459
55.02,661.8311
55.04,715.3123
55.06,688.5717
55.08,695.2569
55.1,625.0627
55.12,711.9698
55.14,675.2014
55.16,668.5162
55.18,688.5717
55.2,695.2569
55.22,661.8311
55.24,668.5162
55.26,691.9143
55.28,725.3401
55.3,648.4607
55.32,601.6646
55.34,675.2014
55.36,721.9975
55.38,645.1182
55.4,594.9795
55.42,611.6924
55.44,688.5717
55.46,665.1736
55.48,601.6646
55.5,615.0349
55.52,641.7756
55.54,665.1736
55.56,618.3775
55.58,638.433
55.6,685.2291
55.62,668.5162
55.64,661.8311
55.66,711.9698
55.68,581.6091
55.7,635.0904
55.72,711.9698
55.74,695.2569
55.76,621.7201
55.78,668.5162
55.8,561.5536
55.82,625.0627
55.84,608.3498
55.86,668.5162
55.88,681.8865
55.9,628.4053
55.92,554.8685
55.94,685.2291
55.96,551.5259
55.98,661.8311
56,621.7201
56.02,635.0904
56.04,638.433
56.06,568.2388
56.08,625.0627
56.1,665.1736
56.12,605.0072
56.14,661.8311
56.16,608.3498
56.18,665.1736
56.2,621.7201
56.22,671.8588
56.24,695.2569
56.26,551.5259
56.28,641.7756
56.3,732.0252
56.32,668.5162
56.34,564.8962
56.36,625.0627
56.38,661.8311
56.4,698.5994
56.42,685.2291
56.44,691.9143
56.46,594.9795
56.48,691.9143
56.5,528.1278
56.52,618.3775
56.54,615.0349
56.56,631.7478
56.58,651.8033
56.6,685.2291
56.62,661.8311
56.64,631.7478
56.66,611.6924
56.68,665.1736
56.7,608.3498
56.72,574.924
56.74,588.2943
56.76,638.433
56.78,591.6369
56.8,631.7478
56.82,678.544
56.84,601.6646
56.86,605.0072
56.88,631.7478
56.9,568.2388
56.92,628.4053
56.94,598.322
56.96,621.7201
56.98,611.6924
57,618.3775
57.02,628.4053
57.04,591.6369
57.06,631.7478
57.08,641.7756
57.1,615.0349
57.12,615.0349
57.14,574.924
57.16,608.3498
57.18,615.0349
57.2,615.0349
57.22,645.1182
57.24,534.813
57.26,548.1833
57.28,645.1182
57.3,534.813
57.32,581.6091
57.34,578.2666
57.36,611.6924
57.38,538.1556
57.4,571.5814
57.42,641.7756
57.44,588.2943
57.46,601.6646
57.48,528.1278
57.5,685.2291
57.52,631.7478
57.54,621.7201
57.56,655.1459
57.58,648.4607
57.6,558.2111
57.62,581.6091
57.64,534.813
57.66,698.5994
57.68,568.2388
57.7,494.702
57.72,571.5814
57.74,578.2666
57.76,732.0252
57.78,524.7853
57.8,551.5259
57.82,598.322
57.84,571.5814
57.86,615.0349
57.88,611.6924
57.9,594.9795
57.92,534.813
57.94,568.2388
57.96,568.2388
57.98,571.5814
58,608.3498
58.02,554.8685
58.04,568.2388
58.06,594.9795
58.08,618.3775
58.1,558.2111
58.12,501.3872
58.14,554.8685
58.16,548.1833
58.18,554.8685
58.2,528.1278
58.22,605.0072
58.24,564.8962
58.26,551.5259
58.28,528.1278
58.3,605.0072
58.32,648.4607
58.34,518.1001
58.36,457.9336
58.38,594.9795
58.4,594.9795
58.42,551.5259
58.44,528.1278
58.46,584.9517
58.48,611.6924
58.5,551.5259
58.52,611.6924
58.54,564.8962
58.56,528.1278
58.58,528.1278
58.6,635.0904
58.62,554.8685
58.64,594.9795
58.66,578.2666
58.68,625.0627
58.7,631.7478
58.72,665.1736
58.74,695.2569
58.76,541.4982
58.78,544.8407
58.8,477.9891
58.82,641.7756
58.84,534.813
58.86,554.8685
58.88,508.0724
58.9,528.1278
58.92,584.9517
58.94,564.8962
58.96,534.813
58.98,605.0072
59,611.6924
59.02,561.5536
59.04,481.3317
59.06,578.2666
59.08,584.9517
59.1,521.4427
59.12,584.9517
59.14,641.7756
59.16,822.275
59.18,598.322
59.2,641.7756
59.22,584.9517
59.24,558.2111
59.26,521.4427
59.28,605.0072
59.3,568.2388
59.32,551.5259
59.34,544.8407
59.36,541.4982
59.38,574.924
59.4,625.0627
59.42,578.2666
59.44,618.3775
59.46,621.7201
59.48,581.6091
59.5,457.9336
59.52,514.7575
59.54,621.7201
59.56,524.7853
59.58,551.5259
59.6,521.4427
59.62,578.2666
59.64,504.7298
59.66,558.2111
59.68,548.1833
59.7,648.4607
59.72,481.3317
59.74,558.2111
59.76,508.0724
59.78,558.2111
59.8,598.322
59.82,621.7201
59.84,581.6091
59.86,561.5536
59.88,601.6646
59.9,504.7298
59.92,558.2111
59.94,578.2666
59.96,528.1278
59.98,605.0072
60,685.2291
60.02,524.7853
60.04,521.4427
60.06,631.7478
60.08,608.3498
60.1,594.9795
60.12,628.4053
60.14,584.9517
60.16,648.4607
60.18,594.9795
60.2,538.1556
60.22,541.4982
60.24,558.2111
60.26,528.1278
60.28,571.5814
60.3,641.7756
60.32,474.6465
60.34,491.3594
60.36,584.9517
60.38,558.2111
60.4,608.3498
60.42,574.924
60.44,568.2388
60.46,611.6924
60.48,618.3775
60.5,615.0349
60.52,561.5536
60.54,574.924
60.56,481.3317
60.58,685.2291
60.6,628.4053
60.62,625.0627
60.64,578.2666
60.66,591.6369
60.68,571.5814
60.7,598.322
60.72,605.0072
60.74,568.2388
60.76,648.4607
60.78,618.3775
60.8,635.0904
60.82,655.1459
60.84,584.9517
60.86,564.8962
60.88,641.7756
60.9,581.6091
60.92,598.322
60.94,625.0627
60.96,611.6924
60.98,561.5536
61,588.2943
61.02,618.3775
61.04,561.5536
61.06,548.1833
61.08,711.9698
61.1,641.7756
61.12,584.9517
61.14,681.8865
61.16,611.6924
61.18,695.2569
61.2,671.8588
61.22,641.7756
61.24,661.8311
61.26,661.8311
61.28,628.4053
61.3,605.0072
61.32,681.8865
61.34,688.5717
61.36,578.2666
61.38,584.9517
61.4,628.4053
61.42,548.1833
61.44,671.8588
61.46,658.4885
61.48,608.3498
61.5,671.8588
61.52,548.1833
61.54,698.5994
61.56,564.8962
61.58,721.9975
61.6,681.8865
61.62,641.7756
61.64,608.3498
61.66,568.2388
61.68,588.2943
61.7,668.5162
61.72,711.9698
61.74,658.4885
61.76,648.4607
61.78,608.3498
61.8,638.433
61.82,645.1182
61.84,715.3123
61.86,635.0904
61.88,661.8311
61.9,665.1736
61.92,591.6369
61.94,628.4053
61.96,605.0072
61.98,615.0349
62,594.9795
62.02,661.8311
62.04,638.433
62.06,675.2014
62.08,625.0627
62.1,578.2666
62.12,655.1459
62.14,742.053
62.16,661.8311
62.18,655.1459
62.2,651.8033
62.22,635.0904
62.24,651.8033
62.26,621.7201
62.28,651.8033
62.3,691.9143
62.32,678.544
62.34,645.1182
62.36,635.0904
62.38,558.2111
62.4,638.433
62.42,685.2291
62.44,578.2666
62.46,728.6827
62.48,645.1182
62.5,631.7478
62.52,671.8588
62.54,671.8588
62.56,648.4607
62.58,598.322
62.6,591.6369
62.62,628.4053
62.64,641.7756
62.66,635.0904
62.68,675.2014
62.7,584.9517
62.72,558.2111
62.74,675.2014
62.76,621.7201
62.78,608.3498
62.8,691.9143
62.82,615.0349
62.84,648.4607
62.86,695.2569
62.88,635.0904
62.9,591.6369
62.92,635.0904
62.94,655.1459
62.96,641.7756
62.98,594.9795
63,615.0349
63.02,658.4885
63.04,638.433
63.06,611.6924
63.08,651.8033
63.1,755.4233
63.12,588.2943
63.14,588.2943
63.16,668.5162
63.18,698.5994
63.2,691.9143
63.22,618.3775
63.24,615.0349
63.26,725.3401
63.28,732.0252
63.3,735.3678
63.32,655.1459
63.34,675.2014
63.36,665.1736
63.38,718.6549
63.4,588.2943
63.42,752.0807
63.44,785.5066
63.46,685.2291
63.48,688.5717
63.5,544.8407
63.52,655.1459
63.54,601.6646
63.56,601.6646
63.58,681.8865
63.6,645.1182
63.62,695.2569
63.64,691.9143
63.66,742.053
63.68,651.8033
63.7,621.7201
63.72,611.6924
63.74,695.2569
63.76,762.1085
63.78,581.6091
63.8,711.9698
63.82,678.544
63.84,678.544
63.86,661.8311
63.88,651.8033
63.9,534.813
63.92,698.5994
63.94,671.8588
63.96,661.8311
63.98,584.9517
64,635.0904
64.02,718.6549
64.04,688.5717
64.06,638.433
64.08,661.8311
64.1,621.7201
64.12,708.6272
64.14,748.7382
64.16,661.8311
64.18,648.4607
64.2,668.5162
64.22,698.5994
64.24,631.7478
64.26,658.4885
64.28,695.2569
64.3,661.8311
64.32,648.4607
64.34,665.1736
64.36,615.0349
64.38,584.9517
64.4,752.0807
64.42,645.1182
64.44,621.7201
64.46,688.5717
64.48,648.4607
64.5,554.8685
64.52,651.8033
64.54,615.0349
64.56,671.8588
64.58,638.433
64.6,675.2014
64.62,685.2291
64.64,691.9143
64.66,584.9517
64.68,745.3956
64.7,645.1182
64.72,695.2569
64.74,594.9795
64.76,504.7298
64.78,688.5717
64.8,561.5536
64.82,641.7756
64.84,665.1736
64.86,605.0072
64.88,648.4607
64.9,631.7478
64.92,715.3123
64.94,594.9795
64.96,665.1736
64.98,651.8033
65,618.3775
65.02,685.2291
65.04,601.6646
65.06,551.5259
65.08,591.6369
65.1,675.2014
65.12,631.7478
65.14,655.1459
65.16,611.6924
65.18,618.3775
65.2,645.1182
65.22,615.0349
65.24,618.3775
65.26,618.3775
65.28,671.8588
65.3,635.0904
65.32,588.2943
65.34,605.0072
65.36,675.2014
65.38,584.9517
65.4,588.2943
65.42,718.6549
65.44,574.924
65.46,665.1736
65.48,508.0724
65.5,698.5994
65.52,681.8865
65.54,691.9143
65.56,688.5717
65.58,755.4233
65.6,621.7201
65.62,558.2111
65.64,665.1736
65.66,691.9143
65.68,671.8588
65.7,645.1182
65.72,661.8311
65.74,641.7756
65.76,574.924
65.78,628.4053
65.8,635.0904
65.82,658.4885
65.84,711.9698
65.86,658.4885
65.88,742.053
65.9,735.3678
65.92,574.924
65.94,658.4885
65.96,685.2291
65.98,621.7201
66,681.8865
66.02,655.1459
66.04,688.5717
66.06,675.2014
66.08,721.9975
66.1,735.3678
66.12,655.1459
66.14,641.7756
66.16,688.5717
66.18,685.2291
66.2,685.2291
66.22,711.9698
66.24,671.8588
66.26,648.4607
66.28,681.8865
66.3,718.6549
66.32,681.8865
66.34,605.0072
66.36,675.2014
66.38,691.9143
66.4,611.6924
66.42,681.8865
66.44,705.2846
66.46,635.0904
66.48,718.6549
66.5,678.544
66.52,621.7201
66.54,651.8033
66.56,735.3678
66.58,574.924
66.6,675.2014
66.62,571.5814
66.64,625.0627
66.66,655.1459
66.68,705.2846
66.7,711.9698
66.72,688.5717
66.74,705.2846
66.76,745.3956
66.78,651.8033
66.8,765.4511
66.82,671.8588
66.84,524.7853
66.86,705.2846
66.88,765.4511
66.9,718.6549
66.92,658.4885
66.94,742.053
66.96,715.3123
66.98,728.6827
67,688.5717
67.02,765.4511
67.04,735.3678
67.06,681.8865
67.08,728.6827
67.1,775.4788
67.12,671.8588
67.14,688.5717
67.16,752.0807
67.18,678.544
67.2,678.544
67.22,648.4607
67.24,695.2569
67.26,685.2291
67.28,688.5717
67.3,715.3123
67.32,608.3498
67.34,721.9975
67.36,792.1917
67.38,718.6549
67.4,805.562
67.42,618.3775
67.44,658.4885
67.46,758.7659
67.48,768.7936
67.5,725.3401
67.52,721.9975
67.54,735.3678
67.56,685.2291
67.58,658.4885
67.6,715.3123
67.62,681.8865
67.64,738.7104
67.66,665.1736
67.68,658.4885
67.7,621.7201
67.72,805.562
67.74,721.9975
67.76,688.5717
67.78,641.7756
67.8,708.6272
67.82,818.9324
67.84,798.8769
67.86,742.053
67.88,742.053
67.9,718.6549
67.92,671.8588
67.94,748.7382
67.96,745.3956
67.98,685.2291
68,715.3123
68.02,675.2014
68.04,721.9975
68.06,755.4233
68.08,708.6272
68.1,721.9975
68.12,675.2014
68.14,691.9143
68.16,665.1736
68.18,681.8865
68.2,681.8865
68.22,715.3123
68.24,782.164
68.26,765.4511
68.28,795.5343
68.3,732.0252
68.32,685.2291
68.34,711.9698
68.36,711.9698
68.38,698.5994
68.4,792.1917
68.42,802.2195
68.44,745.3956
68.46,681.8865
68.48,735.3678
68.5,762.1085
68.52,752.0807
68.54,625.0627
68.56,638.433
68.58,708.6272
68.6,755.4233
68.62,735.3678
68.64,748.7382
68.66,621.7201
68.68,768.7936
68.7,772.1362
68.72,668.5162
68.74,768.7936
68.76,732.0252
68.78,688.5717
68.8,772.1362
68.82,728.6827
68.84,725.3401
68.86,698.5994
68.88,661.8311
68.9,728.6827
68.92,711.9698
68.94,772.1362
68.96,788.8491
68.98,715.3123
69,725.3401
69.02,735.3678
69.04,594.9795
69.06,782.164
69.08,745.3956
69.1,685.2291
69.12,705.2846
69.14,718.6549
69.16,768.7936
69.18,782.164
69.2,889.1266
69.22,755.4233
69.24,708.6272
69.26,742.053
69.28,742.053
69.3,671.8588
69.32,782.164
69.34,732.0252
69.36,718.6549
69.38,825.6175
69.4,772.1362
69.42,718.6549
69.44,742.053
69.46,698.5994
69.48,732.0252
69.5,752.0807
69.52,822.275
69.54,701.942
69.56,745.3956
69.58,748.7382
69.6,675.2014
69.62,695.2569
69.64,678.544
69.66,721.9975
69.68,788.8491
69.7,812.2472
69.72,745.3956
69.74,695.2569
69.76,812.2472
69.78,758.7659
69.8,701.942
69.82,745.3956
69.84,655.1459
69.86,665.1736
69.88,721.9975
69.9,651.8033
69.92,721.9975
69.94,755.4233
69.96,665.1736
69.98,762.1085
70,671.8588
70.02,721.9975
70.04,735.3678
70.06,748.7382
70.08,728.6827
70.1,671.8588
70.12,645.1182
70.14,685.2291
70.16,721.9975
70.18,732.0252
70.2,661.8311
70.22,611.6924
70.24,705.2846
70.26,638.433
70.28,695.2569
70.3,691.9143
70.32,725.3401
70.34,701.942
70.36,661.8311
70.38,625.0627
70.4,651.8033
70.42,742.053
70.44,701.942
70.46,701.942
70.48,728.6827
70.5,745.3956
70.52,645.1182
70.54,802.2195
70.56,615.0349
70.58,752.0807
70.6,615.0349
70.62,611.6924
70.64,594.9795
70.66,675.2014
70.68,715.3123
70.7,625.0627
70.72,688.5717
70.74,658.4885
70.76,675.2014
70.78,571.5814
70.8,641.7756
70.82,715.3123
70.84,671.8588
70.86,668.5162
70.88,648.4607
70.9,658.4885
70.92,628.4053
70.94,588.2943
70.96,688.5717
70.98,661.8311
71,621.7201
71.02,655.1459
71.04,711.9698
71.06,638.433
71.08,615.0349
71.1,641.7756
71.12,631.7478
71.14,698.5994
71.16,611.6924
71.18,568.2388
71.2,621.7201
71.22,651.8033
71.24,641.7756
71.26,621.7201
71.28,651.8033
71.3,605.0072
71.32,661.8311
71.34,611.6924
71.36,695.2569
71.38,738.7104
71.4,661.8311
71.42,631.7478
71.44,645.1182
71.46,638.433
71.48,564.8962
71.5,591.6369
71.52,618.3775
71.54,688.5717
71.56,611.6924
71.58,635.0904
71.6,665.1736
71.62,584.9517
71.64,621.7201
71.66,701.942
71.68,521.4427
71.7,541.4982
71.72,551.5259
71.74,628.4053
71.76,574.924
71.78,628.4053
71.8,678.544
71.82,594.9795
71.84,598.322
71.86,648.4607
71.88,638.433
71.9,621.7201
71.92,564.8962
71.94,661.8311
71.96,524.7853
71.98,671.8588
72,661.8311
72.02,668.5162
72.04,695.2569
72.06,638.433
72.08,635.0904
72.1,584.9517
72.12,671.8588
72.14,621.7201
72.16,665.1736
72.18,558.2111
72.2,631.7478
72.22,551.5259
72.24,641.7756
72.26,561.5536
72.28,688.5717
72.3,635.0904
72.32,584.9517
72.34,611.6924
72.36,641.7756
72.38,611.6924
72.4,635.0904
72.42,661.8311
72.44,554.8685
72.46,615.0349
72.48,608.3498
72.5,578.2666
72.52,681.8865
72.54,571.5814
72.56,618.3775
72.58,588.2943
72.6,628.4053
72.62,564.8962
72.64,638.433
72.66,605.0072
72.68,611.6924
72.7,635.0904
72.72,681.8865
72.74,711.9698
72.76,564.8962
72.78,564.8962
72.8,648.4607
72.82,638.433
72.84,551.5259
72.86,701.942
72.88,611.6924
72.9,554.8685
72.92,508.0724
72.94,608.3498
72.96,638.433
72.98,581.6091
73,601.6646
73.02,611.6924
73.04,564.8962
73.06,594.9795
73.08,588.2943
73.1,625.0627
73.12,544.8407
73.14,601.6646
73.16,625.0627
73.18,541.4982
73.2,728.6827
73.22,645.1182
73.24,518.1001
73.26,591.6369
73.28,645.1182
73.3,661.8311
73.32,608.3498
73.34,561.5536
73.36,558.2111
73.38,518.1001
73.4,528.1278
73.42,625.0627
73.44,578.2666
73.46,668.5162
73.48,588.2943
73.5,584.9517
73.52,621.7201
73.54,628.4053
73.56,601.6646
73.58,444.5633
73.6,594.9795
73.62,571.5814
73.64,561.5536
73.66,591.6369
73.68,518.1001
73.7,675.2014
73.72,574.924
73.74,558.2111
73.76,518.1001
73.78,578.2666
73.8,598.322
73.82,534.813
73.84,561.5536
73.86,591.6369
73.88,611.6924
73.9,605.0072
73.92,558.2111
73.94,581.6091
73.96,548.1833
73.98,621.7201
74,574.924
74.02,618.3775
74.04,528.1278
74.06,561.5536
74.08,611.6924
74.1,531.4704
74.12,591.6369
74.14,631.7478
74.16,638.433
74.18,591.6369
74.2,524.7853
74.22,548.1833
74.24,605.0072
74.26,541.4982
74.28,554.8685
74.3,541.4982
74.32,531.4704
74.34,544.8407
74.36,631.7478
74.38,524.7853
74.4,584.9517
74.42,488.0169
74.44,645.1182
74.46,494.702
74.48,591.6369
74.5,584.9517
74.52,584.9517
74.54,531.4704
74.56,548.1833
74.58,608.3498
74.6,605.0072
74.62,584.9517
74.64,568.2388
74.66,564.8962
74.68,591.6369
74.7,631.7478
74.72,518.1001
74.74,538.1556
74.76,708.6272
74.78,534.813
74.8,534.813
74.82,511.4149
74.84,568.2388
74.86,598.322
74.88,651.8033
74.9,461.2762
74.92,558.2111
74.94,558.2111
74.96,591.6369
74.98,524.7853
75,528.1278
75.02,534.813
75.04,584.9517
75.06,591.6369
75.08,598.322
75.1,531.4704
75.12,601.6646
75.14,598.322
75.16,578.2666
75.18,544.8407
75.2,598.322
75.22,628.4053
75.24,521.4427
75.26,491.3594
75.28,524.7853
75.3,588.2943
75.32,621.7201
75.34,564.8962
75.36,554.8685
75.38,554.8685
75.4,488.0169
75.42,511.4149
75.44,588.2943
75.46,564.8962
75.48,564.8962
75.5,524.7853
75.52,578.2666
75.54,558.2111
75.56,551.5259
75.58,504.7298
75.6,564.8962
75.62,544.8407
75.64,544.8407
75.66,561.5536
75.68,498.0446
75.7,568.2388
75.72,514.7575
75.74,598.322
75.76,574.924
75.78,561.5536
75.8,534.813
75.82,531.4704
75.84,508.0724
75.86,464.6188
75.88,508.0724
75.9,457.9336
75.92,481.3317
75.94,531.4704
75.96,591.6369
75.98,608.3498
76,564.8962
76.02,628.4053
76.04,531.4704
76.06,504.7298
76.08,424.5078
76.1,484.6743
76.12,504.7298
76.14,451.2485
76.16,611.6924
76.18,534.813
76.2,611.6924
76.22,521.4427
76.24,464.6188
76.26,491.3594
76.28,524.7853
76.3,521.4427
76.32,568.2388
76.34,481.3317
76.36,521.4427
76.38,531.4704
76.4,488.0169
76.42,528.1278
76.44,508.0724
76.46,574.924
76.48,471.304
76.5,518.1001
76.52,498.0446
76.54,564.8962
76.56,548.1833
76.58,621.7201
76.6,551.5259
76.62,578.2666
76.64,488.0169
76.66,494.702
76.68,588.2943
76.7,511.4149
76.72,538.1556
76.74,601.6646
76.76,504.7298
76.78,544.8407
76.8,477.9891
76.82,564.8962
76.84,447.9059
76.86,594.9795
76.88,477.9891
76.9,564.8962
76.92,541.4982
76.94,534.813
76.96,514.7575
76.98,571.5814
77,467.9614
77.02,518.1001
77.04,561.5536
77.06,494.702
77.08,421.1652
77.1,514.7575
77.12,518.1001
77.14,514.7575
77.16,544.8407
77.18,491.3594
77.2,524.7853
77.22,491.3594
77.24,501.3872
77.26,451.2485
77.28,521.4427
77.3,461.2762
77.32,451.2485
77.34,574.924
77.36,571.5814
77.38,488.0169
77.4,544.8407
77.42,467.9614
77.44,508.0724
77.46,544.8407
77.48,484.6743
77.5,521.4427
77.52,598.322
77.54,594.9795
77.56,494.702
77.58,474.6465
77.6,477.9891
77.62,491.3594
77.64,551.5259
77.66,521.4427
77.68,484.6743
77.7,511.4149
77.72,494.702
77.74,514.7575
77.76,498.0446
77.78,534.813
77.8,524.7853
77.82,628.4053
77.84,531.4704
77.86,574.924
77.88,447.9059
77.9,454.591
77.92,531.4704
77.94,544.8407
77.96,504.7298
77.98,518.1001
78,541.4982
78.02,508.0724
78.04,541.4982
78.06,571.5814
78.08,554.8685
78.1,444.5633
78.12,464.6188
78.14,491.3594
78.16,551.5259
78.18,427.8504
78.2,554.8685
78.22,444.5633
78.24,558.2111
78.26,518.1001
78.28,484.6743
78.3,491.3594
78.32,564.8962
78.34,508.0724
78.36,521.4427
78.38,534.813
78.4,524.7853
78.42,498.0446
78.44,508.0724
78.46,608.3498
78.48,491.3594
78.5,504.7298
78.52,488.0169
78.54,508.0724
78.56,508.0724
78.58,474.6465
78.6,504.7298
78.62,548.1833
78.64,471.304
78.66,554.8685
78.68,504.7298
78.7,491.3594
78.72,457.9336
78.74,461.2762
78.76,474.6465
78.78,477.9891
78.8,471.304
78.82,488.0169
78.84,501.3872
78.86,467.9614
78.88,544.8407
78.9,511.4149
78.92,554.8685
78.94,514.7575
78.96,501.3872
78.98,568.2388
79,508.0724
79.02,451.2485
79.04,518.1001
79.06,538.1556
79.08,561.5536
79.1,488.0169
79.12,451.2485
79.14,441.2207
79.16,524.7853
79.18,477.9891
79.2,531.4704
79.22,484.6743
79.24,464.6188
79.26,477.9891
79.28,538.1556
79.3,518.1001
79.32,434.5356
79.34,551.5259
79.36,504.7298
79.38,498.0446
79.4,524.7853
79.42,544.8407
79.44,424.5078
79.46,427.8504
79.48,498.0446
79.5,534.813
79.52,504.7298
79.54,528.1278
79.56,498.0446
79.58,447.9059
79.6,488.0169
79.62,548.1833
79.64,504.7298
79.66,424.5078
79.68,477.9891
79.7,504.7298
79.72,551.5259
79.74,588.2943
79.76,544.8407
79.78,548.1833
79.8,531.4704
79.82,554.8685
79.84,564.8962
79.86,491.3594
79.88,564.8962
79.9,491.3594
79.92,491.3594
79.94,454.591
79.96,447.9059
79.98,474.6465
80,534.813
80.02,467.9614
80.04,524.7853
80.06,454.591
80.08,467.9614
80.1,534.813
80.12,494.702
80.14,481.3317
80.16,528.1278
80.18,477.9891
80.2,447.9059
80.22,568.2388
80.24,498.0446
80.26,504.7298
80.28,417.8226
80.3,504.7298
80.32,538.1556
80.34,411.1375
80.36,511.4149
80.38,441.2207
80.4,491.3594
80.42,491.3594
80.44,498.0446
80.46,564.8962
80.48,454.591
80.5,427.8504
80.52,508.0724
80.54,451.2485
80.56,471.304
80.58,451.2485
80.6,548.1833
80.62,494.702
80.64,631.7478
80.66,494.702
80.68,464.6188
80.7,481.3317
80.72,477.9891
80.74,381.0543
80.76,457.9336
80.78,494.702
80.8,374.3691
80.82,474.6465
80.84,441.2207
80.86,481.3317
80.88,484.6743
80.9,391.082
80.92,488.0169
80.94,441.2207
80.96,498.0446
80.98,427.8504
81,538.1556
81.02,391.082
81.04,488.0169
81.06,477.9891
81.08,457.9336
81.1,451.2485
81.12,494.702
81.14,471.304
81.16,511.4149
81.18,494.702
81.2,464.6188
81.22,451.2485
81.24,498.0446
81.26,531.4704
81.28,467.9614
81.3,374.3691
81.32,401.1097
81.34,401.1097
81.36,464.6188
81.38,407.7949
81.4,347.6284
81.42,421.1652
81.44,484.6743
81.46,421.1652
81.48,461.2762
81.5,461.2762
81.52,411.1375
81.54,477.9891
81.56,457.9336
81.58,427.8504
81.6,477.9891
81.62,424.5078
81.64,501.3872
81.66,417.8226
81.68,367.6839
81.7,454.591
81.72,401.1097
81.74,427.8504
81.76,407.7949
81.78,424.5078
81.8,451.2485
81.82,454.591
81.84,424.5078
81.86,501.3872
81.88,431.193
81.9,454.591
81.92,404.4523
81.94,441.2207
81.96,421.1652
81.98,414.4801
82,401.1097
82.02,427.8504
82.04,427.8504
82.06,441.2207
82.08,411.1375
82.1,411.1375
82.12,454.591
82.14,381.0543
82.16,401.1097
82.18,404.4523
82.2,407.7949
82.22,394.4246
82.24,474.6465
82.26,427.8504
82.28,407.7949
82.3,431.193
82.32,431.193
82.34,360.9988
82.36,377.7117
82.38,437.8781
82.4,397.7672
82.42,391.082
82.44,407.7949
82.46,387.7394
82.48,434.5356
82.5,374.3691
82.52,381.0543
82.54,337.6007
82.56,457.9336
82.58,404.4523
82.6,444.5633
82.62,474.6465
82.64,397.7672
82.66,397.7672
82.68,417.8226
82.7,427.8504
82.72,371.0265
82.74,404.4523
82.76,357.6562
82.78,397.7672
82.8,471.304
82.82,437.8781
82.84,424.5078
82.86,467.9614
82.88,434.5356
82.9,364.3414
82.92,354.3136
82.94,431.193
82.96,401.1097
82.98,357.6562
83,324.2304
83.02,384.3968
83.04,434.5356
83.06,387.7394
83.08,394.4246
83.1,437.8781
83.12,397.7672
83.14,354.3136
83.16,371.0265
83.18,431.193
83.2,414.4801
83.22,334.2581
83.24,414.4801
83.26,431.193
83.28,454.591
83.3,327.573
83.32,391.082
83.34,340.9433
83.36,354.3136
83.38,360.9988
83.4,377.7117
83.42,417.8226
83.44,374.3691
83.46,354.3136
83.48,357.6562
83.5,384.3968
83.52,434.5356
83.54,337.6007
83.56,344.2859
83.58,367.6839
83.6,330.9155
83.62,371.0265
83.64,337.6007
83.66,391.082
83.68,391.082
83.7,334.2581
83.72,411.1375
83.74,367.6839
83.76,337.6007
83.78,330.9155
83.8,360.9988
83.82,374.3691
83.84,411.1375
83.86,374.3691
83.88,320.8878
83.9,357.6562
83.92,274.0916
83.94,307.5175
83.96,364.3414
83.98,384.3968
84,310.86
84.02,290.8046
84.04,360.9988
84.06,344.2859
84.08,381.0543
84.1,324.2304
84.12,377.7117
84.14,367.6839
84.16,364.3414
84.18,374.3691
84.2,357.6562
84.22,364.3414
84.24,337.6007
84.26,294.1471
84.28,387.7394
84.3,377.7117
84.32,307.5175
84.34,327.573
84.36,414.4801
84.38,377.7117
84.4,394.4246
84.42,357.6562
84.44,401.1097
84.46,314.2026
84.48,364.3414
84.5,354.3136
84.52,314.2026
84.54,391.082
84.56,391.082
84.58,377.7117
84.6,327.573
84.62,320.8878
84.64,330.9155
84.66,350.971
84.68,310.86
84.7,344.2859
84.72,307.5175
84.74,387.7394
84.76,297.4897
84.78,340.9433
84.8,324.2304
84.82,347.6284
84.84,330.9155
84.86,417.8226
84.88,374.3691
84.9,334.2581
84.92,344.2859
84.94,310.86
84.96,330.9155
84.98,290.8046
85,264.0639
85.02,330.9155
85.04,394.4246
85.06,357.6562
85.08,357.6562
85.1,401.1097
85.12,350.971
85.14,297.4897
85.16,330.9155
85.18,347.6284
85.2,340.9433
85.22,340.9433
85.24,397.7672
85.26,350.971
85.28,317.5452
85.3,304.1749
85.32,391.082
85.34,307.5175
85.36,294.1471
85.38,280.7768
85.4,264.0639
85.42,360.9988
85.44,340.9433
85.46,350.971
85.48,344.2859
85.5,274.0916
85.52,300.8323
85.54,317.5452
85.56,250.6936
85.58,337.6007
85.6,317.5452
85.62,317.5452
85.64,357.6562
85.66,354.3136
85.68,330.9155
85.7,397.7672
85.72,374.3691
85.74,340.9433
85.76,310.86
85.78,284.1194
85.8,254.0362
85.82,310.86
85.84,347.6284
85.86,310.86
85.88,334.2581
85.9,304.1749
85.92,287.462
85.94,297.4897
85.96,354.3136
85.98,280.7768
86,233.9807
86.02,284.1194
86.04,327.573
86.06,300.8323
86.08,244.0084
86.1,330.9155
86.12,267.4065
86.14,327.573
86.16,327.573
86.18,314.2026
86.2,324.2304
86.22,344.2859
86.24,340.9433
86.26,317.5452
86.28,374.3691
86.3,310.86
86.32,344.2859
86.34,300.8323
86.36,254.0362
86.38,267.4065
86.4,277.4342
86.42,330.9155
86.44,274.0916
86.46,307.5175
86.48,300.8323
86.5,284.1194
86.52,344.2859
86.54,320.8878
86.56,324.2304
86.58,347.6284
86.6,334.2581
86.62,307.5175
86.64,284.1194
86.66,233.9807
86.68,334.2581
86.7,324.2304
86.72,300.8323
86.74,290.8046
86.76,307.5175
86.78,290.8046
86.8,294.1471
86.82,327.573
86.84,297.4897
86.86,230.6381
86.88,324.2304
86.9,320.8878
86.92,314.2026
86.94,314.2026
86.96,254.0362
86.98,320.8878
87,284.1194
87.02,304.1749
87.04,290.8046
87.06,334.2581
87.08,307.5175
87.1,290.8046
87.12,270.7491
87.14,270.7491
87.16,260.7213
87.18,297.4897
87.2,254.0362
87.22,337.6007
87.24,274.0916
87.26,277.4342
87.28,307.5175
87.3,290.8046
87.32,284.1194
87.34,274.0916
87.36,324.2304
87.38,297.4897
87.4,314.2026
87.42,324.2304
87.44,320.8878
87.46,277.4342
87.48,334.2581
87.5,310.86
87.52,334.2581
87.54,344.2859
87.56,260.7213
87.58,354.3136
87.6,310.86
87.62,334.2581
87.64,274.0916
87.66,237.3233
87.68,244.0084
87.7,270.7491
87.72,324.2304
87.74,257.3787
87.76,290.8046
87.78,317.5452
87.8,314.2026
87.82,360.9988
87.84,310.86
87.86,270.7491
87.88,317.5452
87.9,304.1749
87.92,227.2955
87.94,340.9433
87.96,280.7768
87.98,304.1749
88,290.8046
88.02,284.1194
88.04,254.0362
88.06,250.6936
88.08,223.9529
88.1,177.1568
88.12,267.4065
88.14,320.8878
88.16,317.5452
88.18,264.0639
88.2,334.2581
88.22,297.4897
88.24,290.8046
88.26,207.24
88.28,207.24
88.3,240.6658
88.32,280.7768
88.34,371.0265
88.36,294.1471
88.38,310.86
88.4,274.0916
88.42,294.1471
88.44,264.0639
88.46,290.8046
88.48,337.6007
88.5,274.0916
88.52,267.4065
88.54,200.5549
88.56,287.462
88.58,304.1749
88.6,297.4897
88.62,334.2581
88.64,304.1749
88.66,310.86
88.68,284.1194
88.7,314.2026
88.72,310.86
88.74,354.3136
88.76,344.2859
88.78,367.6839
88.8,307.5175
88.82,300.8323
88.84,277.4342
88.86,280.7768
88.88,304.1749
88.9,297.4897
88.92,254.0362
88.94,250.6936
88.96,290.8046
88.98,233.9807
89,267.4065
89.02,277.4342
89.04,267.4065
89.06,304.1749
89.08,384.3968
89.1,304.1749
89.12,290.8046
89.14,304.1749
89.16,327.573
89.18,277.4342
89.2,300.8323
89.22,354.3136
89.24,280.7768
89.26,320.8878
89.28,284.1194
89.3,287.462
89.32,277.4342
89.34,250.6936
89.36,327.573
89.38,277.4342
89.4,277.4342
89.42,247.351
89.44,304.1749
89.46,327.573
89.48,237.3233
89.5,334.2581
89.52,270.7491
89.54,317.5452
89.56,300.8323
89.58,300.8323
89.6,324.2304
89.62,340.9433
89.64,304.1749
89.66,267.4065
89.68,284.1194
89.7,317.5452
89.72,320.8878
89.74,284.1194
89.76,287.462
89.78,287.462
89.8,284.1194
89.82,254.0362
89.84,247.351
89.86,260.7213
89.88,270.7491
89.9,310.86
89.92,294.1471
89.94,337.6007
89.96,314.2026
89.98,314.2026
90,254.0362
