20.00173,17
20.02201,10
20.04229,17
20.06257,24
20.08285,25
20.10312,13
20.1234,20
20.14368,18
20.16396,16
20.18424,18
20.20452,18
20.2248,20
20.24508,13
20.26536,18
20.28563,17
20.30591,17
20.32619,22
20.34647,17
20.36675,23
20.38703,21
20.40731,20
20.42759,16
20.44787,21
20.46815,17
20.48843,16
20.5087,21
20.52898,18
20.54926,31
20.56954,18
20.58982,22
20.6101,29
20.63038,20
20.65066,26
20.67094,21
20.69121,17
20.71149,23
20.73177,15
20.75205,25
20.77233,18
20.79261,22
20.81289,17
20.83317,19
20.85345,21
20.87373,19
20.894,21
20.91428,17
20.93456,22
20.95484,19
20.97512,17
20.9954,23
21.01568,21
21.03596,21
21.05624,15
21.07651,14
21.09679,21
21.11707,18
21.13735,20
21.15763,16
21.17791,20
21.19819,20
21.21847,13
21.23875,25
21.25903,17
21.27931,21
21.29958,21
21.31986,19
21.34014,20
21.36042,14
21.3807,14
21.40098,9
21.42126,29
21.44154,28
21.46182,21
21.4821,25
21.50237,20
21.52265,15
21.54293,19
21.56321,19
21.58349,21
21.60377,17
21.62405,14
21.64433,13
21.66461,13
21.68488,13
21.70516,16
21.72544,27
21.74572,22
21.766,26
21.78628,14
21.80656,20
21.82684,8
21.84712,20
21.86739,9
21.88767,23
21.90795,17
21.92823,20
21.94851,21
21.96879,29
21.98907,13
22.00935,21
22.02963,22
22.04991,18
22.07019,19
22.09046,18
22.11074,22
22.13102,21
22.1513,16
22.17158,16
22.19186,20
22.21214,15
22.23242,16
22.2527,15
22.27298,18
22.29325,15
22.31353,18
22.33381,25
22.35409,20
22.37437,20
22.39465,23
22.41493,16
22.43521,20
22.45549,19
22.47576,16
22.49604,14
22.51632,18
22.5366,18
22.55688,14
22.57716,18
22.59744,15
22.61772,17
22.638,12
22.65827,21
22.67855,10
22.69883,14
22.71911,19
22.73939,18
22.75967,20
22.77995,23
22.80023,12
22.82051,18
22.84079,23
22.86107,18
22.88135,17
22.90162,17
22.9219,24
22.94218,29
22.96246,23
22.98274,19
23.00302,15
23.0233,13
23.04358,18
23.06386,18
23.08413,17
23.10441,18
23.12469,26
23.14497,12
23.16525,21
23.18553,19
23.20581,15
23.22609,22
23.24637,16
23.26664,10
23.28692,19
23.3072,14
23.32748,19
23.34776,15
23.36804,18
23.38832,16
23.4086,20
23.42888,12
23.44916,19
23.46943,21
23.48971,19
23.50999,16
23.53027,16
23.55055,21
23.57083,13
23.59111,9
23.61139,11
23.63167,17
23.65195,20
23.67223,15
23.6925,20
23.71278,10
23.73306,17
23.75334,21
23.77362,28
23.7939,11
23.81418,13
23.83446,21
23.85474,19
23.87501,21
23.89529,18
23.91557,17
23.93585,18
23.95613,14
23.97641,19
23.99669,24
24.01697,21
24.03725,22
24.05752,17
24.0778,17
24.09808,22
24.11836,23
24.13864,14
24.15892,19
24.1792,15
24.19948,14
24.21976,24
24.24004,21
24.26031,16
24.28059,15
24.30087,15
24.32115,14
24.34143,16
24.36171,14
24.38199,17
24.40227,14
24.42255,15
24.44283,23
24.46311,14
24.48338,19
24.50366,23
24.52394,19
24.54422,13
24.5645,21
24.58478,12
24.60506,27
24.62534,21
24.64562,18
24.66589,24
24.68617,20
24.70645,16
24.72673,20
24.74701,7
24.76729,13
24.78757,21
24.80785,16
24.82813,13
24.84841,9
24.86868,21
24.88896,17
24.90924,23
24.92952,14
24.9498,15
24.97008,21
24.99036,21
25.01064,19
25.03092,13
25.05119,19
25.07147,14
25.09175,21
25.11203,14
25.13231,27
25.15259,10
25.17287,18
25.19315,16
25.21343,13
25.23371,15
25.25399,24
25.27426,19
25.29454,14
25.31482,24
25.3351,21
25.35538,17
25.37566,20
25.39594,12
25.41622,16
25.4365,13
25.45677,16
25.47705,23
25.49733,18
25.51761,19
25.53789,15
25.55817,12
25.57845,21
25.59873,13
25.61901,22
25.63929,14
25.65956,22
25.67984,16
25.70012,18
25.7204,18
25.74068,15
25.76096,17
25.78124,18
25.80152,11
25.8218,12
25.84207,25
25.86235,24
25.88263,13
25.90291,15
25.92319,16
25.94347,11
25.96375,15
25.98403,14
26.00431,21
26.02459,13
26.04487,18
26.06514,21
26.08542,19
26.1057,22
26.12598,17
26.14626,8
26.16654,20
26.18682,17
26.2071,15
26.22738,18
26.24766,16
26.26793,19
26.28821,9
26.30849,19
26.32877,18
26.34905,18
26.36933,17
26.38961,14
26.40989,16
26.43017,13
26.45044,10
26.47072,17
26.491,13
26.51128,18
26.53156,18
26.55184,20
26.57212,15
26.5924,14
26.61268,16
26.63295,8
26.65323,13
26.67351,13
26.69379,15
26.71407,17
26.73435,12
26.75463,23
26.77491,18
26.79519,12
26.81547,11
26.83575,13
26.85603,22
26.8763,18
26.89658,24
26.91686,13
26.93714,11
26.95742,8
26.9777,11
26.99798,6
27.01826,10
27.03854,18
27.05881,20
27.07909,18
27.09937,20
27.11965,9
27.13993,18
27.16021,10
27.18049,26
27.20077,7
27.22105,18
27.24132,12
27.2616,15
27.28188,19
27.30216,25
27.32244,16
27.34272,12
27.363,10
27.38328,18
27.40356,26
27.42384,23
27.44411,18
27.46439,15
27.48467,21
27.50495,19
27.52523,17
27.54551,23
27.56579,13
27.58607,20
27.60635,19
27.62663,16
27.64691,21
27.66718,15
27.68746,23
27.70774,14
27.72802,16
27.7483,10
27.76858,12
27.78886,15
27.80914,13
27.82942,19
27.84969,18
27.86997,16
27.89025,17
27.91053,15
27.93081,20
27.95109,19
27.97137,14
27.99165,7
28.01193,15
28.0322,16
28.05248,18
28.07276,26
28.09304,12
28.11332,14
28.1336,17
28.15388,13
28.17416,12
28.19444,19
28.21472,17
28.23499,16
28.25527,12
28.27555,12
28.29583,15
28.31611,22
28.33639,18
28.35667,12
28.37695,14
28.39723,24
28.41751,17
28.43779,14
28.45806,10
28.47834,15
28.49862,18
28.5189,16
28.53918,12
28.55946,19
28.57974,11
28.60002,19
28.6203,14
28.64057,20
28.66085,19
28.68113,14
28.70141,15
28.72169,18
28.74197,21
28.76225,24
28.78253,16
28.80281,20
28.82309,24
28.84336,20
28.86364,24
28.88392,21
28.9042,13
28.92448,11
28.94476,12
28.96504,22
28.98532,21
29.0056,15
29.02587,15
29.04615,19
29.06643,16
29.08671,20
29.10699,17
29.12727,17
29.14755,15
29.16783,21
29.18811,16
29.20839,20
29.22867,10
29.24894,18
29.26922,16
29.2895,17
29.30978,32
29.33006,25
29.35034,11
29.37062,16
29.3909,17
29.41118,13
29.43145,20
29.45173,16
29.47201,13
29.49229,18
29.51257,14
29.53285,16
29.55313,11
29.57341,20
29.59369,23
29.61397,19
29.63424,21
29.65452,20
29.6748,21
29.69508,23
29.71536,23
29.73564,21
29.75592,33
29.7762,19
29.79648,23
29.81675,24
29.83703,18
29.85731,19
29.87759,22
29.89787,19
29.91815,18
29.93843,20
29.95871,20
29.97899,24
29.99927,21
30.01955,23
30.03982,18
30.0601,11
30.08038,20
30.10066,16
30.12094,18
30.14122,15
30.1615,22
30.18178,24
30.20206,26
30.22234,14
30.24261,32
30.26289,23
30.28317,26
30.30345,20
30.32373,25
30.34401,37
30.36429,24
30.38457,16
30.40485,27
30.42512,23
30.4454,37
30.46568,34
30.48596,41
30.50624,51
30.52652,68
30.5468,50
30.56708,97
30.58736,207
30.60763,437
30.62791,922
30.64819,1273
30.66847,1109
30.68875,768
30.70903,791
30.72931,709
30.74959,548
30.76987,323
30.79015,213
30.81043,106
30.8307,63
30.85098,53
30.87126,52
30.89154,48
30.91182,31
30.9321,34
30.95238,44
30.97266,36
30.99294,39
31.01322,29
31.03349,38
31.05377,26
31.07405,30
31.09433,23
31.11461,37
31.13489,32
31.15517,24
31.17545,27
31.19573,15
31.216,32
31.23628,20
31.25656,21
31.27684,27
31.29712,26
31.3174,26
31.33768,28
31.35796,28
31.37824,25
31.39852,21
31.41879,29
31.43907,29
31.45935,24
31.47963,19
31.49991,25
31.52019,30
31.54047,33
31.56075,31
31.58103,18
31.60131,28
31.62159,30
31.64186,25
31.66214,31
31.68242,30
31.7027,24
31.72298,27
31.74326,28
31.76354,23
31.78382,24
31.8041,32
31.82437,32
31.84465,45
31.86493,45
31.88521,52
31.90549,57
31.92577,56
31.94605,95
31.96633,161
31.98661,378
32.00688,733
32.02716,1041
32.04744,938
32.06772,793
32.088,727
32.10828,706
32.12856,578
32.14884,461
32.16912,282
32.1894,172
32.20967,114
32.22995,82
32.25023,71
32.27051,48
32.29079,48
32.31107,30
32.33135,37
32.35163,36
32.37191,37
32.39218,32
32.41246,22
32.43274,22
32.45302,27
32.4733,29
32.49358,27
32.51386,20
32.53414,23
32.55442,27
32.57469,19
32.59497,19
32.61525,12
32.63553,23
32.65581,15
32.67609,19
32.69637,22
32.71665,23
32.73693,29
32.75721,21
32.77748,18
32.79777,30
32.81805,19
32.83832,23
32.8586,23
32.87888,18
32.89916,20
32.91944,20
32.93972,15
32.96,12
32.98028,17
33.00056,19
33.02084,20
33.04111,17
33.06139,24
33.08167,26
33.10195,25
33.12223,31
33.14251,19
33.16279,18
33.18307,22
33.20335,24
33.22362,21
33.2439,22
33.26418,19
33.28446,17
33.30474,26
33.32502,21
33.3453,24
33.36558,17
33.38586,24
33.40613,12
33.42641,24
33.44669,19
33.46697,23
33.48725,23
33.50753,15
33.52781,16
33.54809,20
33.56837,14
33.58865,23
33.60892,22
33.6292,21
33.64948,17
33.66976,26
33.69004,25
33.71032,11
33.7306,16
33.75088,25
33.77116,21
33.79143,18
33.81171,15
33.83199,15
33.85227,20
33.87255,18
33.89283,17
33.91311,15
33.93339,14
33.95367,14
33.97394,12
33.99422,23
34.0145,20
34.03478,19
34.05506,15
34.07534,8
34.09562,19
34.1159,10
34.13618,14
34.15646,11
34.17673,17
34.19701,20
34.21729,15
34.23757,24
34.25785,21
34.27813,15
34.29841,17
34.31869,19
34.33897,17
34.35924,25
34.37953,15
34.39981,19
34.42009,16
34.44036,24
34.46064,21
34.48092,18
34.5012,26
34.52148,25
34.54176,22
34.56204,15
34.58232,17
34.6026,25
34.62287,21
34.64315,21
34.66343,15
34.68371,23
34.70399,23
34.72427,16
34.74455,18
34.76483,23
34.78511,22
34.80538,12
34.82566,18
34.84594,15
34.86622,22
34.8865,23
34.90678,14
34.92706,18
34.94734,15
34.96762,8
34.9879,10
35.00817,18
35.02845,18
35.04873,15
35.06901,17
35.08929,18
35.10957,16
35.12985,12
35.15013,19
35.17041,14
35.19068,12
35.21096,21
35.23124,14
35.25152,20
35.2718,13
35.29208,12
35.31236,19
35.33264,16
35.35292,13
35.37319,16
35.39347,17
35.41375,25
35.43403,20
35.45431,11
35.47459,14
35.49487,14
35.51515,19
35.53543,16
35.55571,17
35.57598,15
35.59626,23
35.61654,16
35.63682,12
35.6571,12
35.67738,18
35.69766,22
35.71794,18
35.73822,17
35.75849,20
35.77877,15
35.79905,25
35.81933,21
35.83961,21
35.85989,19
35.88017,20
35.90045,15
35.92073,15
35.94101,16
35.96128,24
35.98157,16
36.00185,17
36.02212,18
36.0424,17
36.06268,20
36.08296,9
36.10324,12
36.12352,12
36.1438,12
36.16408,13
36.18436,14
36.20463,13
36.22491,14
36.24519,23
36.26547,14
36.28575,15
36.30603,18
36.32631,15
36.34659,17
36.36687,16
36.38715,11
36.40742,17
36.4277,16
36.44798,16
36.46826,15
36.48854,22
36.50882,16
36.5291,12
36.54938,16
36.56966,14
36.58993,12
36.61021,18
36.63049,17
36.65077,9
36.67105,16
36.69133,16
36.71161,15
36.73189,14
36.75217,16
36.77244,21
36.79272,12
36.813,17
36.83328,22
36.85356,10
36.87384,20
36.89412,14
36.9144,13
36.93468,15
36.95496,18
36.97523,10
36.99551,14
37.01579,19
37.03607,16
37.05635,13
37.07663,15
37.09691,14
37.11719,19
37.13747,17
37.15774,14
37.17802,14
37.1983,12
37.21858,15
37.23886,15
37.25914,12
37.27942,11
37.2997,16
37.31998,25
37.34026,19
37.36053,19
37.38081,11
37.40109,19
37.42137,14
37.44165,9
37.46193,9
37.48221,20
37.50249,13
37.52277,17
37.54304,18
37.56332,18
37.58361,14
37.60388,15
37.62416,12
37.64444,15
37.66472,12
37.685,22
37.70528,17
37.72556,19
37.74584,20
37.76612,15
37.7864,20
37.80667,21
37.82695,13
37.84723,14
37.86751,10
37.88779,16
37.90807,9
37.92835,20
37.94863,14
37.96891,4
37.98918,10
38.00946,8
38.02974,13
38.05002,12
38.0703,14
38.09058,17
38.11086,13
38.13114,12
38.15142,14
38.1717,14
38.19197,16
38.21225,11
38.23253,23
38.25281,9
38.27309,16
38.29337,11
38.31365,15
38.33393,22
38.35421,13
38.37448,17
38.39476,12
38.41504,15
38.43532,10
38.4556,20
38.47588,10
38.49616,15
38.51644,8
38.53672,16
38.55699,10
38.57727,11
38.59755,6
38.61783,11
38.63811,5
38.65839,17
38.67867,9
38.69895,11
38.71923,20
38.73951,17
38.75978,14
38.78006,15
38.80034,10
38.82062,10
38.8409,10
38.86118,11
38.88146,23
38.90174,16
38.92202,13
38.94229,15
38.96257,13
38.98285,15
39.00313,15
39.02341,13
39.04369,10
39.06397,13
39.08425,9
39.10453,8
39.1248,5
39.14508,11
39.16536,14
39.18565,17
39.20592,16
39.2262,17
39.24648,22
39.26676,14
39.28704,15
39.30732,19
39.3276,18
39.34788,13
39.36816,12
39.38843,8
39.40871,12
39.42899,20
39.44927,17
39.46955,13
39.48983,6
39.51011,16
39.53039,15
39.55067,12
39.57095,14
39.59122,14
39.6115,16
39.63178,18
39.65206,10
39.67234,14
39.69262,10
39.7129,17
39.73318,18
39.75346,20
39.77373,20
39.79401,16
39.81429,11
39.83457,9
39.85485,9
39.87513,15
39.89541,14
39.91569,10
39.93597,9
39.95624,10
39.97652,9
39.9968,16
40.01708,10
40.03736,12
40.05764,15
40.07792,17
40.0982,17
40.11848,13
40.13876,12
40.15903,9
40.17931,10
40.19959,9
40.21987,11
40.24015,11
40.26043,20
40.28071,11
40.30099,9
40.32127,18
40.34154,13
40.36182,17
40.3821,13
40.40238,9
40.42266,12
40.44294,7
40.46322,13
40.4835,7
40.50378,15
40.52405,15
40.54433,22
40.56461,3
40.58489,22
40.60517,18
40.62545,18
40.64573,11
40.66601,14
40.68629,11
40.70657,11
40.72684,16
40.74712,11
40.76741,17
40.78768,10
40.80796,6
40.82824,7
40.84852,13
40.8688,14
40.88908,17
40.90936,14
40.92964,15
40.94992,13
40.9702,14
40.99047,16
41.01075,17
41.03103,17
41.05131,11
41.07159,7
41.09187,12
41.11215,13
41.13243,13
41.15271,11
41.17298,12
41.19326,11
41.21354,14
41.23382,14
41.2541,10
41.27438,11
41.29466,13
41.31494,13
41.33522,13
41.35549,6
41.37577,11
41.39605,12
41.41633,8
41.43661,12
41.45689,15
41.47717,13
41.49745,11
41.51773,15
41.53801,8
41.55828,17
41.57856,10
41.59884,13
41.61912,10
41.6394,3
41.65968,14
41.67996,12
41.70024,13
41.72052,13
41.74079,20
41.76107,10
41.78135,14
41.80163,13
41.82191,6
41.84219,15
41.86247,12
41.88275,14
41.90303,6
41.9233,6
41.94358,8
41.96386,13
41.98414,20
42.00442,22
42.0247,13
42.04498,9
42.06526,18
42.08554,10
42.10582,7
42.12609,14
42.14637,6
42.16665,14
42.18693,16
42.20721,15
42.22749,14
42.24777,9
42.26805,12
42.28833,11
42.3086,21
42.32888,17
42.34916,17
42.36945,16
42.38972,12
42.41,16
42.43028,9
42.45056,14
42.47084,10
42.49112,7
42.5114,12
42.53168,8
42.55196,18
42.57223,17
42.59251,13
42.61279,17
42.63307,9
42.65335,9
42.67363,12
42.69391,9
42.71419,12
42.73447,10
42.75474,13
42.77502,16
42.7953,13
42.81558,20
42.83586,15
42.85614,18
42.87642,18
42.8967,10
42.91698,15
42.93726,7
42.95753,16
42.97781,11
42.99809,11
43.01837,10
43.03865,13
43.05893,10
43.07921,9
43.09949,13
43.11977,19
43.14004,14
43.16032,15
43.1806,9
43.20088,6
43.22116,12
43.24144,12
43.26172,8
43.282,8
43.30228,15
43.32255,9
43.34283,15
43.36311,16
43.38339,13
43.40367,18
43.42395,25
43.44423,18
43.46451,11
43.48479,17
43.50507,19
43.52534,17
43.54562,19
43.5659,17
43.58618,26
43.60646,13
43.62674,24
43.64702,20
43.6673,25
43.68758,23
43.70785,28
43.72813,22
43.74841,29
43.76869,25
43.78897,29
43.80925,52
43.82953,72
43.84981,177
43.87009,256
43.89036,364
43.91064,363
43.93092,243
43.9512,166
43.97148,156
43.99176,226
44.01204,220
44.03232,196
44.0526,105
44.07288,74
44.09316,59
44.11344,40
44.13372,33
44.15399,22
44.17427,26
44.19455,36
44.21483,20
44.23511,20
44.25539,19
44.27567,30
44.29595,20
44.31623,14
44.33651,19
44.35678,12
44.37706,23
44.39734,19
44.41762,9
44.4379,30
44.45818,31
44.47846,17
44.49874,20
44.51902,16
44.53929,17
44.55957,24
44.57985,18
44.60013,22
44.62041,27
44.64069,20
44.66097,24
44.68125,33
44.70153,31
44.7218,33
44.74208,34
44.76236,43
44.78264,30
44.80292,38
44.8232,68
44.84348,71
44.86376,225
44.88404,492
44.90432,789
44.92459,878
44.94487,712
44.96515,395
44.98543,351
45.00571,386
45.02599,468
45.04627,429
45.06655,329
45.08683,205
45.1071,115
45.12738,63
45.14766,54
45.16794,40
45.18822,34
45.2085,25
45.22878,29
45.24906,36
45.26934,28
45.28961,19
45.30989,23
45.33017,27
45.35045,16
45.37073,11
45.39101,18
45.41129,16
45.43157,23
45.45185,16
45.47213,15
45.4924,8
45.51268,18
45.53296,13
45.55324,18
45.57352,14
45.5938,13
45.61408,15
45.63436,22
45.65464,11
45.67492,24
45.6952,17
45.71548,10
45.73576,13
45.75603,8
45.77631,16
45.79659,12
45.81687,15
45.83715,13
45.85743,15
45.87771,15
45.89799,16
45.91827,16
45.93854,8
45.95882,11
45.9791,23
45.99938,11
46.01966,11
46.03994,11
46.06022,13
46.0805,9
46.10078,21
46.12105,12
46.14133,17
46.16161,10
46.18189,10
46.20217,13
46.22245,17
46.24273,14
46.26301,15
46.28329,16
46.30357,9
46.32384,13
46.34412,12
46.3644,14
46.38468,14
46.40496,16
46.42524,18
46.44552,13
46.4658,10
46.48608,12
46.50635,16
46.52663,12
46.54691,10
46.56719,7
46.58747,8
46.60775,14
46.62803,15
46.64831,14
46.66859,11
46.68886,17
46.70914,9
46.72942,10
46.7497,7
46.76998,8
46.79026,16
46.81054,14
46.83082,13
46.8511,19
46.87138,10
46.89165,18
46.91193,19
46.93221,9
46.95249,13
46.97277,11
46.99305,9
47.01333,7
47.03361,5
47.05389,9
47.07416,8
47.09444,19
47.11472,17
47.135,12
47.15528,5
47.17556,10
47.19584,14
47.21612,12
47.2364,8
47.25668,13
47.27696,11
47.29724,12
47.31752,9
47.33779,9
47.35807,16
47.37835,12
47.39863,17
47.41891,10
47.43919,10
47.45947,15
47.47975,8
47.50003,14
47.5203,15
47.54058,9
47.56086,3
47.58114,8
47.60142,10
47.6217,9
47.64198,11
47.66226,17
47.68254,5
47.70282,14
47.72309,8
47.74337,8
47.76365,9
47.78393,17
47.80421,10
47.82449,14
47.84477,17
47.86505,11
47.88533,8
47.9056,11
47.92588,14
47.94616,7
47.96644,9
47.98672,13
48.007,10
48.02728,14
48.04756,8
48.06784,10
48.08812,9
48.10839,13
48.12867,15
48.14895,12
48.16923,13
48.18951,10
48.20979,13
48.23007,15
48.25035,10
48.27063,9
48.2909,12
48.31118,13
48.33146,7
48.35174,7
48.37202,7
48.3923,15
48.41258,11
48.43286,11
48.45314,8
48.47341,14
48.49369,16
48.51397,9
48.53425,8
48.55453,8
48.57481,12
48.59509,11
48.61537,8
48.63565,18
48.65593,9
48.6762,12
48.69648,12
48.71676,8
48.73704,13
48.75732,9
48.7776,18
48.79788,15
48.81816,12
48.83844,11
48.85872,13
48.879,13
48.89928,11
48.91955,13
48.93983,10
48.96011,9
48.98039,7
49.00067,8
49.02095,12
49.04123,8
49.06151,18
49.08179,9
49.10207,13
49.12234,6
49.14262,9
49.1629,11
49.18318,13
49.20346,8
49.22374,12
49.24402,13
49.2643,10
49.28458,12
49.30485,10
49.32513,11
49.34541,9
49.36569,15
49.38597,8
49.40625,4
49.42653,8
49.44681,5
49.46709,6
49.48737,9
49.50764,14
49.52792,10
49.5482,10
49.56848,11
49.58876,12
49.60904,15
49.62932,14
49.6496,12
49.66988,14
49.69015,16
49.71043,8
49.73071,7
49.75099,12
49.77127,7
49.79155,11
49.81183,4
49.83211,11
49.85239,10
49.87266,7
49.89294,12
49.91322,12
49.9335,6
49.95378,18
49.97406,8
49.99434,9
50.01462,12
50.0349,10
50.05518,5
50.07545,11
50.09573,8
50.11601,15
50.13629,13
50.15657,14
50.17685,9
50.19713,10
50.21741,14
50.23769,9
50.25796,8
50.27824,9
50.29852,13
50.3188,9
50.33908,13
50.35936,13
50.37964,4
50.39992,6
50.4202,11
50.44048,8
50.46076,10
50.48104,9
50.50132,13
50.52159,6
50.54187,7
50.56215,12
50.58243,13
50.60271,10
50.62299,12
50.64327,11
50.66355,9
50.68383,10
50.7041,11
50.72438,6
50.74466,9
50.76494,8
50.78522,9
50.8055,11
50.82578,6
50.84606,6
50.86634,8
50.88662,12
50.90689,7
50.92717,9
50.94745,6
50.96773,7
50.98801,9
51.00829,6
51.02857,9
51.04885,8
51.06913,9
51.0894,6
51.10968,7
51.12996,12
51.15024,8
51.17052,14
51.1908,12
51.21108,9
51.23136,12
51.25164,8
51.27191,8
51.29219,8
51.31247,6
51.33275,2
51.35303,6
51.37331,8
51.39359,5
51.41387,16
51.43415,11
51.45443,13
51.4747,11
51.49498,13
51.51526,11
51.53554,6
51.55582,7
51.5761,11
51.59638,8
51.61666,7
51.63694,11
51.65721,14
51.67749,10
51.69777,10
51.71805,7
51.73833,10
51.75861,9
51.77889,7
51.79917,7
51.81945,6
51.83972,8
51.86,6
51.88028,4
51.90056,7
51.92084,7
51.94112,6
51.9614,7
51.98168,9
52.00196,7
52.02224,7
52.04252,5
52.0628,7
52.08308,9
52.10335,15
52.12363,12
52.14391,9
52.16419,7
52.18447,13
52.20475,7
52.22503,9
52.24531,11
52.26559,10
52.28587,9
52.30614,11
52.32642,4
52.3467,9
52.36698,3
52.38726,6
52.40754,6
52.42782,9
52.4481,8
52.46838,10
52.48865,14
52.50893,13
52.52921,8
52.54949,12
52.56977,6
52.59005,7
52.61033,20
52.63061,7
52.65089,6
52.67116,10
52.69144,11
52.71172,11
52.732,10
52.75228,9
52.77256,12
52.79284,10
52.81312,15
52.8334,4
52.85368,11
52.87395,7
52.89423,10
52.91451,2
52.93479,8
52.95507,9
52.97535,9
52.99563,9
53.01591,11
53.03619,9
53.05646,16
53.07674,13
53.09702,6
53.1173,8
53.13758,7
53.15786,15
53.17814,9
53.19842,7
53.2187,7
53.23897,9
53.25925,9
53.27953,13
53.29981,12
53.32009,6
53.34037,11
53.36065,8
53.38093,9
53.40121,14
53.42149,6
53.44176,8
53.46204,13
53.48232,12
53.5026,2
53.52288,9
53.54316,14
53.56344,5
53.58372,10
53.604,9
53.62428,9
53.64456,10
53.66484,9
53.68512,8
53.70539,5
53.72567,12
53.74595,16
53.76623,7
53.78651,12
53.80679,6
53.82707,9
53.84735,8
53.86763,7
53.8879,8
53.90818,7
53.92846,11
53.94874,15
53.96902,8
53.9893,5
54.00958,5
54.02986,13
54.05014,6
54.07041,10
54.09069,9
54.11097,7
54.13125,7
54.15153,6
54.17181,16
54.19209,13
54.21237,10
54.23265,12
54.25293,9
54.2732,9
54.29348,11
54.31376,8
54.33404,8
54.35432,15
54.3746,9
54.39488,6
54.41516,7
54.43544,6
54.45571,8
54.47599,12
54.49627,2
54.51655,15
54.53683,13
54.55711,9
54.57739,8
54.59767,5
54.61795,10
54.63822,8
54.6585,10
54.67878,8
54.69906,11
54.71934,11
54.73962,9
54.7599,4
54.78018,15
54.80046,5
54.82074,4
54.84101,10
54.86129,9
54.88157,9
54.90185,13
54.92213,6
54.94241,12
54.96269,6
54.98297,12
55.00325,9
55.02352,13
55.0438,9
55.06408,13
55.08436,13
55.10464,9
55.12492,14
55.1452,18
55.16548,19
55.18576,9
55.20604,14
55.22632,14
55.2466,28
55.26688,29
55.28715,60
55.30743,107
55.32771,155
55.34799,183
55.36827,179
55.38855,121
55.40883,71
55.42911,45
55.44939,57
55.46966,98
55.48994,98
55.51022,101
55.5305,76
55.55078,55
55.57106,36
55.59134,15
55.61162,17
55.6319,10
55.65218,12
55.67245,12
55.69273,16
55.71301,10
55.73329,14
55.75357,10
55.77385,15
55.79413,9
55.81441,11
55.83469,9
55.85496,14
55.87524,17
55.89552,12
55.9158,12
55.93608,9
55.95636,4
55.97664,8
55.99692,12
56.0172,7
56.03747,9
56.05775,14
56.07803,9
56.09831,7
56.11859,9
56.13887,7
56.15915,9
56.17943,10
56.19971,3
56.21999,9
56.24026,8
56.26054,9
56.28082,16
56.3011,15
56.32138,3
56.34166,6
56.36194,4
56.38222,11
56.4025,9
56.42277,9
56.44305,8
56.46333,10
56.48361,7
56.50389,9
56.52417,8
56.54445,6
56.56473,18
56.58501,6
56.60528,8
56.62556,7
56.64584,10
56.66612,5
56.6864,8
56.70668,4
56.72696,9
56.74724,8
56.76752,8
56.7878,14
56.80808,8
56.82836,13
56.84864,11
56.86891,4
56.88919,6
56.90947,8
56.92975,3
56.95003,4
56.97031,5
56.99059,11
57.01087,11
57.03115,6
57.05143,10
57.0717,9
57.09198,10
57.11226,11
57.13254,12
57.15282,9
57.1731,10
57.19338,15
57.21366,8
57.23394,7
57.25421,8
57.27449,7
57.29477,6
57.31505,10
57.33533,9
57.35561,7
57.37589,12
57.39617,12
57.41645,12
57.43672,14
57.457,11
57.47728,12
57.49756,11
57.51784,5
57.53812,7
57.5584,9
57.57868,13
57.59896,14
57.61924,12
57.63951,10
57.65979,8
57.68007,8
57.70035,7
57.72063,9
57.74091,9
57.76119,11
57.78147,5
57.80175,9
57.82202,6
57.8423,11
57.86258,9
57.88286,8
57.90314,16
57.92342,8
57.9437,5
57.96398,13
57.98426,7
58.00453,7
58.02481,14
58.04509,11
58.06537,9
58.08565,4
58.10593,5
58.12621,7
58.14649,8
58.16677,6
58.18705,17
58.20732,7
58.2276,11
58.24788,9
58.26816,6
58.28844,3
58.30872,10
58.329,3
58.34928,6
58.36956,8
58.38984,6
58.41012,5
58.4304,8
58.45068,10
58.47095,8
58.49123,9
58.51151,11
58.53179,5
58.55207,8
58.57235,10
58.59263,12
58.61291,11
58.63319,12
58.65346,12
58.67374,7
58.69402,7
58.7143,5
58.73458,8
58.75486,3
58.77514,6
58.79542,10
58.8157,12
58.83597,8
58.85625,8
58.87653,12
58.89681,8
58.91709,10
58.93737,6
58.95765,5
58.97793,10
58.99821,11
59.01849,11
59.03876,10
59.05904,5
59.07932,6
59.0996,9
59.11988,9
59.14016,11
59.16044,9
59.18072,6
59.201,11
59.22127,12
59.24155,14
59.26183,8
59.28211,19
59.30239,6
59.32267,14
59.34295,9
59.36323,11
59.38351,9
59.40379,10
59.42406,10
59.44434,9
59.46462,9
59.4849,4
59.50518,13
59.52546,8
59.54574,10
59.56602,8
59.5863,8
59.60657,14
59.62685,14
59.64713,8
59.66741,4
59.68769,13
59.70797,9
59.72825,10
59.74853,4
59.76881,12
59.78908,12
59.80936,9
59.82964,12
59.84992,8
59.8702,10
59.89048,11
59.91076,12
59.93104,2
59.95132,10
59.9716,6
59.99188,5
60.01216,8
60.03244,10
60.05271,9
60.07299,6
60.09327,9
60.11355,8
60.13383,8
60.15411,2
60.17439,11
60.19467,7
60.21495,9
60.23522,13
60.2555,8
60.27578,8
60.29606,10
60.31634,11
60.33662,9
60.3569,10
60.37718,9
60.39746,11
60.41774,12
60.43801,4
60.45829,9
60.47857,7
60.49885,11
60.51913,12
60.53941,8
60.55969,13
60.57997,4
60.60025,7
60.62052,4
60.6408,7
60.66108,17
60.68136,11
60.70164,16
60.72192,9
60.7422,12
60.76248,11
60.78276,12
60.80304,18
60.82331,9
60.84359,8
60.86387,8
60.88415,8
60.90443,8
60.92471,11
60.94499,4
60.96527,7
60.98555,11
61.00582,11
61.0261,7
61.04638,13
61.06666,13
61.08694,5
61.10722,12
61.1275,13
61.14778,8
61.16806,12
61.18833,5
61.20861,9
61.22889,10
61.24917,12
61.26945,6
61.28973,4
61.31001,10
61.33029,8
61.35057,10
61.37085,9
61.39112,12
61.4114,7
61.43168,7
61.45196,12
61.47224,13
61.49252,13
61.5128,11
61.53308,14
61.55336,13
61.57364,12
61.59392,11
61.6142,10
61.63448,10
61.65475,9
61.67503,12
61.69531,8
61.71559,10
61.73587,4
61.75615,10
61.77643,14
61.79671,8
61.81699,12
61.83726,16
61.85754,12
61.87782,7
61.8981,11
61.91838,14
61.93866,14
61.95894,7
61.97922,11
61.9995,17
62.01977,6
62.04005,14
62.06033,15
62.08061,11
62.10089,15
62.12117,6
62.14145,13
62.16173,16
62.18201,18
62.20229,9
62.22256,16
62.24284,23
62.26312,13
62.2834,16
62.30368,14
62.32396,20
62.34424,16
62.36452,18
62.3848,18
62.40507,19
62.42535,22
62.44563,31
62.46591,50
62.48619,86
62.50647,193
62.52675,247
62.54703,218
62.56731,122
62.58758,104
62.60786,70
62.62814,56
62.64842,64
62.6687,81
62.68898,116
62.70926,142
62.72954,101
62.74982,63
62.7701,45
62.79037,41
62.81065,37
62.83093,18
62.85121,21
62.87149,13
62.89177,11
62.91205,15
62.93233,11
62.95261,14
62.97288,15
62.99316,17
63.01344,9
63.03372,10
63.054,6
63.07428,10
63.09456,6
63.11484,13
63.13512,15
63.1554,15
63.17568,12
63.19596,7
63.21624,11
63.23651,9
63.25679,9
63.27707,10
63.29735,10
63.31763,6
63.33791,8
63.35819,12
63.37847,16
63.39875,15
63.41902,18
63.4393,12
63.45958,17
63.47986,16
63.50014,19
63.52042,13
63.5407,16
63.56098,7
63.58126,12
63.60154,12
63.62181,18
63.64209,19
63.66237,19
63.68265,26
63.70293,27
63.72321,33
63.74349,57
63.76377,142
63.78405,224
63.80432,185
63.8246,141
63.84488,86
63.86516,63
63.88544,42
63.90572,31
63.926,52
63.94628,78
63.96656,125
63.98683,109
64.00711,61
64.02739,42
64.04767,43
64.06795,24
64.08823,20
64.10851,20
64.12879,22
64.14907,17
64.16935,11
64.18962,16
64.2099,13
64.23018,17
64.25046,15
64.27074,17
64.29102,23
64.3113,9
64.33158,17
64.35186,15
64.37213,13
64.39241,12
64.41269,22
64.43297,22
64.45325,16
64.47353,19
64.49381,20
64.51409,43
64.53437,77
64.55464,159
64.57492,267
64.5952,256
64.61548,212
64.63576,154
64.65604,80
64.67632,56
64.6966,48
64.71688,64
64.73716,107
64.75743,147
64.77771,134
64.79799,101
64.81827,81
64.83855,67
64.85883,40
64.87911,36
64.89939,22
64.91967,21
64.93994,16
64.96022,17
64.9805,12
65.00078,22
65.02106,13
65.04134,16
65.06162,10
65.0819,17
65.10218,17
65.12245,9
65.14273,8
65.16301,13
65.18329,10
65.20357,16
65.22385,8
65.24413,13
65.26441,9
65.28469,7
65.30497,9
65.32524,11
65.34552,8
65.3658,10
65.38608,8
65.40636,10
65.42664,11
65.44692,14
65.4672,8
65.48748,9
65.50775,9
65.52804,8
65.54832,14
65.5686,12
65.58888,15
65.60916,16
65.62944,9
65.64971,16
65.66999,12
65.69027,13
65.71055,13
65.73083,12
65.75111,11
65.77139,9
65.79167,10
65.81195,9
65.83223,11
65.8525,6
65.87278,14
65.89306,12
65.91334,8
65.93362,12
65.9539,15
65.97418,11
65.99446,7
66.01474,11
66.03501,10
66.05529,14
66.07557,6
66.09585,5
66.11613,15
66.13641,14
66.15669,8
66.17697,15
66.19725,12
66.21752,12
66.2378,6
66.25808,7
66.27836,9
66.29864,11
66.31892,13
66.3392,12
66.35948,8
66.37976,10
66.40004,19
66.42031,8
66.44059,8
66.46087,10
66.48115,10
66.50143,3
66.52171,7
66.54199,16
66.56227,9
66.58255,9
66.60282,9
66.6231,9
66.64338,12
66.66366,10
66.68394,9
66.70422,11
66.7245,10
66.74478,10
66.76506,10
66.78533,2
66.80561,8
66.82589,6
66.84617,7
66.86645,11
66.88673,10
66.90701,12
66.92729,10
66.94757,14
66.96785,11
66.98812,11
67.0084,6
67.02868,9
67.04896,12
67.06924,7
67.08952,7
67.1098,6
67.13008,9
67.15036,10
67.17063,7
67.19091,6
67.21119,18
67.23147,13
67.25175,10
67.27203,11
67.29231,9
67.31259,8
67.33287,11
67.35314,16
67.37342,7
67.3937,16
67.41398,6
67.43426,10
67.45454,10
67.47482,10
67.4951,7
67.51538,10
67.53566,10
67.55593,14
67.57621,6
67.59649,6
67.61677,9
67.63705,7
67.65733,6
67.67761,12
67.69789,8
67.71817,12
67.73844,9
67.75872,14
67.779,12
67.79928,8
67.81956,10
67.83984,9
67.86012,7
67.8804,11
67.90068,4
67.92095,7
67.94123,12
67.96151,7
67.98179,12
68.00207,8
68.02235,10
68.04263,13
68.06291,4
68.08319,14
68.10347,8
68.12374,15
68.14402,4
68.1643,12
68.18458,11
68.20486,13
68.22514,7
68.24542,9
68.2657,5
68.28598,11
68.30625,10
68.32653,5
68.34681,2
68.36709,2
68.38737,12
68.40765,13
68.42793,3
68.44821,6
68.46849,7
68.48877,8
68.50904,6
68.52932,15
68.5496,13
68.56988,8
68.59016,5
68.61044,7
68.63072,9
68.651,9
68.67128,8
68.69155,9
68.71183,11
68.73212,9
68.7524,10
68.77268,7
68.79296,7
68.81324,7
68.83351,6
68.85379,4
68.87407,6
68.89435,10
68.91463,11
68.93491,11
68.95519,11
68.97547,9
68.99575,11
69.01602,18
69.0363,10
69.05658,9
69.07686,5
69.09714,8
69.11742,11
69.1377,10
69.15798,6
69.17826,12
69.19854,4
69.21881,10
69.23909,6
69.25937,16
69.27965,4
69.29993,10
69.32021,9
69.34049,7
69.36077,12
69.38105,7
69.40132,9
69.4216,10
69.44188,14
69.46216,7
69.48244,7
69.50272,4
69.523,7
69.54328,13
69.56356,10
69.58383,2
69.60411,14
69.62439,12
69.64467,9
69.66495,10
69.68523,6
69.70551,7
69.72579,9
69.74607,10
69.76635,8
69.78662,7
69.8069,8
69.82718,8
69.84746,7
69.86774,9
69.88802,9
69.9083,11
69.92858,11
69.94886,13
69.96913,6
69.98941,6
70.00969,8
70.02997,10
70.05025,11
70.07053,8
70.09081,9
70.11109,11
70.13137,7
70.15164,7
70.17192,12
70.1922,9
70.21248,8
70.23276,12
70.25304,7
70.27332,8
70.2936,11
70.31388,9
70.33416,7
70.35443,8
70.37471,9
70.39499,7
70.41527,6
70.43555,5
70.45583,7
70.47611,8
70.49639,8
70.51667,3
70.53694,14
70.55722,12
70.5775,5
70.59778,11
70.61806,7
70.63834,5
70.65862,4
70.6789,8
70.69918,10
70.71946,12
70.73973,11
70.76001,8
70.78029,10
70.80057,11
70.82085,2
70.84113,9
70.86141,6
70.88169,10
70.90197,4
70.92224,7
70.94252,9
70.9628,6
70.98308,14
71.00336,7
71.02364,8
71.04392,8
71.0642,9
71.08448,13
71.10475,8
71.12503,8
71.14531,10
71.16559,8
71.18587,10
71.20615,10
71.22643,15
71.24671,7
71.26699,10
71.28727,8
71.30754,9
71.32782,8
71.3481,10
71.36838,6
71.38866,18
71.40894,10
71.42922,6
71.4495,10
71.46978,4
71.49005,7
71.51033,9
71.53061,7
71.55089,4
71.57117,9
71.59145,8
71.61173,11
71.63201,10
71.65229,5
71.67256,10
71.69284,9
71.71312,4
71.7334,5
71.75368,8
71.77396,6
71.79424,5
71.81452,7
71.8348,9
71.85508,8
71.87535,8
71.89563,13
71.91592,8
71.9362,11
71.95648,11
71.97676,12
71.99704,8
72.01731,9
72.03759,8
72.05787,13
72.07815,6
72.09843,7
72.11871,12
72.13899,13
72.15927,10
72.17955,15
72.19982,19
72.2201,11
72.24038,13
72.26066,16
72.28094,18
72.30122,15
72.3215,20
72.34178,22
72.36206,46
72.38233,79
72.40261,152
72.42289,132
72.44317,118
72.46345,71
72.48373,49
72.50401,30
72.52429,28
72.54457,22
72.56485,34
72.58512,33
72.6054,74
72.62568,75
72.64596,66
72.66624,43
72.68652,34
72.7068,28
72.72708,22
72.74736,12
72.76763,17
72.78791,10
72.80819,5
72.82847,10
72.84875,19
72.86903,10
72.88931,10
72.90959,9
72.92987,13
72.95015,19
72.97042,10
72.9907,11
73.01098,8
73.03126,19
73.05154,12
73.07182,20
73.0921,21
73.11238,42
73.13266,55
73.15293,87
73.17321,125
73.19349,99
73.21377,75
73.23405,47
73.25433,34
73.27461,32
73.29489,17
73.31517,23
73.33544,33
73.35572,48
73.376,62
73.39628,59
73.41656,50
73.43684,39
73.45712,28
73.4774,16
73.49768,8
73.51796,5
73.53823,15
73.55851,6
73.57879,7
73.59907,6
73.61935,10
73.63963,6
73.65991,7
73.68019,13
73.70047,16
73.72074,11
73.74102,10
73.7613,9
73.78158,11
73.80186,9
73.82214,7
73.84242,5
73.8627,7
73.88298,8
73.90325,6
73.92353,10
73.94381,4
73.96409,16
73.98437,4
74.00465,5
74.02493,5
74.04521,12
74.06549,6
74.08577,11
74.10604,6
74.12632,4
74.1466,5
74.16688,2
74.18716,6
74.20744,11
74.22772,12
74.248,8
74.26828,13
74.28855,9
74.30883,8
74.32911,6
74.34939,20
74.36967,8
74.38995,9
74.41023,10
74.43051,4
74.45079,11
74.47106,8
74.49134,12
74.51162,5
74.5319,8
74.55218,8
74.57246,11
74.59274,6
74.61302,11
74.6333,9
74.65358,7
74.67385,6
74.69413,8
74.71441,4
74.73469,6
74.75497,4
74.77525,8
74.79553,10
74.81581,5
74.83609,9
74.85636,4
74.87664,10
74.89692,7
74.9172,8
74.93748,6
74.95776,11
74.97804,7
74.99832,7
75.0186,6
75.03887,6
75.05915,5
75.07943,4
75.09971,7
75.12,7
75.14028,6
75.16056,5
75.18084,8
75.20111,7
75.22139,6
75.24167,5
75.26195,10
75.28223,8
75.30251,6
75.32279,7
75.34307,5
75.36335,5
75.38362,3
75.4039,4
75.42418,7
75.44446,5
75.46474,6
75.48502,5
75.5053,7
75.52558,8
75.54586,7
75.56613,4
75.58641,7
75.60669,8
75.62697,9
75.64725,16
75.66753,11
75.68781,10
75.70809,5
75.72837,8
75.74865,7
75.76892,6
75.7892,11
75.80948,8
75.82976,7
75.85004,1
75.87032,9
75.8906,8
75.91088,9
75.93116,5
75.95143,9
75.97171,11
75.99199,7
76.01227,2
76.03255,3
76.05283,6
76.07311,3
76.09339,4
76.11367,7
76.13394,3
76.15422,11
76.1745,8
76.19478,6
76.21506,3
76.23534,6
76.25562,10
76.2759,6
76.29618,5
76.31646,10
76.33673,9
76.35701,11
76.37729,12
76.39757,5
76.41785,10
76.43813,5
76.45841,8
76.47869,5
76.49897,8
76.51924,2
76.53952,9
76.5598,8
76.58008,3
76.60036,11
76.62064,6
76.64092,3
76.6612,14
76.68148,7
76.70175,7
76.72203,5
76.74231,13
76.76259,9
76.78287,8
76.80315,6
76.82343,2
76.84371,5
76.86399,8
76.88427,7
76.90454,8
76.92482,5
76.9451,4
76.96538,5
76.98566,7
77.00594,1
77.02622,6
77.0465,5
77.06678,9
77.08705,9
77.10733,5
77.12761,6
77.14789,7
77.16817,1
77.18845,7
77.20873,7
77.22901,8
77.24929,5
77.26956,3
77.28984,10
77.31012,6
77.3304,4
77.35068,4
77.37096,8
77.39124,7
77.41152,8
77.4318,12
77.45208,8
77.47235,6
77.49263,6
77.51291,4
77.53319,6
77.55347,5
77.57375,1
77.59403,6
77.61431,7
77.63459,9
77.65486,5
77.67514,5
77.69542,4
77.7157,6
77.73598,6
77.75626,8
77.77654,8
77.79682,5
77.8171,7
77.83737,5
77.85765,5
77.87793,5
77.89821,10
77.91849,11
77.93877,6
77.95905,5
77.97933,6
77.99961,8
78.01989,4
78.04016,2
78.06044,7
78.08072,12
78.101,9
78.12128,5
78.14156,9
78.16184,7
78.18212,3
78.2024,8
78.22267,7
78.24295,4
78.26323,6
78.28351,6
78.30379,3
78.32408,8
78.34436,4
78.36463,7
78.38491,7
78.40519,7
78.42547,7
78.44575,6
78.46603,4
78.48631,8
78.50659,2
78.52687,5
78.54715,6
78.56742,10
78.5877,4
78.60798,5
78.62826,5
78.64854,11
78.66882,9
78.6891,4
78.70938,3
78.72966,6
78.74993,10
78.77021,5
78.79049,6
78.81077,7
78.83105,7
78.85133,6
78.87161,4
78.89189,7
78.91217,6
78.93244,8
78.95272,7
78.973,11
78.99328,11
79.01356,10
79.03384,6
79.05412,10
79.0744,13
79.09468,9
79.11496,10
79.13523,4
79.15551,14
79.17579,8
79.19607,9
79.21635,11
79.23663,3
79.25691,5
79.27719,9
79.29747,8
79.31774,16
79.33802,17
79.3583,13
79.37858,10
79.39886,17
79.41914,27
79.43942,40
79.4597,86
79.47998,124
79.50025,143
79.52053,146
79.54081,94
79.56109,55
79.58137,38
79.60165,26
79.62193,17
79.64221,21
79.66249,15
79.68277,35
79.70304,45
79.72332,69
79.7436,69
79.76388,68
79.78416,48
79.80444,32
79.82472,23
79.845,10
79.86528,12
79.88555,11
79.90583,9
79.92611,13
79.94639,8
79.96667,8
79.98695,10
80.00723,3
80.02751,8
80.04779,7
80.06806,7
80.08834,3
80.10862,3
80.1289,2
80.14918,4
80.16946,3
80.18974,8
80.21002,7
80.2303,4
80.25058,5
80.27085,11
80.29113,10
80.31141,3
80.33169,6
80.35197,7
80.37225,8
80.39253,7
80.41281,4
80.43309,5
80.45336,3
80.47364,5
80.49392,2
80.5142,3
80.53448,7
80.55476,3
80.57504,6
80.59532,11
80.6156,8
80.63588,3
80.65615,4
80.67643,5
80.69671,6
80.71699,6
80.73727,4
80.75755,4
80.77783,6
80.79811,5
80.81839,4
80.83866,5
80.85894,5
80.87922,4
80.8995,8
80.91978,11
80.94006,4
80.96034,6
80.98062,7
81.0009,6
81.02117,6
81.04145,2
81.06173,4
81.08201,6
81.10229,9
81.12257,2
81.14285,9
81.16313,3
81.18341,6
81.20369,4
81.22396,5
81.24424,5
81.26452,3
81.2848,5
81.30508,9
81.32536,6
81.34564,5
81.36592,3
81.3862,4
81.40647,5
81.42675,6
81.44703,5
81.46731,5
81.48759,6
81.50788,3
81.52816,4
81.54843,7
81.56871,8
81.58899,4
81.60927,6
81.62955,5
81.64983,9
81.67011,9
81.69039,5
81.71067,7
81.73094,6
81.75122,9
81.7715,6
81.79178,4
81.81206,7
81.83234,5
81.85262,6
81.8729,7
81.89318,3
81.91346,7
81.93373,2
81.95401,1
81.97429,8
81.99457,4
82.01485,5
82.03513,4
82.05541,6
82.07569,2
82.09597,5
82.11624,10
82.13652,5
82.1568,5
82.17708,2
82.19736,7
82.21764,6
82.23792,4
82.2582,5
82.27848,6
82.29875,2
82.31903,2
82.33931,1
82.35959,5
82.37987,8
82.40015,6
82.42043,8
82.44071,5
82.46099,2
82.48127,1
82.50154,1
82.52182,8
82.5421,4
82.56238,9
82.58266,8
82.60294,5
82.62322,5
82.6435,6
82.66378,3
82.68405,5
82.70433,7
82.72461,5
82.74489,3
82.76517,2
82.78545,7
82.80573,1
82.82601,9
82.84629,6
82.86657,6
82.88684,7
82.90712,6
82.9274,7
82.94768,3
82.96796,5
82.98824,5
83.00852,9
83.0288,8
83.04908,5
83.06935,6
83.08963,4
83.10991,6
83.13019,4
83.15047,2
83.17075,6
83.19103,5
83.21131,4
83.23159,6
83.25186,3
83.27214,5
83.29242,3
83.3127,6
83.33298,6
83.35326,2
83.37354,7
83.39382,5
83.4141,2
83.43438,4
83.45465,3
83.47493,2
83.49521,9
83.51549,9
83.53577,7
83.55605,3
83.57633,5
83.59661,8
83.61689,3
83.63716,8
83.65744,6
83.67772,2
83.698,2
83.71828,9
83.73856,4
83.75884,4
83.77912,10
83.7994,4
83.81967,4
83.83995,8
83.86023,1
83.88051,4
83.90079,4
83.92107,5
83.94135,4
83.96163,4
83.98191,8
84.00219,5
84.02246,6
84.04274,4
84.06302,3
84.0833,11
84.10358,3
84.12386,10
84.14414,4
84.16442,7
84.1847,2
84.20497,7
84.22525,5
84.24553,3
84.26581,3
84.28609,3
84.30637,8
84.32665,5
84.34693,10
84.36721,4
84.38748,6
84.40776,9
84.42804,9
84.44832,8
84.4686,7
84.48888,1
84.50916,4
84.52944,1
84.54972,8
84.57,5
84.59027,5
84.61055,2
84.63083,5
84.65111,0
84.67139,7
84.69167,6
84.71196,7
84.73223,6
84.75251,3
84.77279,3
84.79307,7
84.81335,8
84.83363,2
84.85391,2
84.87419,9
84.89447,3
84.91474,1
84.93502,4
84.9553,5
84.97558,3
84.99586,8
85.01614,4
85.03642,2
85.0567,6
85.07698,4
85.09726,4
85.11753,5
85.13781,8
85.15809,5
85.17837,1
85.19865,6
85.21893,3
85.23921,5
85.25949,5
85.27977,5
85.30004,4
85.32032,3
85.3406,4
85.36088,4
85.38116,2
85.40144,2
85.42172,3
85.442,2
85.46228,4
85.48255,8
85.50283,5
85.52311,5
85.54339,2
85.56367,2
85.58395,5
85.60423,6
85.62451,4
85.64479,4
85.66507,7
85.68534,4
85.70562,7
85.7259,6
85.74618,7
85.76646,7
85.78674,2
85.80702,7
85.8273,3
85.84758,4
85.86785,1
85.88813,9
85.90841,5
85.92869,2
85.94897,2
85.96925,9
85.98953,3
86.00981,1
86.03009,5
86.05036,3
86.07064,2
86.09092,4
86.1112,2
86.13148,6
86.15176,6
86.17204,12
86.19232,5
86.2126,3
86.23288,3
86.25315,6
86.27343,3
86.29371,5
86.31399,8
86.33427,4
86.35455,6
86.37483,3
86.39511,3
86.41539,4
86.43566,2
86.45594,3
86.47622,4
86.4965,7
86.51678,8
86.53706,9
86.55734,3
86.57762,6
86.5979,6
86.61817,10
86.63845,9
86.65873,3
86.67901,4
86.69929,3
86.71957,5
86.73985,4
86.76013,8
86.78041,3
86.80069,4
86.82096,4
86.84124,6
86.86152,4
86.8818,3
86.90208,2
86.92236,2
86.94264,4
86.96292,0
86.9832,7
87.00347,4
87.02375,7
87.04403,4
87.06431,1
87.08459,5
87.10487,5
87.12515,5
87.14543,7
87.16571,7
87.18598,4
87.20626,7
87.22654,5
87.24682,4
87.2671,4
87.28738,6
87.30766,7
87.32794,4
87.34822,7
87.3685,5
87.38877,3
87.40905,3
87.42933,4
87.44961,4
87.46989,0
87.49017,1
87.51045,6
87.53073,3
87.55101,5
87.57128,0
87.59156,4
87.61184,3
87.63212,2
87.6524,2
87.67268,2
87.69296,1
87.71324,2
87.73352,4
87.75379,4
87.77407,5
87.79435,5
87.81463,2
87.83491,3
87.85519,3
87.87547,0
87.89576,7
87.91603,7
87.93631,4
87.95659,2
87.97687,3
87.99715,3
88.01743,2
88.03771,5
88.05799,4
88.07827,3
88.09854,3
88.11882,2
88.1391,6
88.15938,3
88.17966,4
88.19994,7
88.22022,4
88.2405,5
88.26078,2
88.28105,3
88.30133,3
88.32161,4
88.34189,4
88.36217,4
88.38245,8
88.40273,7
88.42301,4
88.44329,5
88.46357,2
88.48384,2
88.50412,2
88.5244,5
88.54468,5
88.56496,2
88.58524,1
88.60552,2
88.6258,8
88.64608,8
88.66635,7
88.68663,2
88.70691,0
88.72719,4
88.74747,4
88.76775,5
88.78803,5
88.80831,7
88.82859,8
88.84886,5
88.86914,2
88.88942,3
88.9097,3
88.92998,4
88.95026,4
88.97054,5
88.99082,6
89.0111,1
89.03138,0
89.05165,3
89.07193,7
89.09221,3
89.11249,5
89.13277,6
89.15305,9
89.17333,8
89.19361,8
89.21389,12
89.23416,6
89.25444,11
89.27472,13
89.295,12
89.31528,14
89.33556,19
89.35584,36
89.37612,63
89.3964,63
89.41667,67
89.43695,47
89.45723,32
89.47751,27
89.49779,15
89.51807,8
89.53835,6
89.55863,7
89.57891,9
89.59919,15
89.61946,12
89.63974,18
89.66002,34
89.6803,47
89.70058,28
89.72086,25
89.74114,20
89.76142,10
89.7817,14
89.80197,11
89.82225,5
89.84253,9
89.86281,7
89.88309,4
89.90337,2
89.92365,6
89.94393,2
89.96421,3
89.98448,2
90.00476,4