20.00173,163
20.02201,133
20.04229,147
20.06257,142
20.08285,131
20.10312,146
20.1234,136
20.14368,153
20.16396,137
20.18424,150
20.20452,119
20.2248,148
20.24508,146
20.26536,161
20.28563,147
20.30591,133
20.32619,140
20.34647,147
20.36675,132
20.38703,152
20.40731,137
20.42759,140
20.44787,153
20.46815,130
20.48843,128
20.5087,145
20.52898,144
20.54926,149
20.56954,154
20.58982,172
20.6101,133
20.63038,154
20.65066,144
20.67094,131
20.69121,129
20.71149,136
20.73177,155
20.75205,169
20.77233,179
20.79261,162
20.81289,184
20.83317,155
20.85345,152
20.87373,138
20.894,138
20.91428,123
20.93456,133
20.95484,150
20.97512,160
20.9954,161
21.01568,134
21.03596,162
21.05624,134
21.07651,151
21.09679,142
21.11707,153
21.13735,160
21.15763,158
21.17791,152
21.19819,167
21.21847,139
21.23875,166
21.25903,150
21.27931,162
21.29958,153
21.31986,160
21.34014,173
21.36042,171
21.3807,170
21.40098,185
21.42126,158
21.44154,191
21.46182,135
21.4821,174
21.50237,128
21.52265,135
21.54293,132
21.56321,122
21.58349,148
21.60377,152
21.62405,117
21.64433,135
21.66461,129
21.68488,123
21.70516,115
21.72544,115
21.74572,134
21.766,113
21.78628,136
21.80656,124
21.82684,109
21.84712,128
21.86739,133
21.88767,138
21.90795,129
21.92823,118
21.94851,137
21.96879,134
21.98907,127
22.00935,101
22.02963,127
22.04991,132
22.07019,131
22.09046,123
22.11074,119
22.13102,124
22.1513,120
22.17158,132
22.19186,110
22.21214,111
22.23242,104
22.2527,109
22.27298,120
22.29325,147
22.31353,112
22.33381,125
22.35409,122
22.37437,109
22.39465,119
22.41493,135
22.43521,121
22.45549,128
22.47576,122
22.49604,130
22.51632,119
22.5366,145
22.55688,117
22.57716,113
22.59744,118
22.61772,127
22.638,119
22.65827,138
22.67855,115
22.69883,103
22.71911,118
22.73939,112
22.75967,137
22.77995,114
22.80023,123
22.82051,123
22.84079,136
22.86107,130
22.88135,118
22.90162,126
22.9219,116
22.94218,145
22.96246,129
22.98274,131
23.00302,118
23.0233,119
23.04358,101
23.06386,128
23.08413,106
23.10441,119
23.12469,120
23.14497,121
23.16525,133
23.18553,137
23.20581,126
23.22609,104
23.24637,119
23.26664,118
23.28692,110
23.3072,133
23.32748,121
23.34776,117
23.36804,127
23.38832,102
23.4086,119
23.42888,130
23.44916,122
23.46943,123
23.48971,110
23.50999,118
23.53027,124
23.55055,134
23.57083,124
23.59111,120
23.61139,127
23.63167,136
23.65195,132
23.67223,114
23.6925,114
23.71278,126
23.73306,154
23.75334,114
23.77362,132
23.7939,132
23.81418,136
23.83446,154
23.85474,151
23.87501,145
23.89529,130
23.91557,116
23.93585,122
23.95613,98
23.97641,122
23.99669,141
24.01697,111
24.03725,135
24.05752,105
24.0778,131
24.09808,109
24.11836,113
24.13864,129
24.15892,140
24.1792,122
24.19948,102
24.21976,107
24.24004,125
24.26031,127
24.28059,117
24.30087,127
24.32115,104
24.34143,124
24.36171,90
24.38199,114
24.40227,113
24.42255,115
24.44283,128
24.46311,125
24.48338,126
24.50366,116
24.52394,103
24.54422,112
24.5645,111
24.58478,96
24.60506,120
24.62534,85
24.64562,95
24.66589,115
24.68617,103
24.70645,107
24.72673,110
24.74701,115
24.76729,135
24.78757,111
24.80785,124
24.82813,123
24.84841,100
24.86868,124
24.88896,116
24.90924,122
24.92952,122
24.9498,125
24.97008,98
24.99036,114
25.01064,98
25.03092,117
25.05119,113
25.07147,108
25.09175,115
25.11203,102
25.13231,104
25.15259,127
25.17287,129
25.19315,105
25.21343,130
25.23371,118
25.25399,128
25.27426,121
25.29454,100
25.31482,97
25.3351,106
25.35538,119
25.37566,95
25.39594,122
25.41622,115
25.4365,116
25.45677,104
25.47705,104
25.49733,110
25.51761,113
25.53789,119
25.55817,108
25.57845,112
25.59873,112
25.61901,113
25.63929,110
25.65956,125
25.67984,111
25.70012,101
25.7204,97
25.74068,100
25.76096,104
25.78124,114
25.80152,117
25.8218,105
25.84207,120
25.86235,96
25.88263,113
25.90291,110
25.92319,118
25.94347,100
25.96375,125
25.98403,141
26.00431,120
26.02459,106
26.04487,106
26.06514,120
26.08542,134
26.1057,110
26.12598,129
26.14626,106
26.16654,126
26.18682,96
26.2071,116
26.22738,113
26.24766,118
26.26793,133
26.28821,102
26.30849,130
26.32877,116
26.34905,110
26.36933,148
26.38961,136
26.40989,119
26.43017,130
26.45044,136
26.47072,154
26.491,155
26.51128,209
26.53156,199
26.55184,235
26.57212,291
26.5924,407
26.61268,427
26.63295,330
26.65323,328
26.67351,338
26.69379,236
26.71407,168
26.73435,157
26.75463,129
26.77491,121
26.79519,107
26.81547,103
26.83575,112
26.85603,122
26.8763,125
26.89658,135
26.91686,135
26.93714,99
26.95742,116
26.9777,140
26.99798,102
27.01826,102
27.03854,92
27.05881,109
27.07909,106
27.09937,89
27.11965,121
27.13993,109
27.16021,109
27.18049,94
27.20077,106
27.22105,117
27.24132,123
27.2616,106
27.28188,126
27.30216,104
27.32244,123
27.34272,118
27.363,111
27.38328,98
27.40356,103
27.42384,88
27.44411,91
27.46439,92
27.48467,104
27.50495,97
27.52523,104
27.54551,104
27.56579,132
27.58607,114
27.60635,127
27.62663,87
27.64691,92
27.66718,112
27.68746,109
27.70774,109
27.72802,119
27.7483,117
27.76858,107
27.78886,118
27.80914,131
27.82942,122
27.84969,94
27.86997,95
27.89025,88
27.91053,115
27.93081,100
27.95109,97
27.97137,112
27.99165,104
28.01193,99
28.0322,116
28.05248,97
28.07276,95
28.09304,109
28.11332,93
28.1336,85
28.15388,94
28.17416,91
28.19444,84
28.21472,90
28.23499,99
28.25527,91
28.27555,82
28.29583,109
28.31611,109
28.33639,100
28.35667,97
28.37695,111
28.39723,125
28.41751,104
28.43779,104
28.45806,96
28.47834,101
28.49862,89
28.5189,96
28.53918,102
28.55946,105
28.57974,107
28.60002,100
28.6203,92
28.64057,93
28.66085,94
28.68113,123
28.70141,111
28.72169,74
28.74197,97
28.76225,82
28.78253,99
28.80281,99
28.82309,114
28.84336,95
28.86364,96
28.88392,90
28.9042,88
28.92448,89
28.94476,89
28.96504,117
28.98532,117
29.0056,109
29.02587,85
29.04615,106
29.06643,100
29.08671,119
29.10699,109
29.12727,94
29.14755,97
29.16783,92
29.18811,96
29.20839,85
29.22867,115
29.24894,107
29.26922,99
29.2895,111
29.30978,91
29.33006,98
29.35034,90
29.37062,111
29.3909,88
29.41118,106
29.43145,127
29.45173,101
29.47201,93
29.49229,94
29.51257,97
29.53285,119
29.55313,105
29.57341,81
29.59369,95
29.61397,101
29.63424,86
29.65452,93
29.6748,81
29.69508,102
29.71536,80
29.73564,115
29.75592,93
29.7762,106
29.79648,74
29.81675,95
29.83703,74
29.85731,102
29.87759,81
29.89787,80
29.91815,74
29.93843,88
29.95871,99
29.97899,99
29.99927,81
30.01955,99
30.03982,91
30.0601,92
30.08038,95
30.10066,90
30.12094,95
30.14122,100
30.1615,93
30.18178,105
30.20206,89
30.22234,81
30.24261,84
30.26289,85
30.28317,86
30.30345,99
30.32373,106
30.34401,76
30.36429,97
30.38457,66
30.40485,99
30.42512,94
30.4454,131
30.46568,92
30.48596,84
30.50624,82
30.52652,101
30.5468,106
30.56708,113
30.58736,93
30.60763,89
30.62791,98
30.64819,81
30.66847,85
30.68875,88
30.70903,75
30.72931,83
30.74959,73
30.76987,89
30.79015,102
30.81043,87
30.8307,105
30.85098,108
30.87126,88
30.89154,93
30.91182,106
30.9321,96
30.95238,99
30.97266,97
30.99294,85
31.01322,81
31.03349,109
31.05377,96
31.07405,95
31.09433,114
31.11461,99
31.13489,88
31.15517,93
31.17545,99
31.19573,92
31.216,78
31.23628,94
31.25656,95
31.27684,92
31.29712,96
31.3174,85
31.33768,98
31.35796,93
31.37824,105
31.39852,96
31.41879,79
31.43907,97
31.45935,95
31.47963,91
31.49991,78
31.52019,89
31.54047,101
31.56075,112
31.58103,90
31.60131,92
31.62159,83
31.64186,106
31.66214,84
31.68242,105
31.7027,103
31.72298,104
31.74326,83
31.76354,85
31.78382,99
31.8041,93
31.82437,105
31.84465,102
31.86493,90
31.88521,91
31.90549,83
31.92577,92
31.94605,96
31.96633,104
31.98661,91
32.00688,108
32.02716,96
32.04744,108
32.06772,87
32.088,86
32.10828,91
32.12856,88
32.14884,96
32.16912,85
32.1894,91
32.20967,98
32.22995,100
32.25023,97
32.27051,85
32.29079,100
32.31107,88
32.33135,101
32.35163,87
32.37191,107
32.39218,111
32.41246,74
32.43274,80
32.45302,113
32.4733,99
32.49358,109
32.51386,101
32.53414,82
32.55442,108
32.57469,92
32.59497,95
32.61525,84
32.63553,101
32.65581,99
32.67609,85
32.69637,109
32.71665,102
32.73693,96
32.75721,123
32.77748,93
32.79777,79
32.81805,100
32.83832,85
32.8586,87
32.87888,96
32.89916,94
32.91944,93
32.93972,99
32.96,86
32.98028,110
33.00056,83
33.02084,111
33.04111,99
33.06139,105
33.08167,110
33.10195,102
33.12223,107
33.14251,95
33.16279,101
33.18307,115
33.20335,100
33.22362,103
33.2439,109
33.26418,101
33.28446,104
33.30474,82
33.32502,123
33.3453,112
33.36558,89
33.38586,99
33.40613,95
33.42641,107
33.44669,107
33.46697,113
33.48725,99
33.50753,96
33.52781,114
33.54809,99
33.56837,111
33.58865,106
33.60892,110
33.6292,107
33.64948,91
33.66976,109
33.69004,105
33.71032,94
33.7306,99
33.75088,117
33.77116,108
33.79143,106
33.81171,126
33.83199,103
33.85227,104
33.87255,111
33.89283,112
33.91311,105
33.93339,123
33.95367,111
33.97394,114
33.99422,128
34.0145,134
34.03478,126
34.05506,111
34.07534,131
34.09562,109
34.1159,129
34.13618,140
34.15646,157
34.17673,135
34.19701,146
34.21729,136
34.23757,139
34.25785,141
34.27813,132
34.29841,136
34.31869,173
34.33897,150
34.35924,170
34.37953,147
34.39981,185
34.42009,171
34.44036,199
34.46064,200
34.48092,221
34.5012,250
34.52148,250
34.54176,279
34.56204,301
34.58232,379
34.6026,397
34.62287,431
34.64315,563
34.66343,629
34.68371,654
34.70399,771
34.72427,787
34.74455,920
34.76483,935
34.78511,976
34.80538,1080
34.82566,1071
34.84594,1015
34.86622,1003
34.8865,1040
34.90678,984
34.92706,893
34.94734,847
34.96762,738
34.9879,702
35.00817,644
35.02845,611
35.04873,515
35.06901,479
35.08929,448
35.10957,366
35.12985,370
35.15013,340
35.17041,352
35.19068,308
35.21096,249
35.23124,250
35.25152,288
35.2718,210
35.29208,239
35.31236,229
35.33264,199
35.35292,212
35.37319,207
35.39347,202
35.41375,193
35.43403,203
35.45431,185
35.47459,190
35.49487,180
35.51515,173
35.53543,175
35.55571,160
35.57598,167
35.59626,153
35.61654,148
35.63682,162
35.6571,159
35.67738,154
35.69766,161
35.71794,162
35.73822,167
35.75849,164
35.77877,167
35.79905,158
35.81933,142
35.83961,131
35.85989,175
35.88017,145
35.90045,144
35.92073,158
35.94101,161
35.96128,138
35.98157,154
36.00185,136
36.02212,144
36.0424,150
36.06268,140
36.08296,134
36.10324,141
36.12352,133
36.1438,160
36.16408,166
36.18436,149
36.20463,128
36.22491,134
36.24519,143
36.26547,165
36.28575,131
36.30603,163
36.32631,144
36.34659,156
36.36687,157
36.38715,165
36.40742,152
36.4277,166
36.44798,170
36.46826,159
36.48854,162
36.50882,170
36.5291,170
36.54938,161
36.56966,145
36.58993,172
36.61021,169
36.63049,157
36.65077,155
36.67105,177
36.69133,167
36.71161,147
36.73189,160
36.75217,166
36.77244,191
36.79272,143
36.813,145
36.83328,154
36.85356,184
36.87384,176
36.89412,194
36.9144,175
36.93468,170
36.95496,174
36.97523,185
36.99551,166
37.01579,209
37.03607,185
37.05635,202
37.07663,203
37.09691,196
37.11719,222
37.13747,227
37.15774,226
37.17802,223
37.1983,249
37.21858,238
37.23886,270
37.25914,239
37.27942,292
37.2997,285
37.31998,247
37.34026,261
37.36053,256
37.38081,332
37.40109,301
37.42137,325
37.44165,316
37.46193,316
37.48221,326
37.50249,341
37.52277,364
37.54304,367
37.56332,374
37.58361,409
37.60388,413
37.62416,448
37.64444,433
37.66472,435
37.685,461
37.70528,529
37.72556,472
37.74584,529
37.76612,567
37.7864,561
37.80667,581
37.82695,631
37.84723,688
37.86751,707
37.88779,726
37.90807,701
37.92835,731
37.94863,766
37.96891,810
37.98918,819
38.00946,823
38.02974,831
38.05002,898
38.0703,905
38.09058,928
38.11086,1037
38.13114,1018
38.15142,1066
38.1717,1134
38.19197,1203
38.21225,1214
38.23253,1341
38.25281,1397
38.27309,1442
38.29337,1610
38.31365,1792
38.33393,1843
38.35421,2026
38.37448,2201
38.39476,2419
38.41504,2542
38.43532,2801
38.4556,3017
38.47588,3233
38.49616,3495
38.51644,3788
38.53672,3994
38.55699,4274
38.57727,4527
38.59755,4706
38.61783,4785
38.63811,4881
38.65839,4842
38.67867,4885
38.69895,4861
38.71923,4531
38.73951,4521
38.75978,4151
38.78006,3849
38.80034,3613
38.82062,3167
38.8409,3013
38.86118,2682
38.88146,2550
38.90174,2292
38.92202,2120
38.94229,1895
38.96257,1681
38.98285,1523
39.00313,1377
39.02341,1308
39.04369,1201
39.06397,1073
39.08425,1002
39.10453,967
39.1248,913
39.14508,820
39.16536,801
39.18565,802
39.20592,736
39.2262,694
39.24648,667
39.26676,688
39.28704,700
39.30732,629
39.3276,606
39.34788,626
39.36816,633
39.38843,657
39.40871,631
39.42899,608
39.44927,682
39.46955,729
39.48983,697
39.51011,720
39.53039,666
39.55067,763
39.57095,767
39.59122,745
39.6115,819
39.63178,806
39.65206,923
39.67234,878
39.69262,865
39.7129,948
39.73318,930
39.75346,890
39.77373,929
39.79401,917
39.81429,1003
39.83457,911
39.85485,946
39.87513,942
39.89541,928
39.91569,905
39.93597,812
39.95624,806
39.97652,777
39.9968,752
40.01708,734
40.03736,669
40.05764,629
40.07792,644
40.0982,628
40.11848,576
40.13876,588
40.15903,513
40.17931,481
40.19959,482
40.21987,447
40.24015,464
40.26043,354
40.28071,414
40.30099,349
40.32127,356
40.34154,337
40.36182,291
40.3821,280
40.40238,284
40.42266,313
40.44294,297
40.46322,249
40.4835,273
40.50378,275
40.52405,216
40.54433,257
40.56461,203
40.58489,234
40.60517,233
40.62545,222
40.64573,193
40.66601,195
40.68629,210
40.70657,209
40.72684,200
40.74712,195
40.76741,202
40.78768,196
40.80796,187
40.82824,176
40.84852,190
40.8688,173
40.88908,184
40.90936,187
40.92964,159
40.94992,173
40.9702,165
40.99047,141
41.01075,160
41.03103,177
41.05131,167
41.07159,165
41.09187,152
41.11215,158
41.13243,156
41.15271,157
41.17298,176
41.19326,142
41.21354,162
41.23382,159
41.2541,147
41.27438,136
41.29466,154
41.31494,142
41.33522,136
41.35549,148
41.37577,136
41.39605,144
41.41633,133
41.43661,137
41.45689,174
41.47717,142
41.49745,149
41.51773,145
41.53801,140
41.55828,140
41.57856,127
41.59884,151
41.61912,134
41.6394,136
41.65968,144
41.67996,138
41.70024,134
41.72052,136
41.74079,149
41.76107,144
41.78135,129
41.80163,131
41.82191,153
41.84219,123
41.86247,141
41.88275,140
41.90303,136
41.9233,146
41.94358,129
41.96386,115
41.98414,117
42.00442,140
42.0247,130
42.04498,120
42.06526,125
42.08554,132
42.10582,125
42.12609,127
42.14637,136
42.16665,118
42.18693,130
42.20721,107
42.22749,134
42.24777,124
42.26805,143
42.28833,142
42.3086,140
42.32888,149
42.34916,151
42.36945,117
42.38972,123
42.41,149
42.43028,137
42.45056,124
42.47084,130
42.49112,138
42.5114,129
42.53168,137
42.55196,124
42.57223,127
42.59251,131
42.61279,106
42.63307,119
42.65335,116
42.67363,101
42.69391,131
42.71419,119
42.73447,150
42.75474,118
42.77502,152
42.7953,105
42.81558,114
42.83586,143
42.85614,117
42.87642,128
42.8967,129
42.91698,104
42.93726,118
42.95753,127
42.97781,120
42.99809,111
43.01837,103
43.03865,127
43.05893,106
43.07921,125
43.09949,119
43.11977,122
43.14004,131
43.16032,137
43.1806,110
43.20088,113
43.22116,104
43.24144,95
43.26172,107
43.282,108
43.30228,124
43.32255,134
43.34283,111
43.36311,102
43.38339,118
43.40367,113
43.42395,93
43.44423,112
43.46451,101
43.48479,103
43.50507,105
43.52534,115
43.54562,120
43.5659,98
43.58618,109
43.60646,109
43.62674,100
43.64702,99
43.6673,114
43.68758,123
43.70785,107
43.72813,96
43.74841,96
43.76869,98
43.78897,117
43.80925,98
43.82953,92
43.84981,119
43.87009,101
43.89036,111
43.91064,103
43.93092,100
43.9512,109
43.97148,114
43.99176,111
44.01204,114
44.03232,104
44.0526,102
44.07288,97
44.09316,122
44.11344,105
44.13372,119
44.15399,114
44.17427,115
44.19455,100
44.21483,117
44.23511,109
44.25539,119
44.27567,83
44.29595,108
44.31623,91
44.33651,92
44.35678,87
44.37706,87
44.39734,98
44.41762,93
44.4379,107
44.45818,111
44.47846,103
44.49874,96
44.51902,105
44.53929,92
44.55957,94
44.57985,94
44.60013,107
44.62041,102
44.64069,107
44.66097,110
44.68125,96
44.70153,104
44.7218,92
44.74208,121
44.76236,83
44.78264,89
44.80292,109
44.8232,105
44.84348,89
44.86376,100
44.88404,99
44.90432,83
44.92459,92
44.94487,103
44.96515,102
44.98543,93
45.00571,116
45.02599,98
45.04627,91
45.06655,89
45.08683,95
45.1071,103
45.12738,108
45.14766,90
45.16794,92
45.18822,115
45.2085,110
45.22878,112
45.24906,103
45.26934,100
45.28961,98
45.30989,92
45.33017,91
45.35045,90
45.37073,92
45.39101,107
45.41129,79
45.43157,97
45.45185,118
45.47213,95
45.4924,93
45.51268,105
45.53296,91
45.55324,99
45.57352,113
45.5938,106
45.61408,105
45.63436,80
45.65464,79
45.67492,77
45.6952,92
45.71548,88
45.73576,108
45.75603,113
45.77631,101
45.79659,92
45.81687,92
45.83715,98
45.85743,101
45.87771,92
45.89799,92
45.91827,96
45.93854,97
45.95882,80
45.9791,96
45.99938,88
46.01966,85
46.03994,108
46.06022,81
46.0805,103
46.10078,94
46.12105,89
46.14133,101
46.16161,111
46.18189,78
46.20217,107
46.22245,83
46.24273,87
46.26301,102
46.28329,81
46.30357,90
46.32384,110
46.34412,94
46.3644,90
46.38468,87
46.40496,100
46.42524,99
46.44552,97
46.4658,88
46.48608,92
46.50635,90
46.52663,86
46.54691,81
46.56719,79
46.58747,98
46.60775,87
46.62803,88
46.64831,86
46.66859,102
46.68886,94
46.70914,91
46.72942,86
46.7497,75
46.76998,70
46.79026,82
46.81054,76
46.83082,81
46.8511,87
46.87138,78
46.89165,88
46.91193,85
46.93221,81
46.95249,83
46.97277,97
46.99305,92
47.01333,79
47.03361,76
47.05389,94
47.07416,78
47.09444,94
47.11472,90
47.135,77
47.15528,87
47.17556,77
47.19584,63
47.21612,76
47.2364,75
47.25668,80
47.27696,84
47.29724,95
47.31752,103
47.33779,91
47.35807,84
47.37835,74
47.39863,80
47.41891,90
47.43919,80
47.45947,83
47.47975,90
47.50003,87
47.5203,86
47.54058,76
47.56086,68
47.58114,89
47.60142,88
47.6217,97
47.64198,95
47.66226,107
47.68254,70
47.70282,99
47.72309,79
47.74337,89
47.76365,80
47.78393,79
47.80421,69
47.82449,90
47.84477,92
47.86505,85
47.88533,84
47.9056,76
47.92588,94
47.94616,82
47.96644,85
47.98672,95
48.007,90
48.02728,88
48.04756,91
48.06784,85
48.08812,85
48.10839,87
48.12867,85
48.14895,99
48.16923,72
48.18951,74
48.20979,80
48.23007,88
48.25035,74
48.27063,85
48.2909,83
48.31118,81
48.33146,89
48.35174,92
48.37202,79
48.3923,81
48.41258,77
48.43286,86
48.45314,95
48.47341,93
48.49369,85
48.51397,72
48.53425,82
48.55453,75
48.57481,90
48.59509,87
48.61537,78
48.63565,89
48.65593,95
48.6762,82
48.69648,90
48.71676,84
48.73704,81
48.75732,82
48.7776,104
48.79788,91
48.81816,89
48.83844,93
48.85872,104
48.879,97
48.89928,80
48.91955,71
48.93983,80
48.96011,83
48.98039,84
49.00067,83
49.02095,88
49.04123,95
49.06151,90
49.08179,91
49.10207,71
49.12234,78
49.14262,79
49.1629,86
49.18318,110
49.20346,71
49.22374,73
49.24402,85
49.2643,91
49.28458,75
49.30485,92
49.32513,90
49.34541,98
49.36569,96
49.38597,84
49.40625,83
49.42653,78
49.44681,83
49.46709,71
49.48737,88
49.50764,94
49.52792,90
49.5482,79
49.56848,73
49.58876,86
49.60904,97
49.62932,97
49.6496,80
49.66988,86
49.69015,100
49.71043,73
49.73071,80
49.75099,103
49.77127,75
49.79155,100
49.81183,77
49.83211,84
49.85239,87
49.87266,81
49.89294,103
49.91322,99
49.9335,97
49.95378,91
49.97406,100
49.99434,84
50.01462,74
50.0349,73
50.05518,106
50.07545,93
50.09573,79
50.11601,95
50.13629,71
50.15657,83
50.17685,82
50.19713,84
50.21741,77
50.23769,80
50.25796,93
50.27824,88
50.29852,79
50.3188,77
50.33908,76
50.35936,83
50.37964,61
50.39992,87
50.4202,73
50.44048,63
50.46076,79
50.48104,70
50.50132,78
50.52159,72
50.54187,87
50.56215,79
50.58243,79
50.60271,73
50.62299,77
50.64327,68
50.66355,77
50.68383,83
50.7041,74
50.72438,61
50.74466,63
50.76494,75
50.78522,81
50.8055,93
50.82578,77
50.84606,71
50.86634,66
50.88662,71
50.90689,79
50.92717,72
50.94745,71
50.96773,77
50.98801,86
51.00829,77
51.02857,89
51.04885,78
51.06913,74
51.0894,83
51.10968,79
51.12996,72
51.15024,75
51.17052,77
51.1908,84
51.21108,74
51.23136,78
51.25164,77
51.27191,67
51.29219,76
51.31247,69
51.33275,76
51.35303,86
51.37331,77
51.39359,73
51.41387,65
51.43415,66
51.45443,62
51.4747,68
51.49498,67
51.51526,72
51.53554,82
51.55582,91
51.5761,83
51.59638,78
51.61666,74
51.63694,78
51.65721,69
51.67749,91
51.69777,76
51.71805,86
51.73833,80
51.75861,76
51.77889,77
51.79917,85
51.81945,78
51.83972,80
51.86,68
51.88028,93
51.90056,105
51.92084,87
51.94112,93
51.9614,101
51.98168,84
52.00196,77
52.02224,88
52.04252,73
52.0628,80
52.08308,98
52.10335,85
52.12363,74
52.14391,97
52.16419,83
52.18447,91
52.20475,84
52.22503,104
52.24531,92
52.26559,96
52.28587,99
52.30614,105
52.32642,83
52.3467,90
52.36698,86
52.38726,89
52.40754,88
52.42782,91
52.4481,101
52.46838,81
52.48865,83
52.50893,87
52.52921,89
52.54949,94
52.56977,88
52.59005,87
52.61033,86
52.63061,94
52.65089,89
52.67116,116
52.69144,95
52.71172,86
52.732,96
52.75228,89
52.77256,94
52.79284,101
52.81312,84
52.8334,88
52.85368,86
52.87395,85
52.89423,88
52.91451,84
52.93479,77
52.95507,83
52.97535,93
52.99563,78
53.01591,91
53.03619,93
53.05646,95
53.07674,94
53.09702,88
53.1173,82
53.13758,94
53.15786,75
53.17814,92
53.19842,78
53.2187,74
53.23897,81
53.25925,76
53.27953,90
53.29981,70
53.32009,76
53.34037,95
53.36065,73
53.38093,76
53.40121,96
53.42149,72
53.44176,83
53.46204,81
53.48232,73
53.5026,95
53.52288,84
53.54316,76
53.56344,87
53.58372,89
53.604,77
53.62428,80
53.64456,66
53.66484,66
53.68512,84
53.70539,75
53.72567,89
53.74595,88
53.76623,75
53.78651,75
53.80679,83
53.82707,79
53.84735,87
53.86763,74
53.8879,89
53.90818,81
53.92846,89
53.94874,85
53.96902,79
53.9893,93
54.00958,91
54.02986,89
54.05014,82
54.07041,82
54.09069,107
54.11097,86
54.13125,83
54.15153,79
54.17181,93
54.19209,74
54.21237,86
54.23265,96
54.25293,75
54.2732,71
54.29348,91
54.31376,71
54.33404,89
54.35432,78
54.3746,82
54.39488,84
54.41516,68
54.43544,81
54.45571,80
54.47599,85
54.49627,72
54.51655,86
54.53683,79
54.55711,83
54.57739,85
54.59767,85
54.61795,90
54.63822,80
54.6585,85
54.67878,95
54.69906,77
54.71934,76
54.73962,79
54.7599,95
54.78018,91
54.80046,93
54.82074,99
54.84101,100
54.86129,101
54.88157,80
54.90185,79
54.92213,88
54.94241,90
54.96269,100
54.98297,99
55.00325,96
55.02352,62
55.0438,79
55.06408,95
55.08436,92
55.10464,84
55.12492,83
55.1452,93
55.16548,80
55.18576,82
55.20604,81
55.22632,95
55.2466,87
55.26688,69
55.28715,84
55.30743,88
55.32771,77
55.34799,82
55.36827,83
55.38855,95
55.40883,96
55.42911,87
55.44939,87
55.46966,93
55.48994,70
55.51022,85
55.5305,91
55.55078,95
55.57106,84
55.59134,93
55.61162,77
55.6319,78
55.65218,88
55.67245,75
55.69273,89
55.71301,83
55.73329,80
55.75357,84
55.77385,93
55.79413,91
55.81441,74
55.83469,73
55.85496,74
55.87524,78
55.89552,79
55.9158,80
55.93608,77
55.95636,85
55.97664,89
55.99692,85
56.0172,73
56.03747,84
56.05775,83
56.07803,83
56.09831,80
56.11859,80
56.13887,85
56.15915,66
56.17943,79
56.19971,96
56.21999,81
56.24026,85
56.26054,83
56.28082,78
56.3011,84
56.32138,77
56.34166,75
56.36194,93
56.38222,67
56.4025,82
56.42277,91
56.44305,75
56.46333,80
56.48361,74
56.50389,78
56.52417,76
56.54445,69
56.56473,72
56.58501,75
56.60528,65
56.62556,76
56.64584,83
56.66612,66
56.6864,76
56.70668,76
56.72696,76
56.74724,84
56.76752,73
56.7878,80
56.80808,70
56.82836,74
56.84864,85
56.86891,78
56.88919,64
56.90947,65
56.92975,87
56.95003,79
56.97031,65
56.99059,80
57.01087,78
57.03115,71
57.05143,68
57.0717,83
57.09198,81
57.11226,69
57.13254,79
57.15282,71
57.1731,75
57.19338,84
57.21366,72
57.23394,74
57.25421,65
57.27449,67
57.29477,66
57.31505,76
57.33533,69
57.35561,69
57.37589,71
57.39617,75
57.41645,67
57.43672,68
57.457,66
57.47728,69
57.49756,84
57.51784,73
57.53812,78
57.5584,73
57.57868,69
57.59896,59
57.61924,53
57.63951,80
57.65979,73
57.68007,70
57.70035,73
57.72063,73
57.74091,71
57.76119,78
57.78147,70
57.80175,78
57.82202,70
57.8423,53
57.86258,70
57.88286,68
57.90314,69
57.92342,76
57.9437,63
57.96398,74
57.98426,69
58.00453,71
58.02481,68
58.04509,69
58.06537,68
58.08565,66
58.10593,78
58.12621,59
58.14649,61
58.16677,76
58.18705,60
58.20732,80
58.2276,70
58.24788,63
58.26816,73
58.28844,71
58.30872,74
58.329,85
58.34928,65
58.36956,63
58.38984,72
58.41012,76
58.4304,72
58.45068,67
58.47095,72
58.49123,62
58.51151,69
58.53179,68
58.55207,66
58.57235,78
58.59263,68
58.61291,73
58.63319,83
58.65346,84
58.67374,75
58.69402,72
58.7143,84
58.73458,63
58.75486,73
58.77514,60
58.79542,62
58.8157,75
58.83597,77
58.85625,73
58.87653,70
58.89681,77
58.91709,81
58.93737,61
58.95765,76
58.97793,68
58.99821,76
59.01849,70
59.03876,74
59.05904,71
59.07932,82
59.0996,76
59.11988,81
59.14016,82
59.16044,61
59.18072,80
59.201,63
59.22127,72
59.24155,80
59.26183,75
59.28211,68
59.30239,78
59.32267,78
59.34295,69
59.36323,71
59.38351,72
59.40379,77
59.42406,69
59.44434,66
59.46462,79
59.4849,64
59.50518,74
59.52546,85
59.54574,57
59.56602,64
59.5863,67
59.60657,65
59.62685,69
59.64713,61
59.66741,72
59.68769,69
59.70797,75
59.72825,85
59.74853,78
59.76881,76
59.78908,62
59.80936,63
59.82964,84
59.84992,80
59.8702,67
59.89048,74
59.91076,79
59.93104,76
59.95132,74
59.9716,71
59.99188,70
60.01216,69
60.03244,69
60.05271,84
60.07299,58
60.09327,75
60.11355,77
60.13383,78
60.15411,76
60.17439,61
60.19467,77
60.21495,73
60.23522,70
60.2555,66
60.27578,65
60.29606,62
60.31634,58
60.33662,71
60.3569,90
60.37718,78
60.39746,60
60.41774,73
60.43801,76
60.45829,84
60.47857,69
60.49885,76
60.51913,71
60.53941,79
60.55969,88
60.57997,97
60.60025,77
60.62052,84
60.6408,79
60.66108,68
60.68136,61
60.70164,72
60.72192,74
60.7422,82
60.76248,72
60.78276,84
60.80304,74
60.82331,77
60.84359,82
60.86387,83
60.88415,64
60.90443,76
60.92471,90
60.94499,77
60.96527,74
60.98555,91
61.00582,77
61.0261,91
61.04638,83
61.06666,72
61.08694,82
61.10722,70
61.1275,70
61.14778,86
61.16806,72
61.18833,94
61.20861,88
61.22889,77
61.24917,85
61.26945,75
61.28973,78
61.31001,76
61.33029,82
61.35057,84
61.37085,77
61.39112,61
61.4114,69
61.43168,87
61.45196,75
61.47224,81
61.49252,79
61.5128,78
61.53308,86
61.55336,77
61.57364,86
61.59392,78
61.6142,79
61.63448,83
61.65475,72
61.67503,76
61.69531,80
61.71559,78
61.73587,67
61.75615,71
61.77643,76
61.79671,68
61.81699,81
61.83726,85
61.85754,77
61.87782,73
61.8981,72
61.91838,80
61.93866,85
61.95894,85
61.97922,62
61.9995,77
62.01977,68
62.04005,66
62.06033,70
62.08061,69
62.10089,80
62.12117,79
62.14145,73
62.16173,75
62.18201,79
62.20229,77
62.22256,71
62.24284,76
62.26312,74
62.2834,80
62.30368,74
62.32396,79
62.34424,85
62.36452,70
62.3848,63
62.40507,65
62.42535,62
62.44563,77
62.46591,79
62.48619,75
62.50647,81
62.52675,82
62.54703,84
62.56731,74
62.58758,74
62.60786,63
62.62814,75
62.64842,88
62.6687,89
62.68898,79
62.70926,77
62.72954,68
62.74982,85
62.7701,78
62.79037,82
62.81065,72
62.83093,75
62.85121,87
62.87149,82
62.89177,79
62.91205,74
62.93233,72
62.95261,69
62.97288,57
62.99316,71
63.01344,81
63.03372,77
63.054,61
63.07428,70
63.09456,65
63.11484,60
63.13512,83
63.1554,57
63.17568,66
63.19596,71
63.21624,67
63.23651,72
63.25679,65
63.27707,66
63.29735,81
63.31763,75
63.33791,76
63.35819,74
63.37847,74
63.39875,78
63.41902,60
63.4393,82
63.45958,63
63.47986,69
63.50014,64
63.52042,74
63.5407,65
63.56098,70
63.58126,77
63.60154,66
63.62181,64
63.64209,71
63.66237,61
63.68265,68
63.70293,55
63.72321,72
63.74349,67
63.76377,79
63.78405,80
63.80432,69
63.8246,63
63.84488,67
63.86516,88
63.88544,66
63.90572,75
63.926,66
63.94628,71
63.96656,82
63.98683,79
64.00711,63
64.02739,78
64.04767,76
64.06795,69
64.08823,69
64.10851,56
64.12879,66
64.14907,53
64.16935,62
64.18962,77
64.2099,70
64.23018,79
64.25046,73
64.27074,75
64.29102,69
64.3113,77
64.33158,77
64.35186,74
64.37213,77
64.39241,63
64.41269,64
64.43297,69
64.45325,77
64.47353,75
64.49381,76
64.51409,55
64.53437,77
64.55464,64
64.57492,63
64.5952,72
64.61548,73
64.63576,86
64.65604,78
64.67632,66
64.6966,63
64.71688,71
64.73716,76
64.75743,76
64.77771,83
64.79799,74
64.81827,72
64.83855,72
64.85883,81
64.87911,61
64.89939,74
64.91967,64
64.93994,67
64.96022,74
64.9805,60
65.00078,66
65.02106,74
65.04134,88
65.06162,71
65.0819,73
65.10218,57
65.12245,81
65.14273,77
65.16301,76
65.18329,62
65.20357,54
65.22385,66
65.24413,82
65.26441,76
65.28469,68
65.30497,68
65.32524,57
65.34552,65
65.3658,68
65.38608,65
65.40636,84
65.42664,71
65.44692,64
65.4672,75
65.48748,55
65.50775,67
65.52804,67
65.54832,67
65.5686,75
65.58888,73
65.60916,78
65.62944,61
65.64971,74
65.66999,63
65.69027,67
65.71055,59
65.73083,65
65.75111,63
65.77139,52
65.79167,62
65.81195,69
65.83223,72
65.8525,72
65.87278,68
65.89306,75
65.91334,73
65.93362,69
65.9539,61
65.97418,75
65.99446,60
66.01474,62
66.03501,59
66.05529,77
66.07557,62
66.09585,82
66.11613,87
66.13641,71
66.15669,75
66.17697,67
66.19725,77
66.21752,76
66.2378,68
66.25808,73
66.27836,74
66.29864,70
66.31892,77
66.3392,65
66.35948,63
66.37976,76
66.40004,85
66.42031,66
66.44059,60
66.46087,52
66.48115,74
66.50143,76
66.52171,70
66.54199,55
66.56227,71
66.58255,63
66.60282,73
66.6231,76
66.64338,72
66.66366,84
66.68394,71
66.70422,69
66.7245,67
66.74478,82
66.76506,68
66.78533,66
66.80561,80
66.82589,75
66.84617,77
66.86645,87
66.88673,88
66.90701,76
66.92729,79
66.94757,63
66.96785,80
66.98812,85
67.0084,86
67.02868,62
67.04896,60
67.06924,74
67.08952,74
67.1098,81
67.13008,71
67.15036,88
67.17063,69
67.19091,77
67.21119,72
67.23147,89
67.25175,75
67.27203,72
67.29231,70
67.31259,83
67.33287,84
67.35314,81
67.37342,77
67.3937,88
67.41398,70
67.43426,84
67.45454,77
67.47482,91
67.4951,87
67.51538,83
67.53566,83
67.55593,79
67.57621,89
67.59649,78
67.61677,86
67.63705,85
67.65733,71
67.67761,69
67.69789,79
67.71817,72
67.73844,89
67.75872,85
67.779,73
67.79928,77
67.81956,70
67.83984,76
67.86012,79
67.8804,66
67.90068,71
67.92095,78
67.94123,86
67.96151,66
67.98179,70
68.00207,71
68.02235,85
68.04263,73
68.06291,78
68.08319,81
68.10347,79
68.12374,79
68.14402,85
68.1643,84
68.18458,80
68.20486,73
68.22514,72
68.24542,94
68.2657,72
68.28598,69
68.30625,84
68.32653,80
68.34681,80
68.36709,70
68.38737,74
68.40765,74
68.42793,91
68.44821,89
68.46849,65
68.48877,76
68.50904,78
68.52932,86
68.5496,77
68.56988,76
68.59016,81
68.61044,89
68.63072,81
68.651,95
68.67128,77
68.69155,71
68.71183,88
68.73212,65
68.7524,60
68.77268,82
68.79296,78
68.81324,82
68.83351,84
68.85379,95
68.87407,90
68.89435,105
68.91463,89
68.93491,82
68.95519,84
68.97547,78
68.99575,82
69.01602,88
69.0363,75
69.05658,87
69.07686,76
69.09714,86
69.11742,77
69.1377,99
69.15798,102
69.17826,93
69.19854,81
69.21881,99
69.23909,93
69.25937,88
69.27965,99
69.29993,103
69.32021,91
69.34049,104
69.36077,97
69.38105,108
69.40132,103
69.4216,114
69.44188,97
69.46216,112
69.48244,108
69.50272,114
69.523,102
69.54328,115
69.56356,127
69.58383,129
69.60411,116
69.62439,133
69.64467,120
69.66495,109
69.68523,131
69.70551,127
69.72579,130
69.74607,130
69.76635,154
69.78662,121
69.8069,133
69.82718,120
69.84746,123
69.86774,126
69.88802,139
69.9083,121
69.92858,123
69.94886,123
69.96913,109
69.98941,130
70.00969,127
70.02997,123
70.05025,131
70.07053,143
70.09081,128
70.11109,113
70.13137,125
70.15164,124
70.17192,140
70.1922,132
70.21248,139
70.23276,124
70.25304,116
70.27332,103
70.2936,107
70.31388,125
70.33416,116
70.35443,122
70.37471,103
70.39499,117
70.41527,101
70.43555,101
70.45583,100
70.47611,96
70.49639,89
70.51667,102
70.53694,82
70.55722,85
70.5775,96
70.59778,89
70.61806,83
70.63834,79
70.65862,103
70.6789,96
70.69918,73
70.71946,92
70.73973,75
70.76001,96
70.78029,78
70.80057,81
70.82085,71
70.84113,88
70.86141,91
70.88169,90
70.90197,82
70.92224,75
70.94252,87
70.9628,78
70.98308,74
71.00336,71
71.02364,84
71.04392,61
71.0642,71
71.08448,78
71.10475,76
71.12503,78
71.14531,101
71.16559,66
71.18587,78
71.20615,66
71.22643,83
71.24671,84
71.26699,83
71.28727,71
71.30754,76
71.32782,81
71.3481,70
71.36838,88
71.38866,75
71.40894,72
71.42922,70
71.4495,83
71.46978,68
71.49005,81
71.51033,75
71.53061,68
71.55089,70
71.57117,79
71.59145,70
71.61173,77
71.63201,83
71.65229,68
71.67256,80
71.69284,79
71.71312,87
71.7334,74
71.75368,61
71.77396,83
71.79424,79
71.81452,68
71.8348,77
71.85508,88
71.87535,67
71.89563,69
71.91592,76
71.9362,99
71.95648,78
71.97676,82
71.99704,84
72.01731,72
72.03759,88
72.05787,68
72.07815,87
72.09843,80
72.11871,66
72.13899,68
72.15927,79
72.17955,85
72.19982,62
72.2201,86
72.24038,73
72.26066,61
72.28094,83
72.30122,72
72.3215,70
72.34178,70
72.36206,81
72.38233,73
72.40261,77
72.42289,72
72.44317,65
72.46345,68
72.48373,84
72.50401,67
72.52429,82
72.54457,66
72.56485,75
72.58512,90
72.6054,89
72.62568,80
72.64596,76
72.66624,72
72.68652,78
72.7068,74
72.72708,82
72.74736,95
72.76763,66
72.78791,79
72.80819,81
72.82847,89
72.84875,74
72.86903,77
72.88931,91
72.90959,81
72.92987,86
72.95015,79
72.97042,92
72.9907,63
73.01098,96
73.03126,90
73.05154,76
73.07182,71
73.0921,84
73.11238,79
73.13266,84
73.15293,79
73.17321,86
73.19349,77
73.21377,94
73.23405,112
73.25433,95
73.27461,87
73.29489,95
73.31517,96
73.33544,104
73.35572,101
73.376,101
73.39628,100
73.41656,111
73.43684,108
73.45712,92
73.4774,96
73.49768,126
73.51796,106
73.53823,98
73.55851,96
73.57879,105
73.59907,119
73.61935,101
73.63963,87
73.65991,105
73.68019,99
73.70047,83
73.72074,111
73.74102,81
73.7613,102
73.78158,99
73.80186,81
73.82214,74
73.84242,81
73.8627,79
73.88298,85
73.90325,89
73.92353,85
73.94381,89
73.96409,63
73.98437,76
74.00465,66
74.02493,79
74.04521,84
74.06549,68
74.08577,83
74.10604,69
74.12632,70
74.1466,77
74.16688,64
74.18716,96
74.20744,90
74.22772,89
74.248,70
74.26828,76
74.28855,71
74.30883,77
74.32911,98
74.34939,72
74.36967,80
74.38995,80
74.41023,72
74.43051,63
74.45079,81
74.47106,67
74.49134,80
74.51162,71
74.5319,69
74.55218,68
74.57246,69
74.59274,68
74.61302,79
74.6333,75
74.65358,70
74.67385,69
74.69413,77
74.71441,71
74.73469,74
74.75497,86
74.77525,81
74.79553,72
74.81581,70
74.83609,65
74.85636,76
74.87664,63
74.89692,65
74.9172,63
74.93748,70
74.95776,73
74.97804,79
74.99832,76
75.0186,87
75.03887,82
75.05915,80
75.07943,68
75.09971,78
75.12,66
75.14028,79
75.16056,67
75.18084,76
75.20111,72
75.22139,90
75.24167,71
75.26195,76
75.28223,94
75.30251,69
75.32279,75
75.34307,67
75.36335,62
75.38362,78
75.4039,81
75.42418,90
75.44446,77
75.46474,60
75.48502,94
75.5053,77
75.52558,85
75.54586,71
75.56613,85
75.58641,67
75.60669,79
75.62697,76
75.64725,66
75.66753,84
75.68781,79
75.70809,76
75.72837,85
75.74865,57
75.76892,68
75.7892,69
75.80948,81
75.82976,73
75.85004,94
75.87032,74
75.8906,82
75.91088,75
75.93116,69
75.95143,90
75.97171,80
75.99199,78
76.01227,72
76.03255,70
76.05283,62
76.07311,59
76.09339,69
76.11367,72
76.13394,62
76.15422,76
76.1745,79
76.19478,73
76.21506,77
76.23534,75
76.25562,71
76.2759,73
76.29618,82
76.31646,66
76.33673,65
76.35701,74
76.37729,68
76.39757,68
76.41785,71
76.43813,74
76.45841,80
76.47869,58
76.49897,75
76.51924,68
76.53952,73
76.5598,71
76.58008,71
76.60036,66
76.62064,64
76.64092,72
76.6612,77
76.68148,78
76.70175,62
76.72203,70
76.74231,75
76.76259,78
76.78287,82
76.80315,64
76.82343,91
76.84371,84
76.86399,68
76.88427,85
76.90454,82
76.92482,50
76.9451,62
76.96538,91
76.98566,78
77.00594,80
77.02622,71
77.0465,68
77.06678,68
77.08705,74
77.10733,90
77.12761,61
77.14789,67
77.16817,65
77.18845,71
77.20873,68
77.22901,67
77.24929,76
77.26956,57
77.28984,57
77.31012,67
77.3304,67
77.35068,70
77.37096,68
77.39124,65
77.41152,64
77.4318,69
77.45208,68
77.47235,73
77.49263,63
77.51291,72
77.53319,83
77.55347,56
77.57375,59
77.59403,66
77.61431,70
77.63459,71
77.65486,57
77.67514,75
77.69542,62
77.7157,63
77.73598,64
77.75626,56
77.77654,62
77.79682,56
77.8171,69
77.83737,49
77.85765,63
77.87793,68
77.89821,64
77.91849,56
77.93877,65
77.95905,65
77.97933,85
77.99961,61
78.01989,70
78.04016,78
78.06044,63
78.08072,73
78.101,58
78.12128,59
78.14156,68
78.16184,67
78.18212,73
78.2024,50
78.22267,65
78.24295,74
78.26323,73
78.28351,80
78.30379,71
78.32408,73
78.34436,62
78.36463,69
78.38491,66
78.40519,64
78.42547,73
78.44575,56
78.46603,54
78.48631,50
78.50659,55
78.52687,72
78.54715,61
78.56742,60
78.5877,70
78.60798,66
78.62826,74
78.64854,56
78.66882,67
78.6891,55
78.70938,68
78.72966,66
78.74993,69
78.77021,62
78.79049,70
78.81077,66
78.83105,60
78.85133,55
78.87161,75
78.89189,60
78.91217,68
78.93244,67
78.95272,61
78.973,72
78.99328,57
79.01356,74
79.03384,68
79.05412,62
79.0744,65
79.09468,75
79.11496,67
79.13523,54
79.15551,61
79.17579,62
79.19607,62
79.21635,54
79.23663,66
79.25691,71
79.27719,65
79.29747,72
79.31774,61
79.33802,62
79.3583,61
79.37858,66
79.39886,50
79.41914,56
79.43942,62
79.4597,66
79.47998,63
79.50025,67
79.52053,68
79.54081,72
79.56109,70
79.58137,68
79.60165,59
79.62193,54
79.64221,71
79.66249,60
79.68277,68
79.70304,54
79.72332,61
79.7436,65
79.76388,61
79.78416,63
79.80444,59
79.82472,57
79.845,68
79.86528,69
79.88555,71
79.90583,70
79.92611,57
79.94639,65
79.96667,50
79.98695,77
80.00723,72
80.02751,62
80.04779,60
80.06806,57
80.08834,49
80.10862,62
80.1289,57
80.14918,62
80.16946,65
80.18974,63
80.21002,61
80.2303,74
80.25058,67
80.27085,65
80.29113,67
80.31141,64
80.33169,68
80.35197,79
80.37225,54
80.39253,65
80.41281,62
80.43309,77
80.45336,66
80.47364,56
80.49392,74
80.5142,63
80.53448,63
80.55476,49
80.57504,60
80.59532,63
80.6156,77
80.63588,77
80.65615,67
80.67643,69
80.69671,50
80.71699,64
80.73727,63
80.75755,69
80.77783,76
80.79811,56
80.81839,66
80.83866,74
80.85894,63
80.87922,78
80.8995,75
80.91978,67
80.94006,55
80.96034,57
80.98062,56
81.0009,61
