10.0001, 19.81113564278968
10.02059, 19.84084097881114
10.04107, 19.87053587945292
10.06156, 19.900249040238815
10.08205, 19.929965660113886
10.10254, 19.959685437485014
10.12303, 19.989408071723503
10.14352, 20.019133263163614
10.16401, 20.04886071310113
10.1845, 20.078590123791944
10.20499, 20.10832119845054
10.22548, 20.13805364124863
10.24597, 20.167787157313654
10.26646, 20.197521452727372
10.28695, 20.227256234524404
10.30744, 20.25699121069082
10.32793, 20.286726090162656
10.34842, 20.316460582824515
10.36891, 20.346194399508118
10.3894, 20.375927251990866
10.40988, 20.405644343048035
10.43037, 20.43537440705704
10.45086, 20.465102647996204
10.47135, 20.49482878141085
10.49184, 20.52455252378484
10.51233, 20.55427359253912
10.53282, 20.583991706030275
10.55331, 20.613706583549153
10.5738, 20.64341794531937
10.59429, 20.67312551249596
10.61478, 20.70282900716387
10.63527, 20.7325281523366
10.65576, 20.762222671954742
10.67625, 20.79191229088457
10.69674, 20.82159673491663
10.71723, 20.851275730764282
10.73772, 20.880949006062313
10.7582, 20.910601811962607
10.77869, 20.940262835866573
10.79918, 20.969917327770972
10.81967, 20.99956501898164
10.84016, 21.029205641718733
10.86065, 21.058838929115346
10.88114, 21.088464615216058
10.90163, 21.11808243497554
10.92212, 21.147692124257155
10.94261, 21.17729341983154
10.9631, 21.206886059375154
10.98359, 21.236469781468948
11.00408, 21.26604432559688
11.02457, 21.295609432144573
11.04506, 21.325164842397854
11.06555, 21.354710298541384
11.08604, 21.384245543657226
11.10652, 21.413755914958216
11.12701, 21.443269976142552
11.1475, 21.472773061039767
11.16799, 21.50226491630714
11.18848, 21.53174528949238
11.20897, 21.56121392903217
11.22946, 21.590670584250844
11.24995, 21.62011500535893
11.27044, 21.649546943451767
11.29093, 21.67896615050814
11.31142, 21.708372379388848
11.33191, 21.737765383835324
11.3524, 21.767144918468258
11.37289, 21.796510738786182
11.39338, 21.825862601164083
11.41387, 21.855200262852026
11.43436, 21.88452348197376
11.45484, 21.913817717321663
11.47533, 21.943111336511823
11.49582, 21.972389792851782
11.51631, 22.00165284794571
11.5368, 22.03090026426454
11.55729, 22.060131805144557
11.57778, 22.08934723478605
11.59827, 22.118546318251898
11.61876, 22.14772882146621
11.63925, 22.176894511212925
11.65974, 22.20604315513446
11.68023, 22.235174521730325
11.70072, 22.26428838035571
11.72121, 22.293384501220153
11.7417, 22.322462655386175
11.76219, 22.35152261476783
11.78268, 22.380564152129413
11.80316, 22.409572881252863
11.82365, 22.438576905527327
11.84414, 22.467561831271574
11.86463, 22.496527434636604
11.88512, 22.52547349261678
11.90561, 22.554399783048446
11.9261, 22.58330608460856
11.94659, 22.612192176813352
11.96708, 22.641057840016924
11.98757, 22.669902855409926
12.00806, 22.698727005018142
12.02855, 22.72753007170119
12.04904, 22.7563118391511
12.06953, 22.785072091890996
12.09002, 22.813810615273706
12.11051, 22.84252719548043
12.131, 22.87122161951936
12.15148, 22.89987968751983
12.17197, 22.928529174620255
12.19246, 22.95715587162846
12.21295, 22.985759568846685
12.23344, 23.014340057397405
12.25393, 23.042897129221963
12.27442, 23.071430577079216
12.29491, 23.099940194544192
12.3154, 23.128425776006765
12.33589, 23.156887116670262
12.35638, 23.185324012550133
12.37687, 23.213736260472615
12.39736, 23.24212365807339
12.41785, 23.270486003796186
12.43834, 23.298823096891525
12.45883, 23.3271347374153
12.47932, 23.355420726227464
12.4998, 23.38366707916629
12.52029, 23.41190118310502
12.54078, 23.440109042818754
12.56127, 23.468290462369897
12.58176, 23.496445246618208
12.60225, 23.524573201219443
12.62274, 23.55267413262407
12.64323, 23.580747848075923
12.66372, 23.608794155610806
12.68421, 23.63681286405525
12.7047, 23.66480378302513
12.72519, 23.692766722924326
12.74568, 23.720701494943427
12.76617, 23.748607911058375
12.78666, 23.77648578402914
12.80715, 23.804334927398408
12.82764, 23.832155155490234
12.84813, 23.859946283408718
12.86861, 23.887694585237057
12.8891, 23.91542697566085
12.90959, 23.943129715979612
12.93008, 23.970802624404044
12.95057, 23.998445519918278
12.97106, 24.026058222278557
12.99155, 24.05364055201194
13.01204, 24.081192330414957
13.03253, 24.10871337955228
13.05302, 24.13620352225544
13.07351, 24.163662582121496
13.094, 24.191090383511714
13.11449, 24.218486751550266
13.13498, 24.24585151212291
13.15547, 24.273184491875664
13.17596, 24.300485518213527
13.19645, 24.327754419299133
13.21694, 24.354991024051458
13.23742, 24.382181893303077
13.25791, 24.409353411133754
13.2784, 24.436492123995293
13.29889, 24.463597863818585
13.31938, 24.490670463284367
13.33987, 24.51770975582184
13.36036, 24.54471557560745
13.38085, 24.57168775756351
13.40134, 24.598626137356952
13.42183, 24.625530551397986
13.44232, 24.652400836838844
13.46281, 24.67923683157243
13.4833, 24.706038374231092
13.50379, 24.73280530418525
13.52428, 24.759537461542127
13.54477, 24.786234687144496
13.56526, 24.812896822569336
13.58574, 24.83951072368443
13.60623, 24.866102223732796
13.62672, 24.89265816280302
13.64721, 24.919178385395703
13.6677, 24.945662736739195
13.68819, 24.972111062788326
13.70868, 24.998523210223105
13.72917, 25.02489902644747
13.74966, 25.051238359587966
13.77015, 25.07754105849245
13.79064, 25.10380697272886
13.81113, 25.13003595258389
13.83162, 25.156227849061686
13.85211, 25.182382513882665
13.8726, 25.20849979948209
13.89309, 25.23457955900893
13.91358, 25.260621646324488
13.93407, 25.286625916001157
13.95455, 25.31257955993051
13.97504, 25.338507779517098
13.99553, 25.36439774950551
14.01602, 25.390249327299387
14.03651, 25.4160623710071
14.057, 25.441836739440436
14.07749, 25.467572292113378
14.09798, 25.49326888924078
14.11847, 25.518926391737175
14.13896, 25.544544661215422
14.15945, 25.570123559985475
14.17994, 25.595662951053132
14.20043, 25.621162698118752
14.22092, 25.646622665575993
14.24141, 25.672042718510546
14.2619, 25.69742272269889
14.28239, 25.722762544606965
14.30287, 25.748049713997645
14.32336, 25.773308793267034
14.34385, 25.79852729384256
14.36434, 25.8237050849353
14.38483, 25.848842036439557
14.40532, 25.873938018931575
14.42581, 25.89899290366833
14.4463, 25.924006562586214
14.46679, 25.948978868299832
14.48728, 25.97390969410074
14.50777, 25.998798913956158
14.52826, 26.023646402507758
14.54875, 26.048452035070405
14.56924, 26.073215687630906
14.58973, 26.09793723684674
14.61022, 26.122616560044854
14.63071, 26.14725353522038
14.65119, 26.171836048238305
14.67168, 26.1963879848357
14.69217, 26.220897211451053
14.71266, 26.245363608739517
14.73315, 26.269787058018217
14.75364, 26.294167441265042
14.77413, 26.318504641117354
14.79462, 26.34279854087079
14.81511, 26.367049024478007
14.8356, 26.391255976547416
14.85609, 26.415419282342043
14.87658, 26.43953882777817
14.89707, 26.463614499424168
14.91756, 26.48764618449926
14.93805, 26.511633770872287
14.95854, 26.535577147060437
14.97903, 26.559476202228105
14.99951, 26.58331919495925
15.02, 26.607129299925848
15.04049, 26.630894755288622
15.06098, 26.654615452787912
15.08147, 26.678291284805077
15.10196, 26.701922144361273
15.12245, 26.7255079251162
15.14294, 26.749048521366884
15.16343, 26.7725438280465
15.18392, 26.79599374072307
15.20441, 26.819398155598293
15.2249, 26.842756969506354
15.24539, 26.86607007991264
15.26588, 26.889337384912558
15.28637, 26.912558783230295
15.30686, 26.93573417421763
15.32735, 26.958863457852722
15.34783, 26.981935280491992
15.36832, 27.004972074479472
15.38881, 27.02796246484293
15.4093, 27.050906354053527
15.42979, 27.073803645202727
15.45028, 27.09665424200108
15.47077, 27.119458048777027
15.49126, 27.14221497047569
15.51175, 27.164924912657632
15.53224, 27.187587781497704
15.55273, 27.210203483783808
15.57322, 27.232771926915674
15.59371, 27.25529301890372
15.6142, 27.277766668367775
15.63469, 27.300192784535955
15.65518, 27.32257127724334
15.67567, 27.34490205693094
15.69615, 27.367174171267656
15.71664, 27.38940928204996
15.73713, 27.411596414801146
15.75762, 27.433735482373287
15.77811, 27.455826398218306
15.7986, 27.477869076386828
15.81909, 27.499863431526872
15.83958, 27.52180937888285
15.86007, 27.54370683429414
15.88056, 27.565555714194083
15.90105, 27.587355935608734
15.92154, 27.609107416155624
15.94203, 27.630810074042635
15.96252, 27.652463828066814
15.98301, 27.674068597613118
16.0035, 27.6956243026533
16.02399, 27.717130863744707
16.04447, 27.73857774194476
16.06497, 27.759996239231377
16.08545, 27.781344485772138
16.10594, 27.802653712467453
16.12643, 27.823913406780306
16.14692, 27.84512349275647
16.16741, 27.866283895019002
16.1879, 27.887394538767126
16.20839, 27.908455349775075
16.22888, 27.92946625439079
16.24937, 27.95042717953492
16.26986, 27.971338052699508
16.29035, 27.99219880194689
16.31084, 28.013009355908498
16.33133, 28.033769643783717
16.35182, 28.05447959533867
16.37231, 28.07513914090508
16.39279, 28.095738165589765
16.41329, 28.11630673822016
16.43377, 28.13680465706162
16.45426, 28.157261918012082
16.47475, 28.177668433108188
16.49524, 28.19802413605048
16.51573, 28.218328961096933
16.53622, 28.238582843061792
16.55671, 28.258785717314392
16.5772, 28.278937519778076
16.59769, 28.299038186928968
16.61818, 28.31908765579481
16.63867, 28.33908586395384
16.65916, 28.359032749533636
16.67965, 28.378928251209963
16.70014, 28.39877230820555
16.72063, 28.41856486028904
16.74111, 28.43829622591042
16.76161, 28.457995211516668
16.78209, 28.47762332150002
16.80258, 28.497209287764022
16.82307, 28.516743456134712
16.84356, 28.536225769631486
16.86405, 28.555656171811513
16.88454, 28.575034606768735
16.90503, 28.594361019132524
16.92552, 28.61363535406671
16.94601, 28.632857557268338
16.9665, 28.652027574966525
16.98699, 28.671145353921368
17.00748, 28.690210841422807
17.02797, 28.7092239852894
17.04846, 28.72818473386731
17.06895, 28.747093036029053
17.08944, 28.765948841172438
17.10993, 28.784752099219375
17.13041, 28.803493622323195
17.1509, 28.82219166373911
17.17139, 28.840837010981346
17.19188, 28.859429616056744
17.21237, 28.87796943149062
17.23286, 28.896456410325623
17.25335, 28.914890506120607
17.27384, 28.93327167294947
17.29433, 28.951599865400098
17.31482, 28.969875038573193
17.33531, 28.98809714808113
17.3558, 29.006266150046866
17.37629, 29.02438200110282
17.39678, 29.04244465838972
17.41727, 29.060454079555463
17.43776, 29.078410222754094
17.45825, 29.096313046644553
17.47873, 29.114153812106018
17.49922, 29.131949901442802
17.51971, 29.149692550486208
17.5402, 29.167381719903624
17.56069, 29.1850173708618
17.58118, 29.202599465025724
17.60167, 29.22012796455756
17.62216, 29.2376028321155
17.64265, 29.255024030852628
17.66314, 29.272391524415845
17.68363, 29.28970527694476
17.70412, 29.306965253070565
17.72461, 29.324171417914904
17.7451, 29.341323737088853
17.76559, 29.358422176691704
17.78608, 29.3754667033099
17.80657, 29.392457284015986
17.82705, 29.40938563374874
17.84754, 29.426268252153918
17.86803, 29.44309682878503
17.88852, 29.459871332647594
17.90901, 29.47659173322762
17.9295, 29.493258000490542
17.94999, 29.509870104880203
17.97048, 29.52642801731763
17.99097, 29.542931709200055
18.01146, 29.559381152399723
18.03195, 29.57577631926288
18.05244, 29.592117182608604
18.07293, 29.608403715727796
18.09342, 29.62463589238199
18.11391, 29.64081368680234
18.1344, 29.65693707368851
18.15489, 29.67300602820756
18.17538, 29.689020525992866
18.19586, 29.70497276726105
18.21635, 29.720878306944886
18.23684, 29.736729319593362
18.25733, 29.752525782694022
18.27782, 29.768267674195425
18.29831, 29.783954972505853
18.3188, 29.79958765649232
18.33929, 29.815165705479565
18.35978, 29.830689099248836
18.38027, 29.846157818036886
18.40076, 29.861571842534893
18.42125, 29.876931153887366
18.44174, 29.892235733691084
18.46223, 29.907485563993987
18.48272, 29.92268062729414
18.50321, 29.937820906538633
18.5237, 29.952906385122564
18.54418, 29.967929724651885
18.56467, 29.982905580650694
18.58516, 29.997826588858533
18.60565, 30.012692734451353
18.62614, 30.02750400304778
18.64663, 30.042260380707965
18.66712, 30.05696185393252
18.68761, 30.07160840966152
18.7081, 30.086200035273325
18.72859, 30.100736718583637
18.74908, 30.115218447844313
18.76957, 30.12964521174249
18.79006, 30.144016999399287
18.81055, 30.1583338003689
18.83104, 30.17259560463755
18.85153, 30.18680240262232
18.87202, 30.200954185170186
18.8925, 30.2150440771553
18.91299, 30.229085829944637
18.93348, 30.243072542410378
18.95397, 30.257004207108196
18.97446, 30.27088081701834
18.99495, 30.28470236554464
19.01544, 30.29846884651342
19.03593, 30.312180254172407
19.05642, 30.325836583189712
19.07691, 30.33943782865285
19.0974, 30.352983986067585
19.11789, 30.366475051356957
19.13838, 30.379911020860163
19.15887, 30.39329189133164
19.17936, 30.406617659939833
19.19985, 30.41988832426641
19.22034, 30.433103882304923
19.24082, 30.446257923036274
19.26131, 30.459363291018292
19.2818, 30.472413549155185
19.30229, 30.48540869707811
19.32278, 30.49834873482505
19.34327, 30.51123366283977
19.36376, 30.52406348197086
19.38425, 30.536838193470565
19.40474, 30.549557798993902
19.42523, 30.56222230059749
19.44572, 30.574831700738663
19.46621, 30.587386002274272
19.4867, 30.59988520845978
19.50719, 30.612329322948206
19.52768, 30.624718349789052
19.54817, 30.637052293427345
19.56866, 30.649331158702566
19.58914, 30.661548998543637
19.60964, 30.67372367548782
19.63012, 30.68583144008065
19.65061, 30.69789007501929
19.6711, 30.70989366166992
19.69159, 30.7218422072171
19.71208, 30.73373571923268
19.73257, 30.745574205674828
19.75306, 30.757357674886993
19.77355, 30.76908613559682
19.79404, 30.780759596915235
19.81453, 30.792378068335385
19.83502, 30.8039415597316
19.85551, 30.81545008135842
19.876, 30.826903643849548
19.89649, 30.838302258216878
19.91698, 30.849645935849445
19.93746, 30.860929192510675
19.95796, 30.872168528346183
19.97844, 30.883342025450784
19.99893, 30.89446610432676
20.01942, 30.905535309028668
20.03991, 30.916549653187175
20.0604, 30.92750915080297
20.08089, 30.938413816245934
20.10138, 30.949263664254026
20.12187, 30.960058709932284
20.14236, 30.97079896875188
20.16285, 30.981484456549076
20.18334, 30.992115189524217
20.20383, 31.002691184240756
20.22432, 31.013212457624277
20.24481, 31.023679026961485
20.2653, 31.034090909899184
20.28578, 31.044443083008538
20.30628, 31.05475068895781
20.32676, 31.064993634054083
20.34725, 31.075186981677668
20.36774, 31.08532573649314
20.38823, 31.095409918286993
20.40872, 31.1054395471989
20.42921, 31.115414643720694
20.4497, 31.125335228695477
20.47019, 31.135201323316416
20.49068, 31.145012949126095
20.51117, 31.154770128015233
20.53166, 31.16447288222184
20.55215, 31.17412123433022
20.57264, 31.18371520726992
20.59313, 31.193254824314888
20.61362, 31.202740109082352
20.63411, 31.21217108553195
20.6546, 31.22154777796466
20.67508, 31.230865674504106
20.69558, 31.240138409684416
20.71606, 31.249347915666522
20.73655, 31.258507748272606
20.75704, 31.267613423440615
20.77753, 31.276664967499137
20.79802, 31.28566240711141
20.81851, 31.294605769274256
20.839, 31.303495081317106
20.85949, 31.312330370901005
20.87998, 31.321111666017792
20.90047, 31.329838994988922
20.92096, 31.33851238646463
20.94145, 31.347131869422995
20.96194, 31.35569747316888
20.98243, 31.36420922733301
21.00292, 31.372667161871007
21.0234, 31.381067218593095
21.0439, 31.38942169351
21.06438, 31.39771431611157
21.08487, 31.405957304364435
21.10536, 31.41414662759376
21.12585, 31.422282317684292
21.14634, 31.430364406838947
21.16683, 31.438392927577897
21.18732, 31.446367912737568
21.20781, 31.454289395469733
21.2283, 31.462157409240554
21.24879, 31.469971987829595
21.26928, 31.4777331653289
21.28977, 31.485440976142048
21.31026, 31.493095454983195
21.33075, 31.500696636876132
21.35124, 31.508244557153326
21.37172, 31.515735606698353
21.39222, 31.523180755728035
21.4127, 31.53056551335148
21.43319, 31.537900772545434
21.45368, 31.545182951365085
21.47417, 31.552412086975007
21.49466, 31.559588216841913
21.51515, 31.5667113787336
21.53564, 31.57378161071809
21.55613, 31.580798951162638
21.57662, 31.58776343873289
21.59711, 31.594675112391855
21.6176, 31.601534011399007
21.63809, 31.608340175309333
21.65858, 31.615093643972422
21.67907, 31.62179445753153
21.69956, 31.628442656422646
21.72005, 31.635038281373514
21.74054, 31.64158137340282
21.76102, 31.64806881892348
21.78151, 31.654506994912104
21.802, 31.660892762750503
21.82249, 31.667226164611417
21.84298, 31.673507242953836
21.86347, 31.679736040521917
21.88396, 31.685912600344444
21.90445, 31.69203696573347
21.92494, 31.698109180283605
21.94543, 31.704129287871293
21.96592, 31.710097332653426
21.98641, 31.716013359066825
22.0069, 31.721877411827176
22.02739, 31.72768953592809
22.04788, 31.733449776640228
22.06837, 31.739158179510365
22.08886, 31.74481479036053
22.10934, 31.750416932485624
22.12983, 31.755970123078324
22.15032, 31.761471660736362
22.17081, 31.766921592373304
22.1913, 31.77231996517337
22.21179, 31.777666826590615
22.23228, 31.782962224347823
22.25277, 31.78820620643583
22.27326, 31.793398821112362
22.29375, 31.798540116901382
22.31424, 31.803630142592024
22.33473, 31.80866894723772
22.35522, 31.813656580155357
22.37571, 31.81859309092437
22.3962, 31.823478529385717
22.41669, 31.82831294564109
22.43718, 31.833096390052077
22.45766, 31.837826615976116
22.47815, 31.84250829363216
22.49864, 31.84713915205329
22.51913, 31.851719242631216
22.53962, 31.85624861701303
22.56011, 31.86072732710024
22.5806, 31.865155425047824
22.60109, 31.86953296326356
22.62158, 31.873859994406914
22.64207, 31.878136571388264
22.66256, 31.88236274736799
22.68305, 31.886538575755527
22.70354, 31.890664110208636
22.72403, 31.89473940463232
22.74452, 31.898764513178044
22.76501, 31.902739490242947
22.7855, 31.90666439046869
22.80598, 31.910537389825404
22.82647, 31.914362325644937
22.84696, 31.91813734998283
22.86745, 31.92186251845061
22.88794, 31.92553788690015
22.90843, 31.929163511422697
22.92892, 31.932739448348006
22.94941, 31.93626575424358
22.9699, 31.939742485913634
22.99039, 31.943169700398293
23.01088, 31.946547454972734
23.03137, 31.949875807146352
23.05186, 31.953154814661744
23.07235, 31.956384535493928
23.09284, 31.959565027849564
23.11333, 31.962696350165988
23.13382, 31.965778561110234
23.15431, 31.9688117195785
23.17479, 31.97179444023403
23.19528, 31.974729695217224
23.21577, 31.97761607574851
23.23626, 31.980453641631073
23.25675, 31.98324245289266
23.27724, 31.985982569784763
23.29773, 31.988674052781885
23.31822, 31.991316962580576
23.33871, 31.993911360098455
23.3592, 31.996457306473665
23.37969, 31.998954863063748
23.40018, 32.00140409144477
23.42067, 32.00380505341079
23.44116, 32.00615781097261
23.46165, 32.008462426357184
23.48214, 32.01071896200664
23.50263, 32.01292748057753
23.52311, 32.01508700217758
23.5436, 32.01719969877156
23.56409, 32.019264567503285
23.58458, 32.02128167187816
23.60507, 32.023251075611654
23.62556, 32.02517284262859
23.64605, 32.02704703706223
23.66654, 32.02887372325338
23.68703, 32.03065296574958
23.70752, 32.03238482930439
23.72801, 32.03406937887631
23.7485, 32.035706679628206
23.76899, 32.03729679692614
23.78948, 32.038839796338934
23.80997, 32.04033574363702
23.83046, 32.04178470479171
23.85095, 32.04318674597437
23.87143, 32.04454128358269
23.89192, 32.0458497069492
23.91241, 32.04711141001707
23.9329, 32.048326459749376
23.95339, 32.04949492330522
23.97388, 32.05061686803851
23.99437, 32.051692361497594
24.01486, 32.05272147142415
24.03535, 32.053704265752344
24.05584, 32.05464081260822
24.07633, 32.05553118030859
24.09682, 32.05637543736053
24.11731, 32.05717365246018
24.1378, 32.05792589449233
24.15829, 32.05863223252929
24.17878, 32.05929273583014
24.19927, 32.05990747384005
24.21975, 32.06047624960612
24.24025, 32.06099993269241
24.26073, 32.06147757123093
24.28122, 32.061909968400954
24.30171, 32.06229695023235
24.3222, 32.06263858726888
24.34269, 32.062934950234585
24.36318, 32.06318611003296
24.38367, 32.06339213774616
24.40416, 32.063553104634224
24.42465, 32.06366908213411
24.44514, 32.063740141859114
24.46563, 32.06376635559784
24.48612, 32.06374779531359
24.50661, 32.0636845331434
24.5271, 32.06357664139729
24.54759, 32.063424192557584
24.56807, 32.06322736622775
24.58857, 32.06298591438231
24.60905, 32.06270038109324
24.62954, 32.062370453702684
24.65003, 32.0619963341486
24.67052, 32.06157809592955
24.69101, 32.061115812710526
24.7115, 32.060609558322355
24.73199, 32.060059406760956
24.75248, 32.059465432186286
24.77297, 32.05882770892184
24.79346, 32.05814631145364
24.81395, 32.05742131442958
24.83444, 32.05665279265852
24.85493, 32.055840821109605
24.87542, 32.05498547491155
24.89591, 32.054086829351405
24.91639, 32.05314543007732
24.93689, 32.05215994208278
24.95737, 32.051132363980415
24.97786, 32.050061297956105
24.99835, 32.04894731132127
25.01884, 32.047790480298474
25.03933, 32.046590881263555
25.05982, 32.045348590744645
25.08031, 32.04406368542151
25.1008, 32.04273624212476
25.12129, 32.04136633783503
25.14178, 32.039954049682265
25.16227, 32.038499454944855
25.18276, 32.03700263104889
25.20325, 32.03546365556738
25.22374, 32.03388260621965
25.24423, 32.03225956087026
25.26472, 32.03059459752848
25.28521, 32.028887794347355
25.30569, 32.02714009317074
25.32618, 32.02534986566573
25.34667, 32.0235180335977
25.36716, 32.02164467568735
25.38765, 32.01972987079533
25.40814, 32.017773697921704
25.42863, 32.015776236204914
25.44912, 32.013737564921094
25.46961, 32.01165776348334
25.4901, 32.009536911440975
25.51059, 32.00737508847867
25.53108, 32.00517237441588
25.55157, 32.00292884920587
25.57206, 32.0006445929351
25.59255, 31.998319685822416
25.61304, 31.995954208218315
25.63353, 31.993548240604028
25.65401, 31.991103067370958
25.6745, 31.98861638136263
25.69499, 31.986089447526467
25.71548, 31.983522346859758
25.73597, 31.980915160486735
25.75646, 31.978267969658276
25.77695, 31.975580855750714
25.79744, 31.97285390026518
25.81793, 31.97008718482713
25.83842, 31.96728079118516
25.85891, 31.964434801210693
25.8794, 31.961549296896887
25.89989, 31.958624360358026
25.92038, 31.955660073829005
25.94087, 31.9526565196641
25.96136, 31.949613780336662
25.98185, 31.946531938438202
26.00233, 31.943412609295716
26.02282, 31.940252829481253
26.04331, 31.937054195531307
26.0638, 31.93381679050258
26.08429, 31.930540697566318
26.10478, 31.927226000007387
26.12527, 31.923872781223885
26.14576, 31.920481124725946
26.16625, 31.917051114135432
26.18674, 31.91358283318498
26.20723, 31.910076365717238
26.22772, 31.906531795684334
26.24821, 31.90294920714699
26.2687, 31.89932868427374
26.28919, 31.895670311340428
26.30968, 31.891974172729284
26.33017, 31.888240352928317
26.35066, 31.884468936530382
26.37114, 31.880661876288855
26.39163, 31.876815539137823
26.41212, 31.87293185975009
26.43261, 31.86901092313147
26.4531, 31.865052814389042
26.47359, 31.861057618730563
26.49408, 31.857025421463856
26.51457, 31.85295630799589
26.53506, 31.84885036383217
26.55555, 31.8447076745762
26.57604, 31.84052832592829
26.59653, 31.836312403685305
26.61702, 31.832059993739872
26.63751, 31.8277711820794
26.658, 31.82344605478568
26.67849, 31.819084698033997
26.69898, 31.8146871980925
26.71946, 31.810255813867958
26.73995, 31.805786304253047
26.76044, 31.801280910760514
26.78093, 31.796739720022753
26.80142, 31.792162818761394
26.82191, 31.787550293786836
26.8424, 31.782902231997245
26.86289, 31.778218720378064
26.88338, 31.77349984600131
26.90387, 31.768745696024645
26.92436, 31.76395635769097
26.94485, 31.759131918327604
26.96534, 31.754272465345473
26.98583, 31.74937808623861
27.00632, 31.744448868583405
27.02681, 31.739484900037773
27.0473, 31.73448626834066
27.06778, 31.729455526151163
27.08827, 31.724387848498022
27.10876, 31.719285771345916
27.12925, 31.71414938275062
27.14974, 31.70897877084533
27.17023, 31.703774023840012
27.19072, 31.698535230020937
27.21121, 31.693262477749588
27.2317, 31.687955855462285
27.25219, 31.68261545166949
27.27268, 31.677241354954873
27.29317, 31.671833653974993
27.31366, 31.666392437458406
27.33415, 31.660917794204778
27.35464, 31.655409813084717
27.37513, 31.64986858303866
27.39562, 31.644294193076394
27.4161, 31.63868947700954
27.43659, 31.63304905059274
27.45708, 31.627375731654595
27.47757, 31.62166960947528
27.49806, 31.615930773400958
27.51855, 31.61015931284308
27.53904, 31.60435531727761
27.55953, 31.5985188762445
27.58002, 31.592650079346853
27.60051, 31.586749016250536
27.621, 31.580815776683107
27.64149, 31.574850450433587
27.66198, 31.568853127351463
27.68247, 31.562823897346135
27.70296, 31.556762850386306
27.72345, 31.55067007649933
27.74394, 31.544545665770368
27.76442, 31.538392720393148
27.78492, 31.53220229441308
27.8054, 31.52598655690635
27.82589, 31.519736516039206
27.84638, 31.513455289557946
27.86687, 31.507142967881627
27.88736, 31.50079964148245
27.90785, 31.494425400885405
27.92834, 31.488020336667407
27.94883, 31.481584539456904
27.96932, 31.4751180999329
27.98981, 31.468621108824518
28.0103, 31.462093656910316
28.03079, 31.45553583501761
28.05128, 31.448947734021854
28.07177, 31.442329444845864
28.09226, 31.435681058459494
28.11274, 31.429005932524742
28.13324, 31.422294358164535
28.15372, 31.41555952218077
28.17421, 31.408791672052534
28.1947, 31.401994180197875
28.21519, 31.395167137853885
28.23568, 31.388310636300055
28.25617, 31.38142476685752
28.27666, 31.374509620888613
28.29715, 31.36756528979588
28.31764, 31.360591865021785
28.33813, 31.353589438047912
28.35862, 31.346558100394287
28.37911, 31.339497943618856
28.3996, 31.33240905931691
28.42009, 31.32529153912016
28.44058, 31.318145474696465
28.46106, 31.31097446614608
28.48156, 31.303768080015452
28.50204, 31.296540469258154
28.52253, 31.289281159031425
28.54302, 31.281993763389735
28.56351, 31.274678374203393
28.584, 31.26733508337455
28.60449, 31.259963982836254
28.62498, 31.25256516455195
28.64547, 31.245138720514678
28.66596, 31.237684742746833
28.68645, 31.230203323298973
28.70694, 31.222694554249777
28.72743, 31.215158527705128
28.74792, 31.207595335797475
28.76841, 31.200005070685283
28.7889, 31.192387824552533
28.80939, 31.18474368960786
28.82988, 31.177072758084233
28.85036, 31.169378885513122
28.87085, 31.161654650588932
28.89134, 31.153903895878358
28.91183, 31.146126713704696
28.93232, 31.138323196412486
28.95281, 31.13049343636696
28.9733, 31.122637525953085
28.99379, 31.114755557575076
29.01428, 31.106847623656133
29.03477, 31.098913816637232
29.05526, 31.090954228976912
29.07575, 31.082968953150846
29.09624, 31.074958081650614
29.11673, 31.066921706983827
29.13722, 31.05885992167308
29.15771, 31.050772818255204
29.1782, 31.04266048928131
29.19868, 31.03452700486142
29.21917, 31.026364514679003
29.23966, 31.018177076625474
29.26015, 31.00996478330153
29.28064, 31.00172772731845
29.30113, 30.993466001298113
29.32162, 30.985179697872127
29.34211, 30.97686890968101
29.3626, 30.968533729373988
29.38309, 30.96017424960838
29.40358, 30.951790563048643
29.42407, 30.94338276236616
29.44456, 30.93495094023852
29.46505, 30.926495189348824
29.48554, 30.91801560238542
29.50603, 30.909512272040907
29.52652, 30.900985291011974
29.547, 30.892438930759276
29.56749, 30.883864937892877
29.58798, 30.87526757240377
29.60847, 30.86664692699825
29.62896, 30.858003094383516
29.64945, 30.84933616726713
29.66994, 30.840646238356562
29.69043, 30.831933400358455
29.71092, 30.823197745978213
29.73141, 30.81443936791924
29.7519, 30.805658358882663
29.77239, 30.796854811566327
29.79288, 30.78802881866454
29.81337, 30.779180472867562
29.83386, 30.770309866860657
29.85435, 30.76141709332408
29.87484, 30.75250224493199
29.89533, 30.743565414352098
29.91581, 30.734611071809166
29.9363, 30.72563056544348
29.95679, 30.7166283548039
29.97728, 30.707604532526524
29.99777, 30.698559191238463
30.01826, 30.689492423556974
30.03875, 30.680404322088997
30.05924, 30.671294979430282
30.07973, 30.662164488165384
30.10022, 30.65301294086656
30.12071, 30.643840430093704
30.1412, 30.634647048393273
30.16169, 30.625432888298167
30.18218, 30.616198042326946
30.20267, 30.606942602983548
30.22316, 30.59766666275611
30.24365, 30.588370314117263
30.26413, 30.57905820139551
30.28462, 30.569721323132182
30.30511, 30.560364313728684
30.3256, 30.550987265588184
30.34609, 30.541590271095547
30.36658, 30.532173422616026
30.38707, 30.522736812495346
30.40756, 30.51328053305885
30.42805, 30.503804676611136
30.44854, 30.494309335435428
30.46903, 30.484794601792803
30.48952, 30.47526056792221
30.51001, 30.465707326039375
30.5305, 30.456134968336528
30.55099, 30.446543586981957
30.57148, 30.43693327411927
30.59197, 30.427304121866875
30.61245, 30.41766093546443
30.63294, 30.4079943897669
30.65343, 30.398309280834038
30.67392, 30.388605700678283
30.69441, 30.378883741284632
30.7149, 30.36914349460949
30.73539, 30.35938505258041
30.75588, 30.349608507095674
30.77637, 30.339813950023576
30.79686, 30.330001473202145
30.81735, 30.32017116843807
30.83784, 30.310323127507026
30.85833, 30.300457442152503
30.87882, 30.290574204085203
30.89931, 30.28067350498317
30.9198, 30.270755436490596
30.94029, 30.26082009021785
30.96077, 30.250872419180702
30.98127, 30.240897930599044
31.00175, 30.23091617833508
31.02224, 30.220912644575147
31.04273, 30.210892290512106
31.06322, 30.200855207540805
31.08371, 30.190801487018483
31.1042, 30.180731220264114
31.12469, 30.170644498557838
31.14518, 30.16054141314096
31.16567, 30.150422055214527
31.18616, 30.140286515939735
31.20665, 30.130134886436736
31.22714, 30.119967257784793
31.24763, 30.10978372102114
31.26812, 30.0995843671407
31.28861, 30.089369287095813
31.30909, 30.079143568622534
31.32959, 30.068892312104694
31.35007, 30.058635610755843
31.37056, 30.048358542178256
31.39105, 30.038066201494004
31.41154, 30.027758679388267
31.43203, 30.017436066499943
31.45252, 30.007098453421136
31.47301, 29.996745930696726
31.4935, 29.986378588823705
31.51399, 29.975996518250952
31.53448, 29.965599809378507
31.55497, 29.95518855255734
31.57546, 29.944762838088444
31.59595, 29.934322756222876
31.61644, 29.92386839716075
31.63693, 29.91339985105116
31.65741, 29.902922327395125
31.67791, 29.892420558026824
31.69839, 29.881915124137556
31.71888, 29.871390737013797
31.73937, 29.860852612758897
31.75986, 29.85030084120476
31.78035, 29.839735512128346
31.80084, 29.829156715251905
31.82133, 29.818564540241795
31.84182, 29.807959076708677
31.86231, 29.797340414206502
31.8828, 29.78670864223227
31.90329, 29.77606385022576
31.92378, 29.765406127568394
31.94427, 29.7547355635836
31.96476, 29.744052247535755
31.98525, 29.73335626862991
32.00574, 29.722647716011075
32.02623, 29.71192667876457
32.04671, 29.70119848729943
32.0672, 29.69045275379287
32.08769, 29.67969480250362
32.10818, 29.668924722270653
32.12867, 29.658142601870395
32.14916, 29.6473485300164
32.16965, 29.6365425953584
32.19014, 29.625724886482367
32.21063, 29.614895491909586
32.23112, 29.604054500096396
32.25161, 29.59320199943389
32.2721, 29.582338078247147
32.29259, 29.57146282479504
32.31308, 29.56057632726941
32.33357, 29.549678673795363
32.35406, 29.53876995242975
32.37455, 29.527850251161645
32.39503, 29.516924995152454
32.41552, 29.505983603022766
32.43601, 29.495031494501042
32.4565, 29.484068757299244
32.47699, 29.473095479058763
32.49748, 29.462111747350292
32.51797, 29.451117649672828
32.53846, 29.440113273454237
32.55895, 29.42909870604967
32.57944, 29.418074034741803
32.59993, 29.407039346740156
32.62042, 29.3959947291809
32.64091, 29.384940269125863
32.6614, 29.37387605356281
32.68189, 29.362802169404464
32.70238, 29.351718703488306
32.72287, 29.340625742575956
32.74335, 29.32952879406664
32.76384, 29.318417107670207
32.78434, 29.307290756333785
32.80482, 29.296166115695456
32.82531, 29.28502698294801
32.8458, 29.273878874117305
32.86629, 29.26272187542277
32.88678, 29.251556073004252
32.90727, 29.24038155292239
32.92776, 29.229198401157436
32.94825, 29.218006703609003
32.96874, 29.206806546096082
32.98923, 29.195598014356243
33.00972, 29.184381194044825
33.03021, 29.17315617073543
33.0507, 29.16192302991889
33.07119, 29.150681857002773
33.09167, 29.13943822928935
33.11216, 29.12818125187879
33.13266, 29.116910998479245
33.15314, 29.105644052866957
33.17363, 29.09436400132274
33.19412, 29.08307642831555
33.21461, 29.071781418659633
33.2351, 29.060479057083
33.25559, 29.049169428226634
33.27608, 29.03785261664447
33.29657, 29.02652870680268
33.31706, 29.015197783079184
33.33755, 29.003859929763664
33.35804, 28.992515231056572
33.37853, 28.981163771069404
33.39902, 28.969805633823476
33.41951, 28.95844090325042
33.43999, 28.94707521441858
33.46048, 28.935697551738112
33.48098, 28.92430798952102
33.50146, 28.912923283587908
33.52195, 28.901526845159378
33.54244, 28.890124315035447
33.56293, 28.878715776505324
33.58342, 28.86730131276458
33.60391, 28.85588100691502
33.6244, 28.84445494196462
33.64489, 28.83302320082619
33.66538, 28.82158586631803
33.68587, 28.810143021162954
33.70636, 28.798694747987962
33.72685, 28.787241129323746
33.74734, 28.775782247604692
33.76783, 28.764318185168193
33.78831, 28.75285462292743
33.8088, 28.741380448106305
33.8293, 28.72989573546438
33.84978, 28.718417377416127
33.87027, 28.706928645339524
33.89076, 28.695435224471645
33.91125, 28.683937196460384
33.93174, 28.67243464285322
33.95223, 28.660927645097473
33.97272, 28.649416284539726
33.99321, 28.637900642425265
34.0137, 28.626380799897532
34.03419, 28.614856837998204
34.05468, 28.603328837666588
34.07517, 28.591796879739505
34.09566, 28.580261044950046
34.11615, 28.56872141392831
34.13663, 28.557183701742616
34.15713, 28.545631085188248
34.17762, 28.53408054820885
34.1981, 28.52253217616321
34.21859, 28.51097477141812
34.23908, 28.499414051987195
34.25957, 28.48785009776539
34.28006, 28.476282988541307
34.30055, 28.464712803996782
34.32104, 28.453139623706193
34.34153, 28.44156352713658
34.36202, 28.429984593646893
34.38251, 28.418402902487827
34.403, 28.406818532801307
34.42349, 28.3952315636205
34.44398, 28.383642073868614
34.46447, 28.37205014235974
34.48495, 28.360461506874525
34.50545, 28.34885926877454
34.52594, 28.337260483773726
34.54642, 28.325665233415936
34.56691, 28.314062272441873
34.5874, 28.30245734023011
34.60789, 28.290850514815673
34.62838, 28.27924187412156
34.64887, 28.267631495957538
34.66936, 28.25601945801983
34.68985, 28.244405837891378
34.71034, 28.232790713040806
34.73083, 28.221174160822503
34.75132, 28.209556258476105
34.77181, 28.197937083125908
34.7923, 28.18631671178111
34.81279, 28.17469522133492
34.83327, 28.163078361101316
34.85377, 28.151449190130467
34.87426, 28.139824802576705
34.89474, 28.1282052761128
34.91523, 28.11657933982308
34.93572, 28.10495274330372
34.95621, 28.093325562628117
34.9767, 28.08169787375087
34.99719, 28.070069752507827
35.01768, 28.05844127461571
35.03817, 28.046812515671512
35.05866, 28.035183551152677
35.07915, 28.023554456416228
35.09964, 28.0119253066986
35.12013, 28.000296177115615
35.14062, 27.98866714266173
35.16111, 27.97703827820984
35.18159, 27.96541533370494
35.20209, 27.953781358193968
35.22258, 27.942153451765478
35.24306, 27.93053168817161
35.26355, 27.918904792264165
35.28404, 27.90727851298979
35.30453, 27.89565292436135
35.32502, 27.88402810026792
35.34551, 27.87240411447398
35.366, 27.860781040619266
35.38649, 27.849158952218442
35.40698, 27.837537922660534
35.42747, 27.825918025209077
35.44796, 27.814299333001294
35.46845, 27.802681919048297
35.48894, 27.79106585623428
35.50943, 27.779451217316655
35.52992, 27.767838074925248
35.55041, 27.756226501562246
35.5709, 27.74461656960217
35.59138, 27.7330140161704
35.61187, 27.721407582736596
35.63236, 27.709803007022824
35.65285, 27.698200360888244
35.67334, 27.686599716063206
35.69383, 27.675001144147664
35.71432, 27.66340471661196
35.73481, 27.65181050479516
35.7553, 27.640218579906694
35.77579, 27.62862901302415
35.79628, 27.61704187509423
35.81677, 27.605457236931812
35.83726, 27.593875169219732
35.85775, 27.582295742508776
35.87824, 27.570719027217326
35.89873, 27.559145093630562
35.91922, 27.547574011900856
35.9397, 27.536011497081567
35.96019, 27.524446327511484
35.98068, 27.51288421941924
36.00117, 27.50132524242186
36.02166, 27.489769466001704
36.04215, 27.4782169595058
36.06264, 27.4666677921468
36.08313, 27.455122033000876
36.10362, 27.443579751009302
36.12411, 27.43204101497697
36.1446, 27.420505893572418
36.16509, 27.408974455327414
36.18558, 27.397446768637284
36.20607, 27.385922901759578
36.22656, 27.37440292281495
36.24705, 27.36288689978572
36.26754, 27.351374900516703
36.28802, 27.33987260805845
36.30851, 27.32836885724369
36.32901, 27.3168637216399
36.34949, 27.305374102193785
36.36998, 27.293883232398596
36.39047, 27.282396790483993
36.41096, 27.270914843320405
36.43145, 27.259437457638324
36.45194, 27.247964700027453
36.47243, 27.2364966369368
36.49292, 27.22503333467425
36.51341, 27.213574859406364
36.5339, 27.2021212771582
36.55439, 27.190672653812744
36.57488, 27.179229055111072
36.59537, 27.167790546651432
36.61586, 27.156357193890088
36.63634, 27.144934638274542
36.65683, 27.133511790108827
36.67733, 27.12208872220613
36.69781, 27.11068221218509
36.7183, 27.099275612048096
36.73879, 27.087874557301618
36.75928, 27.07647911239539
36.77977, 27.065089341634092
36.80026, 27.053705309178014
36.82075, 27.042327079041712
36.84124, 27.03095471509415
36.86173, 27.01958828105876
36.88222, 27.008227840512617
36.90271, 26.996873456886917
36.9232, 26.9855251934658
36.94369, 26.974183113386886
36.96418, 26.96284727964078
36.98466, 26.951523282815945
37.00515, 26.940200126992245
37.02565, 26.928877884092177
37.04613, 26.917573180910686
37.06662, 26.906269515304576
37.08711, 26.89497247084146
37.1076, 26.8836821094756
37.12809, 26.872398493012184
37.14858, 26.861121683107008
37.16907, 26.84985174126666
37.18956, 26.838588728847483
37.21005, 26.827332707056158
37.23054, 26.81608373694892
37.25103, 26.804841879431777
37.27152, 26.793607195259867
37.29201, 26.78237974503751
37.3125, 26.77115958921768
37.33298, 26.75995225862666
37.35347, 26.74874686873165
37.37397, 26.737543490430706
37.39445, 26.72635857325652
37.41494, 26.715175787216275
37.43543, 26.704000655079817
37.45592, 26.6928332362358
37.47641, 26.681673589919114
37.4969, 26.670521775212112
37.51739, 26.65937785104345
37.53788, 26.64824187618784
37.55837, 26.637113909266183
37.57886, 26.62599400874539
37.59935, 26.614882232938037
37.61984, 26.603778640001707
37.64033, 26.592683287939558
37.66082, 26.5815962345993
37.6813, 26.57052294250649
37.7018, 26.55944725470097
37.72229, 26.548385443061385
37.74277, 26.53733755236867
37.76326, 26.526292850713176
37.78375, 26.51525679157229
37.80424, 26.50422943170246
37.82473, 26.49321082770353
37.84522, 26.482201036019056
37.86571, 26.471200112934312
37.8862, 26.46020811457808
37.90669, 26.449225096921143
37.92718, 26.43825111577663
37.94767, 26.4272862267996
37.96816, 26.416330485486757
37.98865, 26.405383947176492
38.00914, 26.394446667048708
38.02962, 26.38352403116119
38.05012, 26.372600101265533
38.07061, 26.36169092517482
38.09109, 26.35079654359602
38.11158, 26.339906371846535
38.13207, 26.32902578598937
38.15256, 26.31815484008859
38.17305, 26.307293588047727
38.19354, 26.296442083609797
38.21403, 26.285600380357934
38.23452, 26.274768531713562
38.25501, 26.263946590937653
38.2755, 26.25313461112991
38.29599, 26.242332645228466
38.31648, 26.231540746009905
38.33697, 26.220758966089335
38.35746, 26.209987357919676
38.37794, 26.19923122330718
38.39844, 26.18847486583398
38.41893, 26.17773408601255
38.43941, 26.16700892048621
38.4599, 26.156288947080725
38.48039, 26.145579456707317
38.50088, 26.134880500680488
38.52137, 26.124192130150696
38.54186, 26.113514396105487
38.56235, 26.102847349368233
38.58284, 26.09219104059821
38.60333, 26.081545520290874
38.62382, 26.07091083877687
38.64431, 26.060287046223205
38.6648, 26.04967419263128
38.68529, 26.03907232783854
38.70578, 26.028481501516723
38.72626, 26.017906923826843
38.74676, 26.007333162147454
38.76725, 25.996775747617765
38.78773, 25.986234712833493
38.80822, 25.975699812639796
38.82871, 25.96517624545067
38.8492, 25.954664059778047
38.86969, 25.944163303968075
38.89018, 25.93367402620004
38.91067, 25.923196274486706
38.93116, 25.912730096673684
38.95165, 25.90227554043986
38.97214, 25.891832653297097
38.99263, 25.881401482589496
39.01312, 25.870982075493863
39.03361, 25.860574479019597
39.0541, 25.850178740007784
39.07459, 25.83979490513191
39.09508, 25.829423020897412
39.11557, 25.819063133641023
39.13605, 25.808720336779125
39.15654, 25.79838457590536
39.17703, 25.788060949987162
39.19752, 25.777749504687336
39.21801, 25.767450285499326
39.2385, 25.757163337747286
39.25899, 25.746888706586034
39.27948, 25.736626437001135
39.29997, 25.72637657380824
39.32046, 25.716139161654
39.34095, 25.70591424501393
39.36144, 25.695701868194377
39.38193, 25.685502075331243
39.40242, 25.675314910389964
39.42291, 25.665140417165727
39.4434, 25.65497863928325
39.46389, 25.644829620195694
39.48437, 25.634698346966204
39.50486, 25.624574968867023
39.52535, 25.61446447887738
39.54584, 25.604366919766576
39.56633, 25.594282334132416
39.58682, 25.584210764401533
39.60731, 25.574152252828426
39.6278, 25.564106841495985
39.64829, 25.55407457231481
39.66878, 25.54405548702411
39.68927, 25.534049627189894
39.70976, 25.524057034206695
39.73025, 25.514077749296156
39.75074, 25.504111813507365
39.77123, 25.49415926771635
39.79172, 25.484220152627096
39.81221, 25.474294508769585
39.83269, 25.464387210745677
39.85318, 25.454488623627697
39.87368, 25.444598807297034
39.89416, 25.434732264523838
39.91465, 25.42487457203939
39.93514, 25.415030590311105
39.95563, 25.405200358655755
39.97612, 25.395383916215632
39.99661, 25.3855813019588
40.0171, 25.375792554679734
40.03759, 25.366017712998236
40.05808, 25.3562568153598
40.07857, 25.34650990003558
40.09906, 25.33677700512178
40.11955, 25.32705816854027
40.14004, 25.317353428037748
40.16053, 25.307662821186334
40.18101, 25.29799110443643
40.2015, 25.288328869959123
40.222, 25.278676175630377
40.24248, 25.269047173769255
40.26297, 25.259427785623707
40.28346, 25.249822752863054
40.30395, 25.24023211183193
40.32444, 25.230655898698934
40.34493, 25.2210941494571
40.36542, 25.2115468999229
40.38591, 25.202014185737436
40.4064, 25.19249604236527
40.42689, 25.182992505094763
40.44738, 25.17350360903789
40.46787, 25.164029389130434
40.48836, 25.15456988013107
40.50885, 25.145125116622616
40.52933, 25.135699731637143
40.54982, 25.126284554911855
40.57032, 25.116879642213895
40.5908, 25.107498779818425
40.61129, 25.09812824902327
40.63178, 25.088772667482516
40.65227, 25.079432068539674
40.67276, 25.070106485360977
40.69325, 25.060795950935322
40.71374, 25.051500498073743
40.73423, 25.04222015941036
40.75472, 25.03295496740074
40.77521, 25.023704954323414
40.7957, 25.014470152278694
40.81619, 25.005250593189142
40.83668, 24.996046308799272
40.85717, 24.986857330675562
40.87765, 24.97768816359089
40.89814, 24.968529884477945
40.91864, 24.95938254689345
40.93912, 24.950259556749852
40.95961, 24.941147569663148
40.9801, 24.932051074483276
41.00059, 24.922970101528172
41.02108, 24.913904680936948
41.04157, 24.90485484267051
41.06206, 24.895820616510775
41.08255, 24.886802032060707
41.10304, 24.87779911874468
41.12353, 24.8688119058075
41.14402, 24.8598404223154
41.16451, 24.850884697155465
41.185, 24.841944759035556
41.20549, 24.83302063648415
41.22597, 24.82411670160447
41.24647, 24.81521995130523
41.26696, 24.806343444838063
41.28744, 24.797487186714044
41.30793, 24.788642555864094
41.32842, 24.779813907973864
41.34891, 24.771001270315534
41.3694, 24.762204669982633
41.38989, 24.75342413388747
41.41038, 24.74465968876372
41.43087, 24.735911361164526
41.45136, 24.727179177463594
41.47185, 24.718463163854246
41.49234, 24.709763346350215
41.51283, 24.701079750784835
41.53332, 24.692412402811822
41.55381, 24.68376132790447
41.57429, 24.675130761518076
41.59479, 24.666508098278236
41.61528, 24.657905993605283
41.63576, 24.64932444829717
41.65625, 24.640755106500496
41.67674, 24.63220218681206
41.69723, 24.623665713443476
41.71772, 24.6151457104251
41.73821, 24.60664220160752
41.7587, 24.598155210660394
41.77919, 24.589684761072863
41.79968, 24.581230876153604
41.82017, 24.572793579030673
41.84066, 24.56437289265108
41.86115, 24.555968839781492
41.88164, 24.547581443007665
41.90213, 24.5392107247348
41.92261, 24.53086078022936
41.94311, 24.522519412407682
41.9636, 24.514198862259633
41.98408, 24.505899126934843
42.00457, 24.497612122714603
42.02506, 24.489341927617733
42.04555, 24.481088562782826
42.06604, 24.472852049168075
42.08653, 24.464632407550205
42.10702, 24.456429658525444
42.12751, 24.448243822508708
42.148, 24.44007491973383
42.16849, 24.431922970253773
42.18898, 24.423787993939925
42.20947, 24.41567001048305
42.22996, 24.407569039392985
42.25045, 24.399485099997456
42.27093, 24.39142214426992
42.29143, 24.38336839269822
42.31192, 24.375335662545428
42.3324, 24.367323947381742
42.35289, 24.35932544168165
42.37338, 24.351344079832714
42.39387, 24.343379879894908
42.41436, 24.335432859747545
42.43485, 24.32750303708764
42.45534, 24.319590429431877
42.47583, 24.31169505411516
42.49632, 24.30381692829169
42.51681, 24.295956068934224
42.5373, 24.28811249283354
42.55779, 24.28028621660018
42.57828, 24.272477256663073
42.59877, 24.264685629269735
42.61926, 24.256911350486366
42.63975, 24.24915443619826
42.66024, 24.24141490210972
42.68072, 24.233696528232347
42.70121, 24.225991792427372
42.7217, 24.218304482838718
42.74219, 24.210634614444757
42.76268, 24.202982202043657
42.78317, 24.195347260252152
42.80366, 24.187729803505547
42.82415, 24.180129846058527
42.84464, 24.17254740198329
42.86513, 24.16498248517276
42.88562, 24.157435109336824
42.90611, 24.149905288005705
42.9266, 24.142393034527718
42.94709, 24.13489836207045
42.96758, 24.127421283620023
42.98807, 24.119961811981838
43.00856, 24.11251995978041
43.02904, 24.1050993584942
43.04953, 24.097692773700267
43.07002, 24.09030384512355
43.09051, 24.08293258466457
43.111, 24.07557900404283
43.13149, 24.068243114796857
43.15198, 24.06092492828415
43.17247, 24.053624455681494
43.19296, 24.046341707985043
43.21345, 24.039076696009634
43.23394, 24.03182943039004
43.25443, 24.02459992157985
43.27492, 24.017388179851444
43.29541, 24.010194215297712
43.3159, 24.00301803783009
43.33639, 23.995859657179153
43.35688, 23.98871908289616
43.37736, 23.98159979621542
43.39785, 23.97449485389467
43.41835, 23.967404291047156
43.43883, 23.960338479875446
43.45932, 23.953287065653576
43.47981, 23.946253511307305
43.5003, 23.939237825124664
43.52079, 23.93224001521228
43.54128, 23.9252600894972
43.56177, 23.918298055726712
43.58226, 23.911353921467096
43.60275, 23.904427694105145
43.62324, 23.89751938084722
43.64373, 23.89062898871984
43.66422, 23.883756524570316
43.68471, 23.87690199506425
43.7052, 23.870065406689193
43.72568, 23.86325008916327
43.74617, 23.856449393027972
43.76667, 23.84966335052135
43.78715, 23.84290188505522
43.80764, 23.836155084574436
43.82813, 23.82942626036902
43.84862, 23.82271541766859
43.86911, 23.816022561523535
43.8896, 23.809347696803794
43.91009, 23.8026908282018
43.93058, 23.796051960228585
43.95107, 23.789431097218063
43.97156, 23.78282824332392
43.99205, 23.776243402520556
44.01254, 23.769676578604162
44.03303, 23.76312777519199
44.05352, 23.756596995721495
44.074, 23.750087417557964
44.09449, 23.743592686769905
44.11499, 23.73711283266124
44.13547, 23.730657327465206
44.15596, 23.72421670421636
44.17645, 23.717794121784603
44.19694, 23.711389582357917
44.21743, 23.705003087946345
44.23792, 23.69863464038147
44.25841, 23.692284241316386
44.2789, 23.685951892226505
44.29939, 23.679637594409627
44.31988, 23.67334134898445
44.34037, 23.667063156893406
44.36086, 23.66080301889993
44.38135, 23.65456093558999
44.40184, 23.648336907372023
44.42232, 23.642133958855165
44.44281, 23.635946032525787
44.46331, 23.629773154695627
44.48379, 23.62362434532584
44.50428, 23.61749058367645
44.52477, 23.611374875845883
44.54526, 23.60527722100213
44.56575, 23.599197618136337
44.58624, 23.59313606606197
44.60673, 23.5870925634171
44.62722, 23.581067108661607
44.64771, 23.57505970008023
44.6682, 23.56907033578053
44.68869, 23.56309901369358
44.70918, 23.55714573157448
44.72967, 23.551210487002102
44.75016, 23.545293277379347
44.77064, 23.53939697458769
44.79114, 23.533512951714233
44.81163, 23.527649829597873
44.83211, 23.521807578547303
44.8526, 23.51598048976505
44.87309, 23.510171416658867
44.89358, 23.50438035540167
44.91407, 23.498607301991512
44.93456, 23.49285225225107
44.95505, 23.487115201827667
44.97554, 23.48139614619442
44.99603, 23.475695080648826
45.01652, 23.470012000314238
45.03701, 23.464346900138935
45.0575, 23.458699774896758
45.07799, 23.453070619187102
45.09848, 23.447459427435923
45.11896, 23.441868919253025
45.13946, 23.436290912637862
45.15995, 23.43073357757106
45.18043, 23.425196881510637
45.20092, 23.419675411085635
45.22141, 23.414171867519464
45.2419, 23.4086862440207
45.26239, 23.403218533625314
45.28288, 23.397768729194027
45.30337, 23.392336823416983
45.32386, 23.386922808808762
45.34435, 23.381526677712813
45.36484, 23.37614842229919
45.38533, 23.370788034565535
45.40582, 23.36544550633684
45.42631, 23.36012082926616
45.4468, 23.354813994833336
45.46728, 23.3495275712583
45.48778, 23.344253818944047
45.50827, 23.3390004595881
45.52875, 23.333767457904948
45.54924, 23.328549694166885
45.56973, 23.323349718344403
45.59022, 23.318167520716308
45.61071, 23.31300309138964
45.6312, 23.30785642030103
45.65169, 23.302727497215336
45.67218, 23.29761631172733
45.69267, 23.292522853260998
45.71316, 23.287447111069635
45.73365, 23.28238907423645
45.75414, 23.27734873167468
45.77463, 23.272326072126237
45.79512, 23.267321084164323
45.8156, 23.26233618591759
45.8361, 23.25736407644383
45.85659, 23.252412032982228
45.87707, 23.247480017614617
45.89756, 23.242563201649606
45.91805, 23.237663985154036
45.93854, 23.23278235551582
45.95903, 23.22791829995353
45.97952, 23.223071805517293
46.00001, 23.21824285908879
46.0205, 23.213431447381858
46.04099, 23.208637556940943
46.06148, 23.20386117414475
46.08197, 23.199102285201757
46.10246, 23.19436087615405
46.12295, 23.18963693287602
46.14344, 23.184930441074478
46.16393, 23.18024138628933
46.18442, 23.17556975389379
46.20491, 23.170915529093115
46.22539, 23.166280955660298
46.24588, 23.16166149252335
46.26637, 23.157059391607184
46.28686, 23.152474637452137
46.30735, 23.147907214431438
46.32784, 23.143357106754337
46.34833, 23.1388242984627
46.36882, 23.134308773433602
46.38931, 23.129810515378846
46.4098, 23.125329507844192
46.43029, 23.120865734211737
46.45078, 23.11641917769736
46.47127, 23.111989821353475
46.49176, 23.107577648066936
46.51225, 23.103182640560718
46.53274, 23.098804781393888
46.55323, 23.09444405296097
46.57371, 23.090102553192946
46.5942, 23.085776024418955
46.61469, 23.081466572590443
46.63518, 23.077174179447834
46.65567, 23.072898826569094
46.67616, 23.068640495368687
46.69665, 23.06439916709931
46.71714, 23.060174822849728
46.73763, 23.05596744354814
46.75812, 23.051777009958542
46.77861, 23.04760350268458
46.7991, 23.0434469021676
46.81959, 23.039307188687097
46.84008, 23.03518434236161
46.86057, 23.031078343147904
46.88106, 23.02698917084212
46.90155, 23.022916805079973
46.92203, 23.018863200541304
46.94252, 23.014824377951683
46.96302, 23.010800340995743
46.9835, 23.006796945254507
47.00399, 23.002808292975285
47.02448, 22.998836321694775
47.04497, 22.994881009927596
47.06546, 22.990942336029683
47.08595, 22.987020278198308
47.10644, 22.98311481447056
47.12693, 22.979225922725853
47.14742, 22.975353580685162
47.16791, 22.97149776591039
47.1884, 22.967658455806607
47.20889, 22.963835627620593
47.22938, 22.960029258440528
47.24987, 22.9562393251988
47.27035, 22.95246764231043
47.29084, 22.948710503118285
47.31134, 22.944967908061532
47.33182, 22.9412452984441
47.35231, 22.93753718541413
47.3728, 22.933845366630184
47.39329, 22.930169817927144
47.41378, 22.926510514985658
47.43427, 22.92286743332998
47.45476, 22.919240548329533
47.47525, 22.915629835198523
47.49574, 22.91203526899604
47.51623, 22.90845682462701
47.53672, 22.904894476841655
47.55721, 22.90134820023589
47.5777, 22.89781796925201
47.59819, 22.894303758178875
47.61867, 22.890807244533985
47.63916, 22.887324987746418
47.65966, 22.883856985004265
47.68014, 22.880408273452062
47.70063, 22.876973763144463
47.72112, 22.873555115275586
47.74161, 22.87015230306359
47.7621, 22.866765299575885
47.78259, 22.863394077727364
47.80308, 22.86003861028132
47.82357, 22.856698869850717
47.84406, 22.853374828897472
47.86455, 22.85006645973145
47.88504, 22.846773734514088
47.90553, 22.84349662525414
47.92602, 22.84023510381264
47.94651, 22.836989141899394
47.96699, 22.833760283880572
47.98748, 22.8305453479978
48.00798, 22.82734432818962
48.02846, 22.8241618686755
48.04895, 22.820993267314833
48.06944, 22.81784005262618
48.08993, 22.81470219527798
48.11042, 22.81157966579093
48.13091, 22.808472434538224
48.1514, 22.805380471745643
48.17189, 22.802303747491784
48.19238, 22.799242231708796
48.21287, 22.79619589418197
48.23336, 22.7931647045495
48.25385, 22.790148632305183
48.27434, 22.787147646795432
48.29483, 22.78416171722197
48.31531, 22.781192258909893
48.33581, 22.778234901962715
48.3563, 22.77529395395431
48.37678, 22.77236936162231
48.39727, 22.769458237409694
48.41776, 22.766561981314624
48.43825, 22.763680561526815
48.45874, 22.760813946092263
48.47923, 22.757962102913936
48.49972, 22.755124999751708
48.52021, 22.752302604223146
48.5407, 22.749494883802747
48.56119, 22.74670180582305
48.58168, 22.743923337474833
48.60217, 22.741159445807252
48.62266, 22.738410097727556
48.64315, 22.73567526000292
48.66363, 22.732956223386022
48.68413, 22.730248981979916
48.70462, 22.72755747451221
48.7251, 22.724881646113715
48.74559, 22.72221884975011
48.76608, 22.719570361409378
48.78657, 22.716936146878165
48.80706, 22.714316171804242
48.82755, 22.711710401695793
48.84804, 22.709118801924653
48.86853, 22.706541337722108
48.88902, 22.70397797418373
48.90951, 22.701428676266822
48.93, 22.698893408791363
48.95049, 22.696372136440623
48.97098, 22.69386482376042
48.99147, 22.6913714351616
49.01195, 22.688893141638673
49.03245, 22.686426287167055
49.05294, 22.683974455912548
49.07342, 22.681537591539957
49.09391, 22.679113278046724
49.1144, 22.67670267226461
49.13489, 22.67430573765868
49.15538, 22.671922437557555
49.17587, 22.669552735158064
49.19636, 22.66719659352146
49.21685, 22.6648539755779
49.23734, 22.662524844123546
49.25783, 22.660209161821875
49.27832, 22.657906891204675
49.29881, 22.655617994671612
49.3193, 22.653342434490927
49.33979, 22.651080172798224
49.36027, 22.648832265980722
49.38077, 22.64659539276962
49.40126, 22.644372798052814
49.42174, 22.64216442416936
49.44223, 22.639968076003374
49.46272, 22.6377847964224
49.48321, 22.63561454665213
49.5037, 22.633457287789014
49.52419, 22.631312980800615
49.54468, 22.629181586527608
49.56517, 22.627063065681003
49.58566, 22.624957378845238
49.60615, 22.622864486476217
49.62664, 22.6207843489049
49.64713, 22.6187169263327
49.66762, 22.616662178837757
49.68811, 22.614620066368975
49.7086, 22.612590548751626
49.72909, 22.61057358568463
49.74958, 22.60856913674199
49.77006, 22.606578130506914
49.79055, 22.604598581978273
49.81104, 22.602631425568376
49.83153, 22.600676620353674
49.85202, 22.598734125287713
49.87251, 22.59680389919976
49.893, 22.59488590079735
49.91349, 22.592980088664586
49.93398, 22.59108642126418
49.95447, 22.58920485693674
49.97496, 22.587335353899842
49.99545, 22.585477870252525
50.01594, 22.58363236397069
50.03643, 22.581798792910234
50.05692, 22.579977114807203
50.07741, 22.578167287277665
50.0979, 22.576369267818208
50.11838, 22.57458388271158
50.13887, 22.57280934569302
50.15936, 22.571046488541047
50.17985, 22.56929526827598
50.20034, 22.567555641801818
50.22083, 22.565827565904335
50.24132, 22.564110997253096
50.26181, 22.562405892399944
50.2823, 22.560712207780412
50.30279, 22.559029899713842
50.32328, 22.557358924403168
50.34377, 22.555699237937347
50.36426, 22.554050796288863
50.38475, 22.552413555316146
50.40524, 22.550787470762828
50.42573, 22.549172498258
50.44622, 22.547568593318566
50.4667, 22.545976486059896
50.48719, 22.54439457699801
50.50769, 22.542822837349945
50.52817, 22.541263514305317
50.54866, 22.539714270692105
50.56915, 22.53817582539243
50.58964, 22.536648133136772
50.61013, 22.535131148543563
50.63062, 22.53362482612078
50.65111, 22.532129120267616
50.6716, 22.530643985271745
50.69209, 22.529169375311852
50.71258, 22.527705244458218
50.73307, 22.526251546671304
50.75356, 22.52480823580506
50.77405, 22.52337526560303
50.79454, 22.5219525897031
50.81502, 22.520540848467828
50.83551, 22.519138616686448
50.85601, 22.517745862577314
50.87649, 22.516364570116117
50.89698, 22.51499266164135
50.91747, 22.513630767074837
50.93796, 22.512278839310053
50.95845, 22.510936831136853
50.97894, 22.509604695240327
50.99943, 22.508282384201827
51.01992, 22.50696985049862
51.04041, 22.50566704650565
51.0609, 22.50437392449465
51.08139, 22.503090436634565
51.10188, 22.50181653499375
51.12237, 22.500552171536587
51.14286, 22.49929729812871
51.16334, 22.498052472061993
51.18383, 22.496816429368945
51.20433, 22.49558913533063
51.22481, 22.494372330632473
51.2453, 22.49316417741658
51.26579, 22.491965223354757
51.28628, 22.49077541961373
51.30677, 22.489594717261824
51.32726, 22.488423067269522
51.34775, 22.48726042050982
51.36824, 22.48610672775918
51.38873, 22.484961939696838
51.40922, 22.483826006905822
51.42971, 22.482698879874132
51.4502, 22.48158050899343
51.47069, 22.480470844561104
51.49118, 22.479369836779508
51.51166, 22.478277966804413
51.53215, 22.477194118390724
51.55265, 22.476118253951398
51.57313, 22.475051891547253
51.59362, 22.473993412680684
51.61411, 22.4729432897388
51.6346, 22.471901472273103
51.65509, 22.47086790974367
51.67558, 22.469842551518944
51.69607, 22.46882534687717
51.71656, 22.467816245006745
51.73705, 22.466815195005594
51.75754, 22.465822145882846
51.77803, 22.464837046558564
51.79852, 22.463859845864064
51.81901, 22.46289049254177
51.8395, 22.461928935247954
51.85998, 22.460975586171934
51.88048, 22.46002900293142
51.90097, 22.459090524784468
51.92145, 22.458160088889557
51.94194, 22.457236734861816
51.96243, 22.456320867001892
51.98292, 22.455412433362234
52.00341, 22.45451138191178
52.0239, 22.45361766053518
52.04439, 22.452731217033467
52.06488, 22.451851999125083
52.08537, 22.450979954445017
52.10586, 22.450115030545906
52.12635, 22.44925717489953
52.14684, 22.448406334895182
52.16733, 22.447562457842004
52.18782, 22.446725490968028
52.2083, 22.445895784886044
52.2288, 22.44507207626958
52.24929, 22.44425552250246
52.26977, 22.443446060649627
52.29026, 22.4426428470737
52.31075, 22.4418462254041
52.33124, 22.441056142317336
52.35173, 22.440272544412025
52.37222, 22.439495378211006
52.39271, 22.438724590160653
52.4132, 22.43796012663118
52.43369, 22.437201933917613
52.45418, 22.43644995824073
52.47467, 22.435704145745714
52.49516, 22.434964442504636
52.51565, 22.434230794514963
52.53614, 22.43350314770221
52.55662, 22.432781798697093
52.57712, 22.432065640943435
52.59761, 22.431355672485857
52.61809, 22.430651830452696
52.63858, 22.42995337308558
52.65907, 22.42926059096078
52.67956, 22.42857342950326
52.70005, 22.427891834069015
52.72054, 22.427215749944835
52.74103, 22.426545122348678
52.76152, 22.4258798964309
52.78201, 22.425220017273553
52.8025, 22.424565429891203
52.82299, 22.42391607923239
52.84348, 22.423271910178507
52.86397, 22.422632867545175
52.88446, 22.421998896083196
52.90494, 22.42137024622052
52.92544, 22.4207459453486
52.94593, 22.420126855253685
52.96641, 22.419512913287868
52.9869, 22.418903464350723
53.00739, 22.418298753764812
53.02788, 22.417698725835066
53.04837, 22.417103324804977
53.06886, 22.41651249485664
53.08935, 22.415926180111175
53.10984, 22.4153443246298
53.13033, 22.414766872413004
53.15082, 22.414193767402434
53.17131, 22.41362495348131
53.1918, 22.41306037447333
53.21229, 22.412499974144822
53.23278, 22.41194369620476
53.25327, 22.411391484304673
53.27376, 22.410843282039657
53.29425, 22.410299032949183
53.31473, 22.409758943289937
53.33522, 22.40922242908252
53.35571, 22.408689698362593
53.3762, 22.408160694449833
53.39669, 22.40763536061027
53.41718, 22.407113640055965
53.43767, 22.406595475947682
53.45816, 22.406080811392727
53.47865, 22.405569589447307
53.49914, 22.405061753116527
53.51963, 22.40455724535432
53.54012, 22.404056009064128
53.56061, 22.403557987100605
53.5811, 22.403063122267874
53.60159, 22.402571357322355
53.62208, 22.402082634971496
53.64257, 22.401596897874555
53.66305, 22.401114323571704
53.68354, 22.40063438338762
53.70403, 22.400157256183498
53.72452, 22.399682884433183
53.74501, 22.399211210564125
53.7655, 22.39874217696081
53.78599, 22.398275725960833
53.80648, 22.397811799860758
53.82697, 22.397350340911494
53.84746, 22.396891291322618
53.86795, 22.396434593260768
53.88844, 22.39598018885055
53.90893, 22.395528020175778
53.92942, 22.395078029279325
53.94991, 22.394630158163388
53.9704, 22.394184348791065
53.99089, 22.39374054308522
54.01137, 22.39329889811236
54.03186, 22.392858924448646
54.05236, 22.39242056662314
54.07284, 22.391984406596528
54.09333, 22.39154974591399
54.11382, 22.391116739670906
54.13431, 22.39068532952915
54.1548, 22.390255457117185
54.17529, 22.389827064027507
54.19578, 22.38940009181851
54.21627, 22.388974482015723
54.23676, 22.38855017611146
54.25725, 22.388127115564632
54.27774, 22.38770524180241
54.29823, 22.387284496220907
54.31872, 22.38686482018494
54.33921, 22.38644615502846
54.35969, 22.38602864569582
54.38018, 22.38561182576089
54.40068, 22.385195637735208
54.42116, 22.38478063130968
54.44165, 22.384366139200374
54.46214, 22.3839523053945
54.48263, 22.38353907102801
54.50312, 22.383126377209766
54.52361, 22.382714165023213
54.5441, 22.38230237552664
54.56459, 22.381890949754293
54.58508, 22.38147982871599
54.60557, 22.38106895339715
54.62606, 22.380658264760612
54.64655, 22.380247703747717
54.66704, 22.379837211275834
54.68753, 22.379426728242738
54.70801, 22.379016395903275
54.7285, 22.378605754422903
54.749, 22.378194744434374
54.76948, 22.377783908384718
54.78997, 22.37737258544115
54.81046, 22.376960916927644
54.83095, 22.376548843605754
54.85144, 22.37613630622093
54.87193, 22.37572324550184
54.89242, 22.375309602160243
54.91291, 22.374895316893834
54.9334, 22.374480330384806
54.95389, 22.374064583300633
54.97438, 22.373648016296006
54.99487, 22.373230570011444
55.01536, 22.372812185074775
55.03585, 22.372392802102855
55.05633, 22.371972567160032
55.07682, 22.371551010478687
55.09732, 22.371128070963106
55.1178, 22.370704309012375
55.13829, 22.37027904536426
55.15878, 22.369852427182344
55.17927, 22.36942439501376
55.19976, 22.368994889397527
55.22025, 22.36856385086597
55.24074, 22.36813121994453
55.26123, 22.36769693715285
55.28172, 22.367260943005448
55.30221, 22.366823178011778
55.3227, 22.36638358267659
55.34319, 22.36594209750217
55.36368, 22.36549866298615
55.38417, 22.365053219624773
55.40465, 22.364605926831246
55.42515, 22.36415606834037
55.44564, 22.36370424140172
55.46612, 22.36325038975296
55.48661, 22.36279401069505
55.5071, 22.362335265774444
55.52759, 22.3618740954866
55.54808, 22.361410440326637
55.56857, 22.360944240794062
55.58906, 22.36047543739142
55.60955, 22.360003970623342
55.63004, 22.35952978100131
55.65053, 22.359052809040186
55.67102, 22.358572995260907
55.69151, 22.358090280190087
55.712, 22.357604604362074
55.73249, 22.357115908317645
55.75297, 22.356624373373677
55.77347, 22.35612921778279
55.79396, 22.355631104416545
55.81444, 22.355129978577793
55.83493, 22.354625291496532
55.85542, 22.354117227659934
55.87591, 22.3536057276773
55.8964, 22.35309073216935
55.91689, 22.352572181769382
55.93738, 22.35205001712344
55.95787, 22.351524178892102
55.97836, 22.350994607750515
55.99885, 22.350461244388697
56.01934, 22.349924029511083
56.03983, 22.349382903840585
56.06032, 22.348837808115174
56.08081, 22.348288683090335
56.10129, 22.347735740539576
56.12179, 22.347178108258777
56.14228, 22.346616540056047
56.16276, 22.34605098296602
56.18325, 22.345480825562497
56.20374, 22.344906283823985
56.22423, 22.34432729864546
56.24472, 22.343743810943714
56.26521, 22.343155761658707
56.2857, 22.34256309175413
56.30619, 22.34196574221724
56.32668, 22.341363654060544
56.34717, 22.340756768321533
56.36766, 22.340145026063688
56.38815, 22.339528368377195
56.40864, 22.33890673637925
56.42913, 22.338280071215078
56.44961, 22.337648623634564
56.47011, 22.337011406111017
56.4906, 22.336369288605407
56.51108, 22.335722220050982
56.53157, 22.335069509861846
56.55206, 22.334411414023826
56.57255, 22.333747873894225
56.59304, 22.33307883086261
56.61353, 22.332404226352786
56.63402, 22.33172400182054
56.65451, 22.331038098758746
56.675, 22.330346458694848
56.69549, 22.32964902319139
56.71598, 22.32894573384809
56.73647, 22.328236532301194
56.75696, 22.327521360225795
56.77745, 22.326800159335274
56.79794, 22.32607287138118
56.81843, 22.325339438154792
56.83892, 22.324599801489178
56.8594, 22.32385426882375
56.87989, 22.3231020540384
56.90038, 22.322343461586144
56.92087, 22.321578433467565
56.94136, 22.320806911725686
56.96185, 22.32002883844772
56.98234, 22.319244155766626
57.00283, 22.318452805860282
57.02332, 22.317654730952132
57.04381, 22.31684987331294
57.0643, 22.316038175260847
57.08479, 22.315219579162232
57.10528, 22.31439402743203
57.12577, 22.313561462533947
57.14626, 22.312721826982028
57.16675, 22.311875063341954
57.18724, 22.311021114228822
57.20772, 22.310160344385817
57.22821, 22.30929185596082
57.2487, 22.30841601025375
57.26919, 22.30753275009227
57.28968, 22.30664201835878
57.31017, 22.305743757990776
57.33066, 22.30483791198142
57.35115, 22.303924423381147
57.37164, 22.303003235296334
57.39213, 22.302074290893216
57.41262, 22.301137533394197
57.43311, 22.30019290608215
57.4536, 22.299240352300327
57.47409, 22.298279815451224
57.49458, 22.29731123899928
57.51507, 22.296334566470577
57.53556, 22.295349741453485
57.55604, 22.294357194254253
57.57653, 22.293355899327576
57.59703, 22.29234578831015
57.61751, 22.291328289377965
57.638, 22.290301862112837
57.65849, 22.289266945267887
57.67898, 22.288223482888295
57.69947, 22.287171419087002
57.71996, 22.2861106980453
57.74045, 22.285041264013547
57.76094, 22.283963061311976
57.78143, 22.28287603433219
57.80192, 22.281780127535562
57.82241, 22.280675285456702
57.8429, 22.279561452702684
57.86339, 22.27843857395351
57.88388, 22.277306593962614
57.90436, 22.276166016725277
57.92485, 22.275015673322308
57.94535, 22.273855495207727
57.96583, 22.272687132069564
57.98632, 22.271508824411015
58.00681, 22.27032108565443
58.0273, 22.269123861090456
58.04779, 22.267917096090578
58.06828, 22.26670073610509
58.08877, 22.26547472666575
58.10926, 22.26423901338606
58.12975, 22.26299354196083
58.15024, 22.261738258168567
58.17073, 22.260473107871825
58.19122, 22.25919803701617
58.21171, 22.257912991633475
58.2322, 22.256617917841062
58.25268, 22.255313401281747
58.27317, 22.25399811432699
58.29367, 22.252671988474525
58.31415, 22.25133691835002
58.33464, 22.249990902351268
58.35513, 22.248634536511013
58.37562, 22.24726776756482
58.39611, 22.245890542341797
58.4166, 22.244502807761865
58.43709, 22.24310451083815
58.45758, 22.24169559867632
58.47807, 22.240276018477516
58.49856, 22.23884571753719
58.51905, 22.237404643246457
58.53954, 22.235952743091953
58.56003, 22.23448996465921
58.58052, 22.233016255629124
58.601, 22.23153229106413
58.62149, 22.23003656967967
58.64199, 22.228529023261636
58.66247, 22.227011814196587
58.68296, 22.225482676358887
58.70345, 22.22394229613489
58.72394, 22.222390621910726
58.74443, 22.220827602176193
58.76492, 22.219253185524877
58.78541, 22.217667320655913
58.8059, 22.216069956373502
58.82639, 22.21446104158858
58.84688, 22.212840525319
58.86737, 22.21120835669087
58.88786, 22.20956448493824
58.90835, 22.207908859404604
58.92884, 22.20624142954355
58.94932, 22.204562967382184
58.96982, 22.202870955208144
58.99031, 22.20116781019792
59.01079, 22.1994534997923
59.03128, 22.197726299895294
59.05177, 22.195986994767985
59.07226, 22.194235534654226
59.09275, 22.19247186991406
59.11324, 22.190695951023777
59.13373, 22.188907728577075
59.15422, 22.187107153286462
59.17471, 22.185294175982513
59.1952, 22.183468747615795
59.21569, 22.181630819256398
59.23618, 22.179780342095842
59.25667, 22.17791726744825
59.27716, 22.176041546749712
59.29764, 22.174154056290934
59.31814, 22.172251973560332
59.33863, 22.170338024560934
59.35911, 22.16841217998931
59.3796, 22.166472511217783
59.40009, 22.16451990764915
59.42058, 22.16255432159975
59.44107, 22.160575705510823
59.46156, 22.158584011955693
59.48205, 22.156579193637192
59.50254, 22.15456120338787
59.52303, 22.15252999417365
59.54352, 22.15048551909083
59.56401, 22.14842773136991
59.5845, 22.14635658437463
59.60499, 22.14427203160413
59.62548, 22.14217402669191
59.64596, 22.14006355721253
59.66646, 22.137937475660074
59.68695, 22.135798837492224
59.70743, 22.133647616822643
59.72792, 22.131481667190993
59.74841, 22.12930199012778
59.7689, 22.12710854023671
59.78939, 22.124901272261358
59.80988, 22.122680141087976
59.83037, 22.120445101745972
59.85086, 22.118196109408316
59.87135, 22.115933119392377
59.89184, 22.113656087161573
59.91233, 22.11136496832441
59.93282, 22.109059718636523
59.95331, 22.1067402940021
59.9738, 22.10440665047177
59.99428, 22.102059893612143
60.01478, 22.099696531679445
60.03527, 22.097319969269137
60.05575, 22.094930184077676
60.07624, 22.092524799152574
60.09673, 22.090104934823962
60.11722, 22.08767054820375
60.13771, 22.085221596559734
60.1582, 22.082758037313575
60.17869, 22.080279828044887
60.19918, 22.07778692648832
60.21967, 22.0752792905371
60.24016, 22.072756878243663
60.26065, 22.070219647819165
60.28114, 22.067667557635556
60.30163, 22.0651005662245
60.32212, 22.062518632279808
60.34261, 22.059921714659446
60.3631, 22.057309772382048
60.38359, 22.05468276463241
60.40407, 22.05204194391501
60.42456, 22.049384690834625
60.44505, 22.04671225084665
60.46554, 22.044024583798937
60.48603, 22.04132164970724
60.50652, 22.038603408758206
60.52701, 22.035869821305766
60.5475, 22.033120847876184
60.56799, 22.03035644916558
60.58848, 22.027576586043626
60.60897, 22.024781219551482
60.62946, 22.021970310904624
60.64995, 22.01914382149343
60.67044, 22.01630171288307
60.69093, 22.013443946815165
60.71142, 22.010570485208344
60.73191, 22.00768129015755
60.75239, 22.004777745540192
60.77288, 22.001856978331677
60.79337, 21.998920365060677
60.81386, 21.995967868543325
60.83435, 21.992999451775557
60.85484, 21.990015077937535
60.87533, 21.987014710392696
60.89582, 21.983998312687703
60.91631, 21.9809658485547
60.9368, 21.977917281912127
60.95729, 21.974852576864976
60.97778, 21.97177169770557
60.99827, 21.96867460891515
61.01876, 21.965561275162784
61.03925, 21.962431661309747
61.05974, 21.95928573240568
61.08023, 21.956123453692946
61.10071, 21.95294634593313
61.1212, 21.949751272123635
61.1417, 21.94653817402342
61.16218, 21.943311731803604
61.18267, 21.940067197522986
61.20316, 21.936806108976526
61.22365, 21.933528432770167
61.24414, 21.930234135710144
61.26463, 21.926923184799747
61.28512, 21.923595547245384
61.30561, 21.92025119045004
61.3261, 21.916890082021673
61.34659, 21.913512189768873
61.36708, 21.910117481705154
61.38757, 21.90670592604627
61.40806, 21.90327749121407
61.42855, 21.899832145835553
61.44903, 21.896371552627613
61.46952, 21.892892301157772
61.49002, 21.889394335805044
61.5105, 21.885882757462287
61.53099, 21.882352404364404
61.55148, 21.87880495686894
61.57197, 21.875240385067304
61.59246, 21.87165865926472
61.61295, 21.86805974997711
61.63344, 21.864443627938268
61.65393, 21.86081026409416
61.67442, 21.857159629607118
61.69491, 21.853491695858487
61.7154, 21.84980643444449
61.73589, 21.84610381718158
61.75638, 21.842383816105247
61.77687, 21.838646403470733
61.79735, 21.8348933885419
61.81784, 21.831121078974512
61.83834, 21.827329422097517
61.85882, 21.82352395264122
61.87931, 21.819699082390247
61.8998, 21.815856638800273
61.92029, 21.811996595693444
61.94078, 21.808118927117345
61.96127, 21.80422360734931
61.98176, 21.800310610893547
62.00225, 21.79637991248616
62.02274, 21.792431487091726
62.04323, 21.788465309907096
62.06372, 21.78448135636216
62.08421, 21.78047960211909
62.1047, 21.77646002307523
62.12519, 21.772422595360112
62.14567, 21.76836927886663
62.16616, 21.764296091889797
62.18666, 21.760202985052885
62.20715, 21.756093928701766
62.22763, 21.751968926441375
62.24812, 21.74782392751709
62.26861, 21.743660919505253
62.2891, 21.739479880448563
62.30959, 21.735280788631513
62.33008, 21.731063622583335
62.35057, 21.726828361077875
62.37106, 21.72257498313384
62.39155, 21.718303468015375
62.41204, 21.71401379523629
62.43253, 21.709705944556127
62.45302, 21.705379895985843
62.47351, 21.70103562978343
62.49399, 21.696675259999985
62.51449, 21.692292366776634
62.53498, 21.687893331749468
62.55547, 21.683476002644753
62.57595, 21.679042530238767
62.59644, 21.674588566753577
62.61693, 21.670116254533518
62.63742, 21.665625575869427
62.65791, 21.66111651330963
62.6784, 21.65658904966172
62.69889, 21.652043167991877
62.71938, 21.647478851629362
62.73987, 21.64289608416167
62.76036, 21.6382948494404
62.78085, 21.633675131581228
62.80134, 21.62903691496286
62.82183, 21.62438018422941
62.84231, 21.61970721054049
62.86281, 21.615011120325363
62.8833, 21.61029875777603
62.90379, 21.60556782235801
62.92427, 21.600820622560985
62.94476, 21.596052508706336
62.96525, 21.59126578075163
62.98574, 21.586460425493716
63.00623, 21.581636430004465
63.02672, 21.576793781628403
63.04721, 21.571932467985217
63.0677, 21.567052476971895
63.08819, 21.56215379676126
63.10868, 21.557236415803843
63.12917, 21.552300322829968
63.14966, 21.54734550684859
63.17015, 21.542371957149513
63.19063, 21.537382104332288
63.21113, 21.532368615167474
63.23162, 21.527338802876073
63.25211, 21.52229021685127
63.27259, 21.517225325476865
63.29308, 21.512139173565526
63.31358, 21.507031724877773
63.33406, 21.501910459063335
63.35455, 21.49676787989621
63.37504, 21.491606475551976
63.39553, 21.486426238465782
63.41602, 21.481227161367592
63.43651, 21.47600923727998
63.457, 21.47077245951691
63.47749, 21.46551682168812
63.49798, 21.460242317699453
63.51847, 21.454948941751137
63.53896, 21.449636688343354
63.55945, 21.44430555227158
63.57994, 21.438955528633013
63.60043, 21.43358661282261
63.62091, 21.42820143463223
63.6414, 21.42279473109859
63.6619, 21.4173664708495
63.68238, 21.411924608125524
63.70287, 21.40646118220117
63.72336, 21.400978842839926
63.74385, 21.395477587563168
63.76434, 21.389957414201703
63.78483, 21.384418320895414
63.80532, 21.37886030609299
63.82581, 21.373283368552705
63.8463, 21.367687507345416
63.86679, 21.36207272185545
63.88728, 21.356439011777532
63.90777, 21.350786377122496
63.92826, 21.3451148182166
63.94875, 21.339424335702297
63.96923, 21.33371772158788
63.98972, 21.327989404284917
64.01021, 21.322242167204244
64.0307, 21.316476012262086
64.05119, 21.310690941695945
64.07168, 21.30488695806378
64.09217, 21.299064064248075
64.11266, 21.293222263454275
64.13315, 21.28736155921298
64.15364, 21.28148195537949
64.17413, 21.275583456137
64.19462, 21.269666065996734
64.21511, 21.2637297897973
64.2356, 21.257774632707374
64.25608, 21.251803520413844
64.27658, 21.24580769818554
64.29707, 21.239795932748034
64.31755, 21.23376825821172
64.33805, 21.2277158380045
64.35853, 21.221650488890063
64.37902, 21.21556334737413
64.39952, 21.209454393725746
64.42, 21.20333258983542
64.44049, 21.19718899050936
64.46098, 21.191026589175838
64.48147, 21.18484539503592
64.50196, 21.17864541762979
64.52245, 21.172426666843382
64.54294, 21.166189152905385
64.56343, 21.15993288639114
64.58392, 21.15365787822082
64.6044, 21.147367215842724
64.6249, 21.141051682329753
64.64539, 21.134720518189944
64.66587, 21.12837376311975
64.68637, 21.122002119100127
64.70685, 21.11561803161732
64.72734, 21.10921217601622
64.74784, 21.10278453871733
64.76832, 21.096344553739804
64.78881, 21.089882815580268
64.8093, 21.083402479013472
64.82979, 21.0769035591896
64.85028, 21.070386071618948
64.87077, 21.06385003217142
64.89126, 21.05729545707984
64.91175, 21.050722362935375
64.93224, 21.044130766696085
64.95272, 21.03752391619058
64.97322, 21.0308921375769
64.99371, 21.024245140433685
65.01419, 21.017582970177077
65.03469, 21.010895873071902
65.05517, 21.004196916255026
65.07566, 20.997476319786713
65.09616, 20.990734076675807
65.11664, 20.98398008731513
65.13713, 20.977204492221066
65.15762, 20.970410605784384
65.17811, 20.963598449392936
65.1986, 20.956768044814794
65.21909, 20.949919414193225
65.23958, 20.94305258004795
65.26007, 20.936167565280506
65.28056, 20.92926439316976
65.30104, 20.92234646969294
65.32154, 20.915403671950152
65.34203, 20.90844617131061
65.36251, 20.90147401904629
65.38301, 20.894477014027586
65.40349, 20.887468834515257
65.42398, 20.880439253766696
65.44448, 20.873388271828436
65.46496, 20.866326247091166
65.48545, 20.859242875047823
65.50594, 20.852141627106235
65.52643, 20.845022531188185
65.54692, 20.837885615607448
65.56741, 20.83073090907161
65.5879, 20.823558440683552
65.60839, 20.816368239943486
65.62888, 20.809160336747937
65.64936, 20.80193829209066
65.66986, 20.79469154457524
65.69035, 20.787430717387963
65.71083, 20.78015586778633
65.73133, 20.772856358299173
65.75181, 20.765546464152635
65.7723, 20.758215523017356
65.7928, 20.75086354243529
65.81328, 20.743501327677947
65.83377, 20.73611814092181
65.85426, 20.728717607087976
65.87475, 20.721299760922868
65.89524, 20.713864637583523
65.91573, 20.706412272639408
65.93622, 20.698942702073012
65.95671, 20.691455962279964
65.9772, 20.683952090072527
65.99769, 20.676431122677563
66.01818, 20.66889309773952
66.03867, 20.661338053321806
66.05915, 20.653769727513975
66.07965, 20.646177060393818
66.10013, 20.638574906216476
66.12062, 20.63095218112622
66.14112, 20.623308900630228
66.1616, 20.615656302907386
66.18209, 20.607983231391582
66.20258, 20.600293460058218
66.22307, 20.5925870307796
66.24356, 20.58486398585768
66.26405, 20.577124368024162
66.28454, 20.569368220441152
66.30503, 20.561595586704208
66.32552, 20.553806510840197
66.34601, 20.54600103730947
66.3665, 20.53817921100959
66.38699, 20.53034107727256
66.40747, 20.522490519109304
66.42797, 20.514616071003672
66.44845, 20.506733144349923
66.46894, 20.49883025080471
66.48944, 20.490907414326188
66.50992, 20.4829762890254
66.53041, 20.47502531717804
66.5509, 20.467058416356128
66.57139, 20.459075635864565
66.59188, 20.45107702545596
66.61237, 20.443062635329518
66.63286, 20.435032516133173
66.65335, 20.426986718966056
66.67384, 20.418925295377612
66.69433, 20.41084829736946
66.71482, 20.4027557773977
66.73531, 20.3946477883697
66.75579, 20.38652835197295
66.77629, 20.378385617063707
66.79677, 20.370235526147056
66.81726, 20.36206620654351
66.83776, 20.353877691159617
66.85824, 20.345682029942395
66.87873, 20.33746728472084
66.89922, 20.329237510174487
66.91971, 20.320992763348496
66.9402, 20.312733101754404
66.96069, 20.30445858337089
66.98118, 20.29616926664075
67.00167, 20.287865210479403
67.02216, 20.279546474267953
67.04265, 20.271213117859844
67.06314, 20.262865201581
67.08363, 20.254502786227217
67.10411, 20.246130024846337
67.12461, 20.2377347038592
67.1451, 20.229329160812796
67.16558, 20.22091347932005
67.18608, 20.212475384495924
67.20656, 20.20403140453284
67.22705, 20.195569244781282
67.24754, 20.187093089454805
67.26803, 20.178603003654587
67.28852, 20.170099052966492
67.30901, 20.161581303459187
67.3295, 20.153049821690093
67.34999, 20.144504674700894
67.37048, 20.13594593002315
67.39097, 20.127373655676944
67.41146, 20.118787920172498
67.43195, 20.11018879251268
67.45243, 20.1015805486751
67.47293, 20.092950639197163
67.49342, 20.08431175401286
67.5139, 20.07566398335025
67.5344, 20.066994721487788
67.55488, 20.05832095598763
67.57537, 20.049630063084365
67.59586, 20.04092634783245
67.61635, 20.03220988370574
67.63684, 20.02348074468217
67.65733, 20.01473900524234
67.67782, 20.005984740373048
67.69831, 19.997218025566255
67.7188, 19.98843893682069
67.73929, 19.979647550644145
67.75978, 19.970843944052433
67.78027, 19.96202819457328
67.80075, 19.953204691527585
67.82125, 19.944360579619094
67.84174, 19.935508871760184
67.86222, 19.926649664907355
67.88272, 19.917770053182107
67.9032, 19.908887443215967
67.92369, 19.89998891302826
67.94419, 19.89107452736552
67.96467, 19.882157422222413
67.98516, 19.87322462646889
68.00565, 19.86428057459515
68.02614, 19.85532535034323
68.04663, 19.846359037976345
68.06712, 19.837381722286796
68.08761, 19.82839348859239
68.1081, 19.81939442274118
68.12859, 19.810384611110315
68.14907, 19.80136854557024
68.16957, 19.79233309867258
68.19006, 19.78329157327932
68.21054, 19.774244073180498
68.23104, 19.765177426679408
68.25152, 19.756109414313418
68.27201, 19.747026850436022
68.29251, 19.73792981094282
68.31299, 19.728831707070963
68.33348, 19.7197193105157
68.35397, 19.71059715356874
68.37446, 19.701465329052425
68.39495, 19.692323930335533
68.41544, 19.68317305132796
68.43593, 19.67401278649055
68.45642, 19.664843230830733
68.47691, 19.655664479904342
68.49739, 19.646481116088307
68.51789, 19.63727977723418
68.53838, 19.628074019358806
68.55886, 19.61886395319518
68.57936, 19.60963617935684
68.59984, 19.600408802065186
68.62033, 19.591168410368503
68.64083, 19.581915091869302
68.66131, 19.57266249467028
68.6818, 19.56339717233243
68.70229, 19.554123742379957
68.72278, 19.54484230704937
68.74327, 19.5355529691437
68.76376, 19.52625583202774
68.78425, 19.51695099963707
68.80474, 19.50763857647147
68.82523, 19.498318667601566
68.84571, 19.488995932568926
68.86621, 19.479656815883356
68.8867, 19.47031508603068
68.90718, 19.46097086078293
68.92768, 19.451610555126827
68.94816, 19.442252541512683
68.96865, 19.432883225980817
68.98915, 19.423502708415107
69.00963, 19.414124831442777
69.03012, 19.404735973505225
69.05061, 19.395340823469493
69.0711, 19.385939493324038
69.09159, 19.376532095643
69.11208, 19.367118743585188
69.13257, 19.3576995508973
69.15306, 19.348274631908907
69.17355, 19.338844101547085
69.19403, 19.32941268182963
69.21453, 19.31996666933662
69.23502, 19.31052000028993
69.2555, 19.30107279959756
69.276, 19.291611342763407
69.29648, 19.28215420957006
69.31697, 19.27268766943948
69.33747, 19.263211835122256
69.35795, 19.253740697329658
69.37844, 19.244260506503654
69.39893, 19.234776007604644
69.41942, 19.225287322712905
69.43991, 19.215794574516917
69.4604, 19.206297886310907
69.48089, 19.196797381993317
69.50138, 19.18729318607262
69.52187, 19.177785423666585
69.54236, 19.168274220503214
69.56285, 19.15875970292306
69.58334, 19.149241997876675
69.60382, 19.13972588019989
69.62432, 19.130197536273034
69.6448, 19.120675686697812
69.66529, 19.11114651489222
69.68579, 19.101610147069508
69.70627, 19.09208067134654
69.72676, 19.082544261538736
69.74725, 19.073005702030866
69.76774, 19.063465125348625
69.78823, 19.05392266463696
69.80872, 19.044378453672287
69.82921, 19.03483262685414
69.8497, 19.025285319214714
69.87019, 19.01573666641233
69.89068, 19.006186804739976
69.91117, 18.996635871119892
69.93166, 18.987084003109004
69.95214, 18.977536001181925
69.97264, 18.96797801731889
69.99312, 18.95842884062106
70.01361, 18.948874623481668
70.03411, 18.93931550619436
70.05459, 18.929765619200513
70.07508, 18.920211115468753
70.09557, 18.91065680068542
70.11606, 18.901102818165306
70.13655, 18.89154931186728
70.15704, 18.881996426398413
70.17753, 18.872444307011783
70.19802, 18.8628930996124
70.21851, 18.85334295075492
70.239, 18.843794007645158
70.25949, 18.8342464181431
70.27998, 18.824700330764337
70.30046, 18.815160552344018
70.32096, 18.80561325970778
70.34144, 18.796077232103876
70.36193, 18.7865386504229
70.38243, 18.776997669657064
70.40291, 18.76746840295973
70.4234, 18.75793704277478
70.44389, 18.748408396456085
70.46438, 18.738882618465382
70.48487, 18.72935986392652
70.50536, 18.719840288634202
70.52585, 18.71032404905246
70.54634, 18.70081130231442
70.56683, 18.691302206224023
70.58732, 18.68179691926483
70.60781, 18.67229560058585
70.6283, 18.662798410016666
70.64878, 18.65331013993434
70.66928, 18.643817055908496
70.68977, 18.63433321541575
70.71025, 18.624858774128597
70.73075, 18.615380020269455
70.75123, 18.605915612771142
70.77172, 18.596451848571558
70.79221, 18.58699351549997
70.8127, 18.577540779521712
70.83319, 18.568093807288236
70.85368, 18.558652766141513
70.87417, 18.549217824114173
70.89466, 18.539789149932894
70.91515, 18.53036691301373
70.93564, 18.52095128346821
70.95613, 18.511542432105202
70.97662, 18.502140530429514
70.9971, 18.492750333934893
71.0176, 18.483358265650068
71.03809, 18.47397824905231
71.05857, 18.46461044738475
71.07907, 18.455241318968994
71.09955, 18.445889320631274
71.12004, 18.436540923677335
71.14053, 18.42720087360444
71.16102, 18.417869348246704
71.18151, 18.408546526147923
71.202, 18.399232586562494
71.22249, 18.38992770945795
71.24298, 18.380632075513383
71.26347, 18.3713458661251
71.28396, 18.362069263404173
71.30445, 18.352802450179837
71.32494, 18.343545609997935
71.34542, 18.33430343739645
71.36592, 18.325062586551496
71.38641, 18.31583677398707
71.40689, 18.3066261705861
71.42739, 18.297417479348116
71.44787, 18.28822885621473
71.46836, 18.27904702173774
71.48886, 18.269872181910692
71.50934, 18.260717944913008
71.52983, 18.251571083440332
71.55032, 18.242436261731996
71.57081, 18.23331367205931
71.5913, 18.224203507427504
71.61179, 18.21510596157987
71.63228, 18.206021228996036
71.65277, 18.196949504896867
71.67326, 18.187890985240585
71.69374, 18.178850277836272
71.71424, 18.169814346813876
71.73473, 18.160796623677047
71.75521, 18.151797287016908
71.77571, 18.142803364237942
71.79619, 18.133832604756236
71.81668, 18.12487205840567
71.83718, 18.11592194863433
71.85766, 18.106995564917458
71.87815, 18.098080023901936
71.89864, 18.089179892042612
71.91913, 18.080295374287278
71.93962, 18.071426676340987
71.96011, 18.06257400466896
71.9806, 18.053737566496356
72.00109, 18.044917569808035
72.02158, 18.036114223353266
72.04206, 18.02733202068096
72.06256, 18.018558319959205
72.08305, 18.00980618434359
72.10353, 18.00107580019013
72.12403, 17.992354604340917
72.14451, 17.983659826975938
72.165, 17.97497893256321
72.1855, 17.966312162703545
72.20598, 17.957672402611134
72.22647, 17.949047199192716
72.24696, 17.940440992855766
72.26745, 17.931854001602677
72.28794, 17.923286444216913
72.30843, 17.91473854026518
72.32892, 17.90621051009472
72.34941, 17.89770257483528
72.3699, 17.88921495640634
72.39038, 17.880752004762417
72.41088, 17.872301561637595
72.43137, 17.863876233067966
72.45185, 17.855476213234038
72.47235, 17.847089438917237
72.49283, 17.838732501067064
72.51332, 17.830393369607368
72.53382, 17.822072305007175
72.5543, 17.813781697168288
72.57479, 17.805509615074126
72.59528, 17.79726034298381
72.61577, 17.78903411234149
72.63626, 17.780831155393976
72.65675, 17.772651705188185
72.67724, 17.764495995579452
72.69773, 17.756364261228608
72.71822, 17.748256737605526
72.7387, 17.740177599873032
72.7592, 17.732115268462
72.77969, 17.72408179793261
72.80017, 17.71607739033626
72.82067, 17.708090578531348
72.84115, 17.700137186729265
72.86164, 17.692205786784925
72.88214, 17.684296658752736
72.90262, 17.676421600523298
72.92311, 17.6685693006264
72.9436, 17.660743855205173
72.96409, 17.652945509528905
72.98458, 17.645174509690953
73.00507, 17.637431102613927
73.02556, 17.62971553604532
73.04605, 17.622028058565782
73.06654, 17.61436891958399
73.08703, 17.606738369343763
73.10752, 17.59913665891972
73.12801, 17.591564040222952
73.14849, 17.584024440243756
73.16899, 17.57650708983867
73.18947, 17.5690269112655
73.20996, 17.56157318057944
73.23046, 17.554146198154555
73.25094, 17.54675706734458
73.27143, 17.53939519953838
73.29192, 17.532064468843377
73.31241, 17.52476513474849
73.3329, 17.517497457588387
73.35339, 17.510261698547254
73.37388, 17.50305811966388
73.39437, 17.49588698382787
73.41486, 17.488748554782685
73.43535, 17.48164309712882
73.45584, 17.474570876321952
73.47633, 17.467532158677866
73.49681, 17.460530621806203
73.51731, 17.453556302434308
73.53779, 17.44662307771867
73.55828, 17.439721036145514
73.57878, 17.43285049916468
73.59926, 17.426021767071934
73.61975, 17.419225083427143
73.64024, 17.412464064393216
73.66073, 17.40573898407357
73.68122, 17.399050117441096
73.70171, 17.39239774034226
73.7222, 17.385782129498363
73.74269, 17.379203562507097
73.76318, 17.37266231784684
73.78367, 17.366158674870825
73.80416, 17.359692913814595
73.82465, 17.35326531579532
73.84513, 17.346879271572178
73.86563, 17.34052573775526
73.88611, 17.334217395069285
73.9066, 17.327945258809148
73.9271, 17.321709672266714
73.94758, 17.31552001800778
73.96807, 17.30936748723437
73.98856, 17.30325540020945
74.00905, 17.297184046050294
74.02954, 17.291153714768175
74.05003, 17.285164697273856
74.07052, 17.279217285374546
74.09101, 17.27331177178092
74.1115, 17.26744845009908
74.13199, 17.261627614844954
74.15248, 17.255849561433937
74.17297, 17.250114586187173
74.19345, 17.24442575345408
74.21395, 17.238775060022256
74.23444, 17.233171106288204
74.25492, 17.22761412761272
74.27542, 17.222096317318474
74.2959, 17.216628743455754
74.31639, 17.211203666657326
74.33688, 17.205824071231344
74.35737, 17.2004902617179
74.37786, 17.195202543568854
74.39835, 17.189961223165742
74.41884, 17.184766607806893
74.43933, 17.179619005719317
74.45982, 17.174518726053144
74.48031, 17.169466078883968
74.5008, 17.16446137521867
74.52129, 17.15950492699257
74.54177, 17.15459943043164
74.56227, 17.14973804925708
74.58276, 17.144928248279967
74.60324, 17.14017027090827
74.62374, 17.13545750045363
74.64422, 17.13079944990446
74.66471, 17.126189577638787
74.6852, 17.121630489781992
74.70569, 17.117122506703677
74.72618, 17.11266594971287
74.74667, 17.108261141069132
74.76716, 17.1039084039734
74.78765, 17.099608062579584
74.80814, 17.095360441989687
74.82863, 17.091165868255388
74.84912, 17.087024668386015
74.86961, 17.082937170337924
74.89009, 17.07890565830346
74.91059, 17.074924596333304
74.93108, 17.071000181077242
74.95156, 17.067132664012426
74.97206, 17.06331675302325
74.99254, 17.059560227286354
75.01303, 17.055857877911276
75.03353, 17.05221012281416
75.05401, 17.048622595359546
75.0745, 17.04509033637551
75.09499, 17.041615449997064
75.11548, 17.038198275745597
75.13597, 17.034839154115133
75.15646, 17.031538426577598
75.17695, 17.028296435577353
75.19744, 17.025113524535666
75.21793, 17.02199003785393
75.23841, 17.018927801505736
75.25891, 17.015922720081875
75.2794, 17.012979582700297
75.29988, 17.01009864891019
75.32038, 17.00727609259992
75.34086, 17.00451777127318
75.36135, 17.001819950596406
75.38185, 16.99918307368764
75.40233, 16.996611306947763
75.42282, 16.994101191518453
75.44331, 16.99165435370466
75.4638, 16.989271149766346
75.48429, 16.986951936964005
75.50478, 16.984697073551477
75.52527, 16.98250691878584
75.54576, 16.980381832929755
75.56625, 16.97832217724299
75.58673, 16.97632927098306
75.60723, 16.974400606465306
75.62772, 16.972539418931714
75.6482, 16.97074597601231
75.6687, 16.96901806603882
75.68918, 16.96735942762027
75.70967, 16.965767949850044
75.73017, 16.96424410188412
75.75065, 16.962790433885438
75.77114, 16.96140513743425
75.79163, 16.96008931153104
75.81212, 16.95884332959711
75.83261, 16.957667566076633
75.8531, 16.956562396438382
75.87359, 16.95552819717826
75.89408, 16.954565345816995
75.91457, 16.953674220905306
75.93505, 16.952855584093022
75.95555, 16.952108669787446
75.97604, 16.951435005840544
75.99652, 16.950834867963398
76.01702, 16.95030781457545
76.0375, 16.94985525857767
76.05799, 16.94947686855828
76.07849, 16.949173140576928
76.09897, 16.948944852045102
76.11946, 16.94879200234542
76.13995, 16.94871511128923
76.16044, 16.94871456988898
76.18093, 16.94879077020665
76.20142, 16.94894410534836
76.22191, 16.94917496947737
76.2424, 16.94948375780671
76.26289, 16.949870866604844
76.28337, 16.950336446587336
76.30387, 16.95088163595959
76.32436, 16.951506094337233
76.34484, 16.95221010550487
76.36534, 16.952995160992607
76.38582, 16.953860131344744
76.40631, 16.95480662810908
76.42681, 16.95583517510876
76.44729, 16.95694461309902
76.46778, 16.95813691404282
76.48827, 16.959411964211974
76.50876, 16.960770172640895
76.52925, 16.962211949442732
76.54974, 16.963737705797424
76.57023, 16.965347853968698
76.59072, 16.96704280729698
76.61121, 16.968822980201306
76.6317, 16.970688788182784
76.65219, 16.972640647824466
76.67268, 16.974678976796785
76.69316, 16.97680313539619
76.71366, 16.979016718834796
76.73414, 16.98131582858464
76.75463, 16.983704190176464
76.77513, 16.98618235609782
76.79561, 16.988747058922726
76.8161, 16.991402415583472
76.83659, 16.994147621935653
76.85708, 16.996983105476104
76.87757, 16.99990929479975
76.89806, 17.002926619605297
76.91855, 17.00603551069232
76.93904, 17.00923639996337
76.95953, 17.012529720431047
76.98002, 17.015915906213113
77.00051, 17.019395392534538
77.021, 17.022968615734015
77.04148, 17.02663420036886
77.06198, 17.03039802366958
77.08246, 17.034253180978062
77.10295, 17.038205690601103
77.12345, 17.04225613458916
77.14393, 17.04639895804583
77.16442, 17.050640603050827
77.18491, 17.054979515568405
77.2054, 17.05941614200186
77.22589, 17.06395092987241
77.24638, 17.06858432783487
77.26687, 17.073316785670734
77.28736, 17.078148754291362
77.30785, 17.083080685740732
77.32834, 17.088113033197487
77.34883, 17.09324625097371
77.36932, 17.09848079451882
77.3898, 17.103814491164997
77.4103, 17.10925568640603
77.43078, 17.1147942218459
77.45127, 17.120438595290562
77.47177, 17.126189419271398
77.49225, 17.132038664168615
77.51274, 17.137995285351646
77.53323, 17.144056916780563
77.55372, 17.150224024200607
77.57421, 17.156497074516373
77.5947, 17.1628765357829
77.61519, 17.16936287720756
77.63568, 17.175956569159723
77.65617, 17.18265808316363
77.67666, 17.189467891907483
77.69715, 17.19638646923756
77.71764, 17.203414290162655
77.73812, 17.21054832059693
77.75862, 17.21779956867478
77.77911, 17.22515798211057
77.79959, 17.232623878190978
77.82009, 17.240208755741527
77.84057, 17.247898296713455
77.86106, 17.255704166080765
77.88155, 17.263623120955458
77.90204, 17.271655646889474
77.92253, 17.27980223060902
77.94302, 17.288063360023855
77.96351, 17.296439524225036
77.984, 17.304931213486388
78.00449, 17.313538919268296
78.02498, 17.322263134218584
78.04547, 17.331104352169504
78.06596, 17.340063068148673
78.08644, 17.34913531968541
78.10694, 17.358334980244287
78.12743, 17.36764917237679
78.14791, 17.377078221300373
78.16841, 17.386636527814513
78.18889, 17.396305943437305
78.20938, 17.406101047418577
78.22987, 17.41601765240871
78.25036, 17.426056264213795
78.27085, 17.436217389844806
78.29134, 17.44650153752084
78.31183, 17.45690921666798
78.33232, 17.46744093792703
78.35281, 17.478097213148367
78.3733, 17.48887855539372
78.39379, 17.49978547894645
78.41428, 17.510818499302907
78.43476, 17.521972655828165
78.45526, 17.533264898501553
78.47575, 17.54467931443966
78.49623, 17.55621623674541
78.51673, 17.567893180897627
78.53721, 17.579687885106402
78.5577, 17.591618056111336
78.5782, 17.603684409540755
78.59868, 17.61586971821818
78.61917, 17.628192263595917
78.63966, 17.640646656765576
78.66015, 17.65323342794957
78.68064, 17.665953108613806
78.70113, 17.678806231457802
78.72162, 17.691793330429718
78.74211, 17.70491494071432
78.7626, 17.71817159874102
78.78308, 17.73155727304065
78.80358, 17.745092209979912
78.82407, 17.758757242288564
78.84455, 17.772552710903966
78.86505, 17.786499467412362
78.88553, 17.800570842210576
78.90602, 17.814787891474285
78.92652, 17.82915136532553
78.947, 17.8436406894444
78.96749, 17.85827753481427
78.98798, 17.873055410985742
79.00847, 17.887974869445713
79.02896, 17.90303646295128
79.04945, 17.91824074551933
79.06994, 17.933588272441316
79.09043, 17.94907960027714
79.11092, 17.96471528685732
79.1314, 17.980488154237513
79.1519, 17.996421973946482
79.17239, 18.012494096492386
79.19287, 18.0287048705786
79.21337, 18.045078714267817
79.23385, 18.061584243725445
79.25434, 18.078246095465875
79.27484, 18.09506505509963
79.29532, 18.11201696960532
79.31581, 18.12912713199571
79.3363, 18.146387873409534
79.35679, 18.163799767067182
79.37728, 18.18136338748282
79.39777, 18.199079310465535
79.41826, 18.21694811312048
79.43875, 18.23497037385191
79.45924, 18.25314667236144
79.47972, 18.271468605572363
79.50022, 18.28996370803638
79.52071, 18.308605611122672
79.54119, 18.32739467123218
79.56169, 18.346359112388114
79.58217, 18.365462517952896
79.60266, 18.38473334480476
79.62316, 18.404172415062412
79.64364, 18.423751756294486
79.66413, 18.443500525195287
79.68462, 18.463409794571067
79.70511, 18.483480159853162
79.7256, 18.503712217787264
79.74609, 18.52410656644628
79.76658, 18.54466380522765
79.78707, 18.565384534851365
79.80756, 18.586269357369925
79.82804, 18.607308562823683
79.84854, 18.628533695938316
79.86903, 18.649914422745486
79.88951, 18.671451107265028
79.91001, 18.693176028291827
79.93049, 18.715047405386485
79.95098, 18.737097765152658
79.97148, 18.759327967245362
79.99196, 18.781705969754256
