10.0001, 34.18886435721032
10.02059, 41.159159021188856
10.04107, 25.12946412054708
10.06156, 33.09975095976118
10.08205, 40.070034339886114
10.10254, 38.040314562514986
10.12303, 25.010591928276497
10.14352, 31.980866736836386
10.16401, 47.951139286898865
10.1845, 75.92140987620806
10.20499, 76.89167880154946
10.22548, 80.86194635875137
10.24597, 152.83221284268635
10.26646, 210.80247854727264
10.28695, 281.7727437654756
10.30744, 441.74300878930916
10.32793, 608.7132739098373
10.34842, 588.6835394171754
10.36891, 386.65380560049186
10.3894, 169.62407274800913
10.40988, 74.59435565695196
10.43037, 63.56462559294296
10.45086, 59.534897352003796
10.47135, 41.505171218589155
10.49184, 42.47544747621516
10.51233, 30.44572640746088
10.53282, 37.416008293969725
10.55331, 36.38629341645085
10.5738, 29.35658205468063
10.59429, 18.32687448750404
10.61478, 45.29717099283613
10.63527, 27.2674718476634
10.65576, 23.237777328045258
10.67625, 23.20808770911543
10.69674, 19.17840326508337
10.71723, 22.148724269235718
10.73772, 16.119050993937687
10.7582, 26.089398188037393
10.77869, 24.059737164133427
10.79918, 23.030082672229028
10.81967, 27.00043498101836
10.84016, 22.970794358281267
10.86065, 28.941161070884654
10.88114, 26.911535384783942
10.90163, 26.88191756502446
10.92212, 31.852307875742845
10.94261, 25.82270658016846
10.9631, 26.793113940624846
10.98359, 25.763530218531052
11.00408, 24.73395567440312
11.02457, 27.704390567855427
11.04506, 27.674835157602146
11.06555, 37.645289701458616
11.08604, 17.615754456342774
11.10652, 19.586244085041784
11.12701, 21.556730023857448
11.1475, 18.527226938960233
11.16799, 21.49773508369286
11.18848, 30.46825471050762
11.20897, 20.43878607096783
11.22946, 18.409329415749156
11.24995, 25.37988499464107
11.27044, 20.350453056548233
11.29093, 24.32103384949186
11.31142, 25.291627620611152
11.33191, 33.262234616164676
11.3524, 19.232855081531742
11.37289, 18.203489261213818
11.39338, 25.174137398835917
11.41387, 21.144799737147974
11.43436, 33.11547651802624
11.45484, 27.086182282678337
11.47533, 22.056888663488177
11.49582, 19.027610207148218
11.51631, 20.99834715205429
11.5368, 16.96909973573546
11.55729, 32.93986819485544
11.57778, 13.91065276521395
11.59827, 22.881453681748102
11.61876, 29.85227117853379
11.63925, 10.823105488787075
11.65974, 27.79395684486554
11.68023, 15.764825478269675
11.70072, 19.73571161964429
11.72121, 40.70661549877985
11.7417, 21.677537344613825
11.76219, 19.64847738523217
11.78268, 24.619435847870587
11.80316, 23.590427118747137
11.82365, 18.561423094472673
11.84414, 20.532438168728426
11.86463, 16.503472565363396
11.88512, 20.47452650738322
11.90561, 26.445600216951554
11.9261, 16.41669391539144
11.94659, 9.387807823186648
11.96708, 27.358942159983076
11.98757, 20.330097144590074
12.00806, 18.301272994981858
12.02855, 18.27246992829881
12.04904, 10.243688160848901
12.06953, 2.2149279081090043
12.09002, 12.186189384726294
12.11051, 17.15747280451957
12.131, 24.12877838048064
12.15148, 28.10012031248017
12.17197, 30.071470825379745
12.19246, 19.04284412837154
12.21295, 22.014240431153315
12.23344, 30.985659942602595
12.25393, 23.957102870778037
12.27442, 41.92856942292079
12.29491, 31.900059805455808
12.3154, 41.871574223993235
12.33589, 21.843112883329738
12.35638, 48.81467598744987
12.37687, 31.786263739527385
12.39736, 35.75787634192661
12.41785, 37.72951399620381
12.43834, 30.701176903108475
12.45883, 50.6728652625847
12.47932, 47.644579273772536
12.4998, 66.61633292083371
12.52029, 97.58809881689498
12.54078, 76.55989095718124
12.56127, 158.5317095376301
12.58176, 240.5035547533818
12.60225, 354.4754267987806
12.62274, 554.447325867376
12.64323, 831.4192521519241
12.66372, 1178.391205844389
12.68421, 1263.3631871359448
12.7047, 908.3351962169749
12.72519, 477.3072332770757
12.74568, 203.27929850505657
12.76617, 120.25139208894163
12.78666, 59.22351421597086
12.80715, 48.19566507260159
12.82764, 43.167844844509766
12.84813, 35.14005371659128
12.86861, 44.11230541476294
12.8891, 50.08457302433915
12.90959, 27.056870284020388
12.93008, 25.029197375595956
12.95057, 26.001554480081722
12.97106, 33.97394177772144
12.99155, 36.94635944798806
13.01204, 23.918807669585043
13.03253, 23.89128662044772
13.05302, 28.86379647774456
13.07351, 33.836337417878504
13.094, 18.808909616488286
13.11449, 18.781513248449734
13.13498, 17.75414848787709
13.15547, 20.726815508124336
13.17596, 24.699514481786473
13.19645, 22.672245580700867
13.21694, 17.645008975948542
13.23742, 19.617818106696923
13.25791, 18.590646588866246
13.2784, 30.563507876004707
13.29889, 19.536402136181415
13.31938, 26.509329536715633
13.33987, 23.48229024417816
13.36036, 17.45528442439255
13.38085, 18.42831224243649
13.40134, 26.401373862643048
13.42183, 14.374469448602014
13.44232, 29.347599163161156
13.46281, 16.32076316842757
13.4833, 30.293961625768908
13.50379, 27.26719469581475
13.52428, 17.240462538457873
13.54477, 39.2137653128555
13.56526, 22.187103177430664
13.58574, 18.16048927631557
13.60623, 24.133897776267204
13.62672, 9.10734183719698
13.64721, 23.080821614604297
13.6677, 15.054337263260805
13.68819, 9.027888937211674
13.70868, 25.001476789776895
13.72917, 23.97510097355253
13.74966, 26.948761640412034
13.77015, 16.92245894150755
13.79064, 17.89619302727114
13.81113, 15.869964047416111
13.83162, 34.843772150938314
13.85211, 11.817617486117335
13.8726, 10.791500200517909
13.89309, 19.76542044099107
13.91358, 19.739378353675512
13.93407, 16.713374083998843
13.95455, 17.68742044006949
13.97504, 10.661492220482902
13.99553, 18.63560225049449
14.01602, 8.609750672700613
14.03651, 16.5839376289929
14.057, 16.558163260559564
14.07749, 20.532427707886622
14.09798, 19.50673111075922
14.11847, 16.481073608262825
14.13896, 18.455455338784578
14.15945, 6.4298764400145245
14.17994, 17.404337048946868
14.20043, 15.378837301881248
14.22092, 13.353377334424007
14.24141, 26.327957281489454
14.2619, 15.302577277301111
14.28239, 17.277237455393035
14.30287, 17.251950286002355
14.32336, 9.226691206732966
14.34385, 17.20147270615744
14.36434, 11.176294915064702
14.38483, 16.151157963560443
14.40532, 1.1260619810684247
14.42581, 17.10100709633167
14.4463, 13.075993437413786
14.46679, 21.051021131700168
14.48728, 29.02609030589926
14.50777, 24.001201086043842
14.52826, 29.976353597492242
14.54875, 28.951547964929595
14.56924, 43.926784312369094
14.58973, 57.90206276315326
14.61022, 98.87738343995514
14.63071, 107.85274646477961
14.65119, 125.8281639517617
14.67168, 138.8036120151643
14.69217, 107.77910278854895
14.71266, 90.75463639126048
14.73315, 35.73021294198178
14.75364, 22.705832558734958
14.77413, 16.681495358882646
14.79462, 15.657201459129212
14.81511, 11.632950975521993
14.8356, 15.608744023452584
14.85609, 20.584580717657957
14.87658, 30.56046117222183
14.89707, 20.536385500575832
14.91756, 9.512353815500742
14.93805, 16.488366229127713
14.95854, 12.464422852939563
14.97903, 19.440523797771895
14.99951, 5.416680805040748
15.02, 14.392870700074152
15.04049, 13.369105244711378
15.06098, 22.345384547212088
15.08147, 11.321708715194923
15.10196, 2.298077855638727
15.12245, 1.7255079251162009
15.14294, 10.250951478633116
15.16343, 13.227456171953499
15.18392, 9.20400625927693
15.20441, 11.180601844401707
15.2249, 18.157243030493646
15.24539, 10.133929920087361
15.26588, 7.110662615087442
15.28637, 13.087441216769705
15.30686, 9.064265825782371
15.32735, 15.041136542147278
15.34783, 12.018064719508008
15.36832, 0.9950279255205281
15.38881, 1.972037535157071
15.4093, 13.949093645946473
15.42979, 14.926196354797273
15.45028, 4.90334575799892
15.47077, 8.880541951222973
15.49126, 6.857785029524312
15.51175, 9.835075087342368
15.53224, 2.8124122185022955
15.55273, 1.2102034837838076
15.57322, 9.767228073084326
15.59371, 13.744706981096279
15.6142, 16.722233331632225
15.63469, 11.699807215464045
15.65518, 6.322571277243341
15.67567, 14.655097943069059
15.69615, 16.632825828732344
15.71664, 9.61059071795004
15.73713, 20.588403585198854
15.75762, 5.566264517626713
15.77811, 8.544173601781694
15.7986, 14.522130923613172
15.81909, 2.5001365684731276
15.83958, 8.47819062111715
15.86007, 4.456293165705858
15.88056, 18.434444285805917
15.90105, 19.412644064391266
15.92154, 10.390892583844376
15.94203, 13.369189925957365
15.96252, 11.347536171933186
15.98301, 20.325931402386882
16.0035, 21.3043756973467
16.02399, 5.282869136255293
16.04447, 17.26142225805524
16.06497, 4.240003760768623
16.08545, 22.218655514227862
16.10594, 18.197346287532547
16.12643, 6.1760865932196936
16.14692, 15.154876507243529
16.16741, 14.133716104980998
16.1879, 20.112605461232874
16.20839, 11.091544650224925
16.22888, 20.07053374560921
16.24937, 25.04957282046508
16.26986, 35.02866194730049
16.29035, 21.00780119805311
16.31084, 45.986990644091506
16.33133, 70.96623035621629
16.35182, 85.94552040466132
16.37231, 146.9248608590949
16.39279, 195.90426183441025
16.41329, 211.88369326177985
16.43377, 94.86319534293838
16.45426, 92.84273808198792
16.47475, 31.822331566891812
16.49524, 23.80197586394952
16.51573, 18.781671038903067
16.53622, 10.761417156938208
16.55671, 7.741214282685608
16.5772, 0.7210624802219243
16.59769, 17.700961813071032
16.61818, 3.68091234420519
16.63867, 17.66091413604616
16.65916, 5.640967250466364
16.67965, 6.621071748790037
16.70014, 6.601227691794449
16.72063, 7.581435139710958
16.74111, 12.56170377408958
16.76161, 18.542004788483332
16.78209, 0.522376678499981
16.80258, 25.502790712235978
16.82307, 2.483256543865288
16.84356, 11.463774230368514
16.86405, 6.444343828188487
16.88454, 15.424965393231265
16.90503, 14.405638980867476
16.92552, 0.38636464593329123
16.94601, 4.367142442731662
16.9665, 9.347972425033475
16.98699, 4.328854646078632
17.00748, 9.309789158577193
17.02797, 10.290776014710602
17.04846, 1.2718152661326911
17.06895, 9.252906963970947
17.08944, 13.234051158827562
17.10993, 7.215247900780625
17.13041, 15.196506377676805
17.1509, 15.177808336260892
17.17139, 4.159162989018654
17.19188, 10.140570383943256
17.21237, 8.12203056850938
17.23286, 4.103543589674377
17.25335, 0.9148905061206065
17.27384, 8.06672832705053
17.29433, 8.048400134599902
17.31482, 18.030124961426807
17.33531, 12.011902851918869
17.3558, 13.993733849953134
17.37629, 12.975617998897182
17.39678, 6.957555341610281
17.41727, 8.939545920444537
17.43776, 15.921589777245906
17.45825, 14.903686953355447
17.47873, 14.885846187893982
17.49922, 8.868050098557198
17.51971, 19.850307449513792
17.5402, 18.832618280096376
17.56069, 12.8149826291382
17.58118, 7.797400534974276
17.60167, 20.77987203544244
17.62216, 7.762397167884501
17.64265, 13.744975969147372
17.66314, 14.727608475584155
17.68363, 17.71029472305524
17.70412, 18.693034746929435
17.72461, 26.675828582085096
17.7451, 24.658676262911147
17.76559, 17.641577823308296
17.78608, 27.6245332966901
17.80657, 26.607542715984014
17.82705, 12.590614366251259
17.84754, 51.57373174784608
17.86803, 57.55690317121497
17.88852, 84.5401286673524
17.90901, 148.52340826677238
17.9295, 209.50674199950947
17.94999, 345.4901298951198
17.97048, 485.47357198268236
17.99097, 435.45706829079995
18.01146, 308.44061884760026
18.03195, 237.42422368073713
18.05244, 132.4078828173914
18.07293, 46.391596284272204
18.09342, 44.37536410761801
18.11391, 28.35918631319766
18.1344, 22.34306292631149
18.15489, 20.32699397179244
18.17538, 11.310979474007134
18.19586, 16.29502723273895
18.21635, 12.279121693055114
18.23684, 33.263270680406634
18.25733, 11.247474217305978
18.27782, 5.231732325804575
18.29831, 20.216045027494147
18.3188, 16.20041234350768
18.33929, 12.184834294520435
18.35978, 15.169310900751164
18.38027, 12.153842181963114
18.40076, 28.138428157465107
18.42125, 4.876931153887366
18.44174, 13.107764266308916
18.46223, 0.9074855639939869
18.48272, 12.077319372705858
18.50321, 0.9378209065386329
18.5237, 8.047093614877436
18.54418, 1.032070275348115
18.56467, 13.017094419349306
18.58516, 8.002173411141467
18.60565, 13.987307265548647
18.62614, 10.972495996952219
18.64663, 15.957739619292035
18.66712, 3.9430381460674795
18.68761, 6.928391590338482
18.7081, 2.9137999647266746
18.72859, 2.8992632814163635
18.74908, 7.884781552155687
18.76957, 21.87035478825751
18.79006, 7.8559830006007125
18.81055, 8.8416661996311
18.83104, 8.82740439536245
18.85153, 9.81319759737768
18.87202, 11.799045814829814
18.8925, 10.784955922844699
18.91299, 4.770914170055363
18.93348, 5.756927457589622
18.95397, 3.7429957928918043
18.97446, 9.729119182981659
18.99495, 2.2847023655446392
19.01544, 4.701531153486581
19.03593, 6.687819745827593
19.05642, 8.674163416810288
19.07691, 6.660562171347149
19.0974, 4.647016013932415
19.11789, 10.633524948643043
19.13838, 2.3799110208601633
19.15887, 11.60670810866836
19.17936, 1.5933823400601668
19.19985, 11.58011167573359
19.22034, 2.5668961176950766
19.24082, 5.553742076963726
19.26131, 6.540636708981708
19.2818, 7.527586450844815
19.30229, 14.51459130292189
19.32278, 2.5016512651749494
19.34327, 17.48876633716023
19.36376, 14.47593651802914
19.38425, 30.463161806529435
19.40474, 37.4504422010061
19.42523, 30.43777769940251
19.44572, 43.42516829926134
19.46621, 28.412613997725728
19.4867, 20.40011479154022
19.50719, 21.387670677051794
19.52768, 7.3752816502109475
19.54817, 10.362947706572655
19.56866, 9.350668841297434
19.58914, 8.661548998543637
19.60964, 9.326276324512179
19.63012, 2.3141685599193487
19.65061, 5.302109924980709
19.6711, 2.70989366166992
19.69159, 2.278157792782899
19.71208, 4.26626428076732
19.73257, 4.254425794325172
19.75306, 3.2426423251130068
19.77355, 0.23091386440318118
19.79404, 9.219240403084765
19.81453, 2.2076219316646153
19.83502, 0.19605844026839847
19.85551, 10.18454991864158
19.876, 0.8269036438495476
19.89649, 0.16169774178312224
19.91698, 3.150354064150555
19.93746, 1.1390708074893254
19.95796, 5.127831471653817
19.97844, 3.1166579745492164
19.99893, 3.10553389567324
20.01942, 0.905535309028668
20.03991, 4.083450346812825
20.0604, 3.927509150802969
20.08089, 7.061586183754066
20.10138, 0.050736335745973804
20.12187, 11.039941290067716
20.14236, 15.029201031248121
20.16285, 2.018515543450924
20.18334, 4.007884810475783
20.20383, 4.997308815759244
20.22432, 0.013212457624277363
20.24481, 10.976320973038515
20.2653, 1.9659090901008156
20.28578, 13.955556916991462
20.30628, 9.94524931104219
20.32676, 2.9350063659459167
20.34725, 10.924813018322332
20.36774, 9.91467426350686
20.38823, 4.904590081713007
20.40872, 1.8945604528011017
20.42921, 3.884585356279306
20.4497, 6.8746647713045235
20.47019, 3.8647986766835842
20.49068, 15.854987050873905
20.51117, 7.845229871984767
20.53166, 5.83552711777816
20.55215, 16.82587876566978
20.57264, 3.8162847927300803
20.59313, 15.806745175685112
20.61362, 1.7972598909176476
20.63411, 10.78782891446805
20.6546, 1.778452222035341
20.67508, 3.2308656745041056
20.69558, 3.759861590315584
20.71606, 11.750652084333478
20.73655, 4.258507748272606
20.75704, 0.2676134234406149
20.77753, 4.723335032500863
20.79802, 20.71433759288859
20.81851, 2.7053942307257444
20.839, 11.696504918682894
20.85949, 4.687669629098995
20.87998, 7.678888333982208
20.90047, 3.670161005011078
20.92096, 14.661487613535371
20.94145, 6.652868130577005
20.96194, 15.644302526831119
20.98243, 8.63579077266699
21.00292, 9.627332838128993
21.0234, 8.618932781406905
21.0439, 1.6105783064900017
21.06438, 14.602285683888429
21.08487, 7.405957304364435
21.10536, 3.585853372406241
21.12585, 6.577717682315708
21.14634, 8.569635593161053
21.16683, 6.5616070724221025
21.18732, 15.553632087262432
21.20781, 15.545710604530267
21.2283, 6.537842590759446
21.24879, 4.469971987829595
21.26928, 4.5222668346711
21.28977, 5.514559023857952
21.31026, 5.5069045450168055
21.33075, 17.499303363123868
21.35124, 11.491755442846674
21.37172, 2.484264393301647
21.39222, 4.523180755728035
21.4127, 4.46943448664852
21.43319, 3.4620992274545657
21.45368, 3.454817048634915
21.47417, 0.5524120869750071
21.49466, 1.559588216841913
21.51515, 7.433288621266399
21.53564, 2.4262183892819102
21.55613, 10.419201048837362
21.57662, 11.412236561267111
21.59711, 3.4053248876081454
21.6176, 7.398465988600993
21.63809, 0.6083401753093334
21.65858, 4.384906356027578
21.67907, 13.378205542468471
21.69956, 2.6284426564226457
21.72005, 0.3649617186264855
21.74054, 15.358418626597182
21.76102, 1.3519311810765196
21.78151, 2.6545069949121043
21.802, 12.339107237249497
21.82249, 8.332773835388583
21.84298, 3.3264927570461644
21.86347, 10.320263959478083
21.88396, 8.314087399655556
21.90445, 23.30796303426653
21.92494, 22.301890819716395
21.94543, 6.295870712128707
21.96592, 13.289902667346574
21.98641, 37.28398664093318
22.0069, 52.27812258817282
22.02739, 62.27231046407191
22.04788, 138.2665502233598
22.06837, 126.26084182048963
22.08886, 122.25518520963948
22.10934, 101.24958306751438
22.12983, 64.24402987692167
22.15032, 35.23852833926364
22.17081, 14.233078407626696
22.1913, 23.22768003482663
22.21179, 17.222333173409385
22.23228, 11.217037775652177
22.25277, 5.788206206435831
22.27326, 0.20660117888763807
22.29375, 5.201459883098618
22.31424, 2.8036301425920236
22.33473, 5.19133105276228
22.35522, 4.186343419844643
22.37571, 13.18140690907563
22.3962, 2.176521470614283
22.41669, 15.171687054358909
22.43718, 0.8330963900520771
22.45766, 13.162173384023884
22.47815, 2.157491706367839
22.49864, 10.152860847946709
22.51913, 10.851719242631216
22.53962, 5.14375138298697
22.56011, 11.13927267289976
22.5806, 10.134844574952176
22.60109, 9.869532963263559
22.62158, 15.126140005593086
22.64207, 9.121863428611736
22.66256, 9.117637252632012
22.68305, 2.1134614242444734
22.70354, 1.8906641102086361
22.72403, 6.105260595367682
22.74452, 5.101235486821956
22.76501, 11.097260509757053
22.7855, 5.093335609531309
22.80598, 7.089462610174596
22.82647, 9.085637674355063
22.84696, 1.0818626500171717
22.86745, 3.0781374815493905
22.88794, 1.9255378869001483
22.90843, 7.929163511422697
22.92892, 2.0672605516519944
22.94941, 2.0637342457564216
22.9699, 9.060257514086366
22.99039, 5.943169700398293
23.01088, 6.053452545027266
23.03137, 4.949875807146352
23.05186, 11.046845185338256
23.07235, 4.956384535493928
23.09284, 0.959565027849564
23.11333, 5.037303649834012
23.13382, 8.034221438889766
23.15431, 2.9688117195785004
23.17479, 11.971794440234031
23.19528, 1.0252703047827758
23.21577, 2.022383924251489
23.23626, 5.0195463583689275
23.25675, 12.01675754710734
23.27724, 23.014017430215237
23.29773, 3.011325947218115
23.31822, 12.008683037419424
23.33871, 1.9939113600984548
23.3592, 4.0035426935263345
23.37969, 22.001045136936252
23.40018, 14.998595908555231
23.42067, 1.0038050534107867
23.44116, 2.99384218902739
23.46165, 8.991537573642816
23.48214, 1.9892810379933579
23.50263, 5.987072519422469
23.52311, 2.01508700217758
23.5436, 1.982800301228437
23.56409, 9.980735432496715
23.58458, 4.021281671878157
23.60507, 5.976748924388346
23.62556, 3.025172842628592
23.64605, 0.972952962937768
23.66654, 1.0288737232533833
23.68703, 0.03065296574958154
23.70752, 4.967615170695609
23.72801, 5.9659306211236895
23.7485, 3.9642933203717945
23.76899, 8.962703203073858
23.78948, 5.961160203661066
23.80997, 12.040335743637023
23.83046, 7.958215295208291
23.85095, 6.043186745974367
23.87143, 0.9554587164173114
23.89192, 16.9541502930508
23.91241, 2.9528885899829334
23.9329, 5.951673540250624
23.95339, 7.049494923305218
23.97388, 11.94938313196149
23.99437, 11.948307638502406
24.01486, 0.05272147142414951
24.03535, 9.946295734247656
24.05584, 2.94535918739178
24.07633, 11.944468819691409
24.09682, 7.943624562639471
24.11731, 10.942826347539821
24.1378, 1.0579258944923282
24.15829, 6.941367767470709
24.17878, 12.940707264169859
24.19927, 14.940092526159951
24.21975, 10.939523750393882
24.24025, 2.939000067307589
24.26073, 15.938522428769069
24.28122, 3.938090031599046
24.30171, 21.93770304976765
24.3222, 18.93736141273112
24.34269, 36.937065049765415
24.36318, 40.93681388996704
24.38367, 71.93660786225384
24.40416, 107.93644689536578
24.42465, 128.9363309178659
24.44514, 128.9362598581409
24.46563, 125.93623364440217
24.48612, 72.93625220468641
24.50661, 72.9363154668566
24.5271, 38.93642335860271
24.54759, 26.936575807442416
24.56807, 13.93677263377225
24.58857, 21.93701408561769
24.60905, 1.9372996189067635
24.62954, 8.937629546297316
24.65003, 8.938003665851397
24.67052, 1.0615780959295478
24.69101, 1.0611158127105256
24.7115, 6.939390441677645
24.73199, 4.060059406760956
24.75248, 19.940534567813714
24.77297, 7.941172291078161
24.79346, 10.94185368854636
24.81395, 2.9425786855704175
24.83444, 0.05665279265851808
24.85493, 10.055840821109605
24.87542, 3.945014525088453
24.89591, 4.945913170648595
24.91639, 6.946854569922678
24.93689, 5.947840057917219
24.95737, 2.0511323639804147
24.97786, 5.9499387020438945
24.99835, 8.951052688678729
25.01884, 3.047790480298474
25.03933, 1.9534091187364453
25.05982, 0.04534859074464492
25.08031, 10.955936314578487
25.1008, 5.957263757875239
25.12129, 4.958633662164971
25.14178, 5.960045950317735
25.16227, 1.038499454944855
25.18276, 3.9629973689511075
25.20325, 0.9645363444326165
25.22374, 2.966117393780351
25.24423, 7.9677404391297415
25.26472, 1.0305945975284772
25.28521, 3.971112205652645
25.30569, 8.972859906829257
25.32618, 0.9746501343342686
25.34667, 16.976481966402297
25.36716, 5.978355324312652
25.38765, 7.980270129204669
25.40814, 0.9822263020782955
25.42863, 5.984223763795086
25.44912, 5.986262435078906
25.46961, 32.98834223651666
25.4901, 47.990463088559025
25.51059, 52.99262491152133
25.53108, 70.99482762558412
25.55157, 53.99707115079413
25.57206, 45.9993554070649
25.59255, 53.001680314177584
25.61304, 35.004045791781685
25.63353, 23.006451759395972
25.65401, 7.0088969326290425
25.6745, 8.011383618637371
25.69499, 5.013910552473533
25.71548, 4.016477653140242
25.73597, 0.01908483951326545
25.75646, 1.0217320303417239
25.77695, 5.024419144249286
25.79744, 2.9728539002651786
25.81793, 3.029912815172871
25.83842, 11.03271920881484
25.85891, 1.9644348012106931
25.8794, 7.038450703103113
25.89989, 3.0413756396419735
25.92038, 9.044339926170995
25.94087, 3.0473434803359005
25.96136, 1.0503862196633378
25.98185, 1.946531938438202
26.00233, 11.056587390704284
26.02282, 3.9402528294812527
26.04331, 5.0629458044686935
26.0638, 0.06618320949742085
26.08429, 5.930540697566318
26.10478, 0.07277399999261291
26.12527, 8.076127218776115
26.14576, 4.079518875274054
26.16625, 5.0829488858645675
26.18674, 2.0864171668150213
26.20723, 10.089923634282762
26.22772, 6.093468204315666
26.24821, 5.097050792853011
26.2687, 14.10067131572626
26.28919, 2.104329688659572
26.30968, 3.8919741727292845
26.33017, 1.1117596470716826
26.35066, 7.115531063469618
26.37114, 2.1193381237111453
26.39163, 19.123184460862177
26.41212, 22.12706814024991
26.43261, 18.13098907686853
26.4531, 16.134947185610958
26.47359, 13.138942381269437
26.49408, 47.14297457853614
26.51457, 51.14704369200411
26.53506, 68.15114963616783
26.55555, 138.1552923254238
26.57604, 136.1594716740717
26.59653, 180.1636875963147
26.61702, 201.16794000626012
26.63751, 160.1722288179206
26.658, 105.17655394521432
26.67849, 114.180915301966
26.69898, 88.1853128019075
26.71946, 17.189744186132042
26.73995, 20.194213695746953
26.76044, 23.198719089239486
26.78093, 19.203260279977247
26.80142, 11.207837181238606
26.82191, 13.212449706213164
26.8424, 14.217097768002755
26.86289, 10.221781279621936
26.88338, 5.773499846001311
26.90387, 4.231254303975355
26.92436, 16.23604364230903
26.94485, 0.7591319183276042
26.96534, 1.7542724653454727
26.98583, 0.749378086238611
27.00632, 11.255551131416595
27.02681, 11.260515099962227
27.0473, 2.2655137316593397
27.06778, 2.2705444738488367
27.08827, 6.275612151501978
27.10876, 0.2807142286540838
27.12925, 3.2858506172493804
27.14974, 0.7089787708453308
27.17023, 3.703774023840012
27.19072, 10.301464769979063
27.21121, 13.306737522250412
27.2317, 7.312044144537715
27.25219, 7.682615451669491
27.27268, 10.322758645045127
27.29317, 3.6718336539749927
27.31366, 0.3336075625415944
27.33415, 2.660917794204778
27.35464, 11.344590186915283
27.37513, 1.3501314169613394
27.39562, 10.355705806923606
27.4161, 4.361310522990461
27.43659, 7.366950949407261
27.45708, 3.3726242683454046
27.47757, 4.37833039052472
27.49806, 3.384069226599042
27.51855, 0.38984068715691933
27.53904, 9.395644682722391
27.55953, 1.4014811237554987
27.58002, 5.407349920653147
27.60051, 5.586749016250536
27.621, 0.5808157766831066
27.64149, 4.425149549566413
27.66198, 10.568853127351463
27.68247, 6.437176102653865
27.70296, 9.443237149613694
27.72345, 4.44932992350067
27.74394, 8.544545665770368
27.76442, 12.461607279606852
27.78492, 4.532202294413079
27.8054, 10.47401344309365
27.82589, 1.519736516039206
27.84638, 7.486544710442054
27.86687, 6.507142967881627
27.88736, 2.4992003585175517
27.90785, 5.4944254008854045
27.92834, 0.4880203366674074
27.94883, 3.481584539456904
27.96932, 0.5248819000671006
27.98981, 6.468621108824518
28.0103, 3.537906343089684
28.03079, 3.54446416498239
28.05128, 4.5510522659781465
28.07177, 6.557670555154136
28.09226, 0.5643189415405061
28.11274, 2.570994067475258
28.13324, 13.577705641835465
28.15372, 8.415559522180772
28.17421, 0.40879167205253353
28.1947, 1.4019941801978746
28.21519, 6.6048328621461145
28.23568, 3.388310636300055
28.25617, 2.6185752331424794
28.27666, 8.374509620888613
28.29715, 6.3675652897958805
28.31764, 2.639408134978215
28.33813, 1.353589438047912
28.35862, 2.6534418996057134
28.37911, 1.3394979436188557
28.3996, 4.667590940683091
28.42009, 5.325291539120158
28.44058, 7.681854525303535
28.46106, 4.689025533853918
28.48156, 0.30376808001545186
28.50204, 6.296540469258154
28.52253, 1.2892811590314253
28.54302, 16.718006236610265
28.56351, 5.725321625796607
28.584, 10.732664916625449
28.60449, 18.740036017163746
28.62498, 23.74743483544805
28.64547, 15.754861279485322
28.66596, 12.762315257253167
28.68645, 9.769796676701027
28.70694, 2.7773054457502226
28.72743, 11.784841472294872
28.74792, 3.7924046642025253
28.76841, 10.799994929314717
28.7889, 0.807612175447467
28.80939, 5.81525631039214
28.82988, 4.822927241915767
28.85036, 0.8306211144868776
28.87085, 5.8383453494110675
28.89134, 10.846096104121642
28.91183, 4.146126713704696
28.93232, 8.861676803587514
28.95281, 8.869506563633038
28.9733, 3.1226375259530847
28.99379, 9.885244442424924
29.01428, 4.893152376343867
29.03477, 10.901086183362768
29.05526, 6.909045771023088
29.07575, 13.917031046849154
29.09624, 4.925041918349386
29.11673, 0.9330782930161732
29.13722, 0.058859921673079185
29.15771, 10.949227181744796
29.1782, 3.9573395107186897
29.19868, 8.03452700486142
29.21917, 4.973635485320997
29.23966, 9.981822923374526
29.26015, 4.99003521669847
29.28064, 8.99827227268155
29.30113, 10.006533998701887
29.32162, 3.985179697872127
29.34211, 13.02313109031899
29.3626, 12.031466270626012
29.38309, 13.039825750391621
29.40358, 22.048209436951357
29.42407, 12.05661723763384
29.44456, 17.06504905976148
29.46505, 12.073504810651176
29.48554, 6.08198439761458
29.50603, 39.09048772795909
29.52652, 50.09901470898802
29.547, 78.10756106924072
29.56749, 85.11613506210712
29.58798, 107.12473242759623
29.60847, 73.13335307300176
29.62896, 53.14199690561648
29.64945, 53.150663832732874
29.66994, 37.15935376164344
29.69043, 32.16806659964155
29.71092, 27.176802254021787
29.73141, 1.1855606320807617
29.7519, 4.194341641117337
29.77239, 2.7968548115663268
29.79288, 12.21197118133546
29.81337, 3.779180472867562
29.83386, 6.229690133139343
29.85435, 0.7614170933240807
29.87484, 9.24749775506801
29.89533, 0.2564345856479022
29.91581, 3.265388928190834
29.9363, 2.725630565443481
29.95679, 4.283371645196102
29.97728, 7.292395467473476
29.99777, 14.301440808761537
30.01826, 3.310507576443026
30.03875, 18.319595677911003
30.05924, 0.32870502056971773
30.07973, 3.3378355118346157
30.10022, 1.3469870591334399
30.12071, 0.35615956990629627
30.1412, 13.365352951606727
30.16169, 1.6254328882981675
30.18218, 7.383801957673054
30.20267, 12.393057397016452
30.22316, 12.402333337243888
30.24365, 2.411629685882737
30.26413, 5.420941798604488
30.28462, 4.569721323132182
30.30511, 10.439635686271316
30.3256, 6.449012734411816
30.34609, 2.541590271095547
30.36658, 4.467826577383974
30.38707, 7.477263187504654
30.40756, 11.48671946694115
30.42805, 13.496195323388864
30.44854, 32.50569066456457
30.46903, 53.5152053982072
30.48952, 71.5247394320778
30.51001, 89.53429267396062
30.5305, 82.54386503166347
30.55099, 57.55345641301804
30.57148, 54.56306672588073
30.59197, 37.572695878133125
30.61245, 35.582339064535574
30.63294, 14.592005610233102
30.65343, 15.601690719165962
30.67392, 19.611394299321717
30.69441, 11.621116258715368
30.7149, 16.63085650539051
30.73539, 7.640614947419589
30.75588, 2.650391492904326
30.77637, 7.660186049976424
30.79686, 10.669998526797855
30.81735, 7.679828831561931
30.83784, 11.689676872492974
30.85833, 13.300457442152503
30.87882, 7.290574204085203
30.89931, 5.71932649501683
30.9198, 2.270755436490596
30.94029, 2.2608200902178517
30.96077, 4.749127580819298
30.98127, 1.7591020694009565
31.00175, 0.7690838216649212
31.02224, 10.779087355424853
31.04273, 1.2108922905121062
31.06322, 9.799144792459195
31.08371, 9.809198512981517
31.1042, 4.180731220264114
31.12469, 3.829355501442162
31.14518, 0.8394585868590383
31.16567, 10.849577944785473
31.18616, 7.859713484060265
31.20665, 0.8698651135632645
31.22714, 3.8800327422152066
31.24763, 6.890216278978858
31.26812, 11.9004156328593
31.28861, 1.9106307129041866
31.30909, 6.920856431377466
31.32959, 3.931107687895306
31.35007, 13.941364389244157
31.37056, 27.951641457821744
31.39105, 38.961933798505996
31.41154, 67.97224132061173
31.43203, 70.98256393350006
31.45252, 54.992901546578864
31.47301, 47.003254069303274
31.4935, 36.013621411176295
31.51399, 31.024003481749048
31.53448, 19.034400190621493
31.55497, 24.04481144744266
31.57546, 15.055237161911556
31.59595, 11.065677243777124
31.61644, 14.07613160283925
31.63693, 5.08660014894884
31.65741, 5.097077672604875
31.67791, 3.1075794419731757
31.69839, 7.1180848758624435
31.71888, 9.128609262986203
31.73937, 6.139147387241103
31.75986, 2.85030084120476
31.78035, 3.839735512128346
31.80084, 3.170843284748095
31.82133, 3.8185645402417947
31.84182, 12.192040923291323
31.86231, 2.797340414206502
31.8828, 1.21329135776773
31.90329, 1.2239361497742394
31.92378, 3.7654061275683937
31.94427, 8.245264436416399
31.96476, 9.255947752464245
31.98525, 1.2666437313700882
32.00574, 9.277352283988925
32.02623, 4.28807332123543
32.04671, 5.298801512700571
32.0672, 7.309547246207131
32.08769, 1.6796948025036187
32.10818, 1.6689247222706527
32.12867, 12.341857398129605
32.14916, 0.6473485300164015
32.16965, 9.3634574046416
32.19014, 19.374275113517633
32.21063, 11.385104508090414
32.23112, 21.395945499903604
32.25161, 19.40679800056611
32.2721, 65.41766192175285
32.29259, 78.42853717520495
32.31308, 87.43942367273058
32.33357, 48.45032132620464
32.35406, 60.461230047570254
32.37455, 44.472149748838355
32.39503, 42.48307500484755
32.41552, 33.49401639697723
32.43601, 10.504968505498958
32.4565, 11.515931242700756
32.47699, 2.526904520941237
32.49748, 3.537888252649708
32.51797, 5.5488823503271725
32.53846, 0.44011327345423723
32.55895, 4.429098706049668
32.57944, 5.418074034741803
32.59993, 3.592960653259844
32.62042, 3.6040052708191013
32.64091, 2.384940269125863
32.6614, 0.3738760535628103
32.68189, 1.362802169404464
32.70238, 12.648281296511694
32.72287, 3.6593742574240444
32.74335, 5.32952879406664
32.76384, 7.681582892329793
32.78434, 3.692709243666215
32.80482, 6.703833884304544
32.82531, 3.714973017051989
32.8458, 5.726121125882695
32.86629, 1.7372781245772302
32.88678, 13.748443926995748
32.90727, 1.7596184470776102
32.92776, 1.2291984011574364
32.94825, 1.781993296390997
32.96874, 11.793193453903918
32.98923, 8.804401985643757
33.00972, 5.815618805955175
33.03021, 6.826843829264568
33.0507, 2.1619230299188885
33.07119, 6.150681857002773
33.09167, 1.8605617707106497
33.11216, 3.8718187481212105
33.13266, 12.883089001520755
33.15314, 8.894355947133043
33.17363, 7.905635998677258
33.19412, 12.91692357168445
33.21461, 14.928218581340367
33.2351, 6.9395209429169995
33.25559, 6.950830571773366
33.27608, 0.03785261664447148
33.29657, 6.973471293197321
33.31706, 4.984802216920816
33.33755, 9.996140070236336
33.35804, 2.992515231056572
33.37853, 10.018836228930596
33.39902, 1.0301943661765236
33.41951, 4.04155909674958
33.43999, 2.052924785581421
33.46048, 1.0643024482618877
33.48098, 8.075692010478981
33.50146, 2.087076716412092
33.52195, 3.0984731548406224
33.54244, 4.109875684964553
33.56293, 6.121284223494676
33.58342, 5.867301312764582
33.60391, 0.14411899308498022
33.6244, 3.844454941964621
33.64489, 2.16697679917381
33.66538, 1.8215858663180313
33.68587, 2.189856978837046
33.70636, 10.201305252012038
33.72685, 6.787241129323746
33.74734, 6.224217752395308
33.76783, 3.235681814831807
33.78831, 13.24714537707257
33.8088, 2.2586195518936947
33.8293, 10.270104264535622
33.84978, 6.281582622583873
33.87027, 1.7069286453395236
33.89076, 1.6954352244716446
33.91125, 0.6839371964603842
33.93174, 26.32756535714678
33.95223, 7.339072354902527
33.97272, 9.350583715460274
33.99321, 20.362099357574735
34.0137, 23.373619200102468
34.03419, 27.385143162001796
34.05468, 21.396671162333412
34.07517, 20.408203120260495
34.09566, 17.419738955049954
34.11615, 16.43127858607169
34.13663, 2.442816298257384
34.15713, 15.454368914811752
34.17762, 6.465919451791152
34.1981, 12.47746782383679
34.21859, 1.4890252285818804
34.23908, 0.4994140519871948
34.25957, 5.512149902234611
34.28006, 4.523717011458693
34.30055, 1.5352871960032175
34.32104, 13.546860376293807
34.34153, 6.44156352713658
34.36202, 1.5700154063531073
34.38251, 7.581597097512173
34.403, 0.40681853280130653
34.42349, 1.6047684363795014
34.44398, 0.3836420738686144
34.46447, 8.37205014235974
34.48495, 5.639538493125475
34.50545, 11.65114073122546
34.52594, 0.6627395162262744
34.54642, 12.674334766584064
34.56691, 8.685937727558127
34.5874, 7.697542659769891
34.60789, 5.7091494851843265
34.62838, 9.72075812587844
34.64887, 3.732368504042462
34.66936, 8.743980541980171
34.68985, 4.755594162108622
34.71034, 1.2327907130408065
34.73083, 9.778825839177497
34.75132, 13.790443741523895
34.77181, 26.802062916874092
34.7923, 33.81368328821889
34.81279, 55.82530477866508
34.83327, 83.83692163889869
34.85377, 74.84855080986954
34.87426, 64.8601751974233
34.89474, 40.8717947238872
34.91523, 50.883420660176924
34.93572, 36.89504725669628
34.95621, 29.906674437371883
34.9767, 28.91830212624913
34.99719, 24.929930247492173
35.01768, 11.94155872538429
35.03817, 16.953187484328488
35.05866, 2.9648164488473228
35.07915, 4.023554456416228
35.09964, 10.9880746933014
35.12013, 14.999703822884385
35.14062, 12.011332857338271
35.16111, 2.0229617217901605
35.18159, 11.03458466629506
35.20209, 1.046218641806032
35.22258, 5.942153451765478
35.24306, 0.0694683118283912
35.26355, 3.918904792264165
35.28404, 2.907278512989791
35.30453, 1.8956529243613502
35.32502, 4.884028100267919
35.34551, 2.12759588552602
35.366, 7.1392189593807345
35.38649, 10.150841047781558
35.40698, 4.162462077339466
35.42747, 8.174081974790923
35.44796, 2.185700666998706
35.46845, 3.1973180809517032
35.48894, 5.20893414376572
35.50943, 1.2205487826833448
35.52992, 2.2321619250747524
35.55041, 9.243773498437754
35.5709, 4.255383430397831
35.59138, 2.266985983829599
35.61187, 11.278592417263404
35.63236, 17.290196992977176
35.65285, 19.301799639111756
35.67334, 12.313400283936794
35.69383, 10.324998855852336
35.71432, 5.336595283388039
35.73481, 10.348189495204839
35.7553, 5.359781420093306
35.77579, 1.371370986975851
35.79628, 0.6170418750942304
35.81677, 8.394542763068188
35.83726, 7.406124830780268
35.85775, 3.4177042574912235
35.87824, 0.4292809727826743
35.89873, 2.440854906369438
35.91922, 1.5475740119008563
35.9397, 9.463988502918433
35.96019, 11.475553672488516
35.98068, 14.487115780580758
36.00117, 10.49867475757814
36.02166, 0.5102305339982962
36.04215, 2.478216959505801
36.06264, 5.533332207853199
36.08313, 7.544877966999124
36.10362, 9.556420248990698
36.12411, 4.567958985023029
36.1446, 0.4205058935724182
36.16509, 2.5910255446725863
36.18558, 4.602553231362716
36.20607, 8.614077098240422
36.22656, 5.6255970771850485
36.24705, 6.637113100214279
36.26754, 16.648625099483297
36.28802, 7.6601273919415505
36.30851, 6.671631142756311
36.32901, 12.683136278360099
36.34949, 16.694625897806215
36.36998, 13.706116767601404
36.39047, 26.717603209516007
36.41096, 31.729085156679595
36.43145, 44.74056254236167
36.45194, 56.75203529997255
36.47243, 55.7635033630632
36.49292, 38.77496666532575
36.51341, 20.786425140593636
36.5339, 34.7978787228418
36.55439, 20.809327346187256
36.57488, 17.820770944888928
36.59537, 14.832209453348568
36.61586, 1.8436428061099122
36.63634, 1.8550653617254582
36.65683, 6.866488209891173
36.67733, 7.877911277793871
36.69781, 12.88931778781491
36.7183, 6.900724387951904
36.73879, 5.9121254426983825
36.75928, 2.92352088760461
36.77977, 2.065089341634092
36.80026, 10.946294690821986
36.82075, 3.957672920958288
36.84124, 7.9690452849058495
36.86173, 2.980411718941241
36.88222, 2.9917721594873825
36.90271, 13.003126543113083
36.9232, 0.014474806534199303
36.94369, 9.025816886613114
36.96418, 3.03715272035922
36.98466, 5.048476717184055
37.00515, 8.059799873007755
37.02565, 0.9288778840921772
37.04613, 9.082426819089314
37.06662, 0.9062695153045759
37.08711, 21.10502752915854
37.1076, 3.1163178905243996
37.12809, 7.127601506987816
37.14858, 22.138878316892992
37.16907, 22.15014825873334
37.18956, 31.161411271152517
37.21005, 15.172667292943842
37.23054, 28.18391626305108
37.25103, 23.195158120568223
37.27152, 22.206392804740133
37.29201, 17.21762025496249
37.3125, 17.22884041078232
37.33298, 12.240047741373338
37.35347, 19.25125313126835
37.37397, 17.262456509569294
37.39445, 0.273641426743481
37.41494, 7.284824212783725
37.43543, 3.295999344920183
37.45592, 1.3071667637642008
37.47641, 1.3183264100808856
37.4969, 1.6705217752121122
37.51739, 3.3406221489565517
37.53788, 6.351758123812161
37.55837, 6.3628860907338165
37.57886, 1.6259940087453906
37.59935, 1.3851177670619634
37.61984, 0.6037786400017069
37.64033, 0.4073167120604424
37.66082, 9.4184037654007
37.6813, 7.429477057493511
37.7018, 1.5594472547009701
37.72229, 2.5483854430613846
37.74277, 1.537337552368669
37.76326, 2.473707149286824
37.78375, 4.484743208427709
37.80424, 2.495770568297541
37.82473, 3.5067891722964717
37.84522, 3.517798963980944
37.86571, 5.528799887065688
37.8862, 3.53979188542192
37.90669, 0.4492250969211433
37.92718, 2.5617488842233698
37.94767, 2.5727137732004017
37.96816, 7.583669514513243
37.98865, 2.5946160528235076
38.00914, 10.605553332951292
38.02962, 2.6164759688388095
38.05012, 1.6273998987344669
38.07061, 7.63830907482518
38.09109, 6.649203456403981
38.11158, 0.6600936281534651
38.13207, 1.6709742140106307
38.15256, 4.681845159911411
38.17305, 6.692706411952273
38.19354, 1.7035579163902028
38.21403, 6.285600380357934
38.23452, 5.725231468286438
38.25501, 9.736053409062347
38.2755, 3.7468653888700914
38.29599, 2.2423326452284655
38.31648, 0.23154074600990526
38.33697, 3.7792410339106652
38.35746, 0.20998735791967604
38.37794, 5.80076877669282
38.39844, 6.811525134166018
38.41893, 10.82226591398745
38.43941, 12.83299107951379
38.4599, 2.843711052919275
38.48039, 8.854420543292683
38.50088, 3.865119499319512
38.52137, 4.875807869849304
38.54186, 2.1135143961054865
38.56235, 6.897152650631767
38.58284, 14.907808959401791
38.60333, 0.9184544797091263
38.62382, 7.9290891612231285
38.64431, 0.9397129537767945
38.6648, 6.950325807368721
38.68529, 12.96092767216146
38.70578, 17.971518498483277
38.72626, 16.982093076173157
38.74676, 39.992666837852546
38.76725, 21.003224252382235
38.78773, 18.013765287166507
38.80822, 19.024300187360204
38.82871, 20.03482375454933
38.8492, 13.045335940221953
38.86969, 17.055836696031925
38.89018, 10.066325973799959
38.91067, 11.076803725513294
38.93116, 6.087269903326316
38.95165, 6.0977244595601405
38.97214, 1.8918326532970973
38.99263, 5.118598517410504
39.01312, 2.8709820754938633
39.03361, 5.139425520980403
39.0541, 3.1498212599922155
39.07459, 12.16020509486809
39.09508, 2.829423020897412
39.11557, 7.1809368663589765
39.13605, 0.8087203367791247
39.15654, 9.20161542409464
39.17703, 1.2119390500128375
39.19752, 0.7777495046873355
39.21801, 3.2325497145006743
39.2385, 0.7571633377472864
39.25899, 3.2531112934139657
39.27948, 2.736626437001135
39.29997, 0.2736234261917616
39.32046, 12.283860838346001
39.34095, 7.294085754986071
39.36144, 13.304298131805623
39.38193, 7.314497924668757
39.40242, 4.3246850896100355
39.42291, 19.334859582834273
39.4434, 4.34502136071675
39.46389, 10.355170379804306
39.48437, 18.365301653033796
39.50486, 10.375425031132977
39.52535, 18.38553552112262
39.54584, 18.395633080233424
39.56633, 9.405717665867584
39.58682, 8.415789235598467
39.60731, 11.425847747171574
39.6278, 3.5641068414959847
39.64829, 11.44592542768519
39.66878, 5.45594451297589
39.68927, 4.465950372810106
39.70976, 7.475942965793305
39.73025, 3.485922250703844
39.75074, 5.495888186492635
39.77123, 4.505840732283652
39.79172, 2.5157798473729045
39.81221, 6.525705491230415
39.83269, 4.535612789254323
39.85318, 1.5455113763723034
39.87368, 4.444598807297034
39.89416, 0.43473226452383784
39.91465, 4.575125427960611
39.93514, 2.4150305903111047
39.95563, 2.4052003586557547
39.97612, 0.6046160837843679
39.99661, 7.614418698041199
40.0171, 3.375792554679734
40.03759, 2.633982287001764
40.05808, 2.3562568153597994
40.07857, 8.653490099964419
40.09906, 0.33677700512178177
40.11955, 9.672941831459731
40.14004, 2.682646571962252
40.16053, 6.307662821186334
40.18101, 3.7020088955635693
40.2015, 0.7116711300408767
40.222, 6.278676175630377
40.24248, 6.7309528262307445
40.26297, 4.740572214376293
40.28346, 8.750177247136946
40.30395, 1.7597678881680707
40.32444, 13.769344101301066
40.34493, 2.7789058505428983
40.36542, 5.788453100077099
40.38591, 0.20201418573743624
40.4064, 5.192496042365271
40.42689, 2.817007494905237
40.44738, 1.8264963909621095
40.46787, 1.1640293891304339
40.48836, 0.15456988013107065
40.50885, 2.1451251166226157
40.52933, 1.8643002683628573
40.54982, 4.873715445088145
40.57032, 3.1168796422138954
40.5908, 7.892501220181575
40.61129, 0.09812824902326867
40.63178, 7.911227332517484
40.65227, 1.079432068539674
40.67276, 0.9298935146390228
40.69325, 5.060795950935322
40.71374, 0.948499501926257
40.73423, 4.042220159410359
40.75472, 10.967045032599259
40.77521, 1.0237049543234136
40.7957, 14.985529847721306
40.81619, 6.9947494068108576
40.83668, 0.00395369120072786
40.85717, 2.013142669324438
40.87765, 7.022311836409109
40.89814, 16.031470115522055
40.91864, 0.04061745310654885
40.93912, 5.049740443250148
40.95961, 9.058852430336852
40.9801, 4.067948925516724
41.00059, 2.077029898471828
41.02108, 8.086095319063052
41.04157, 5.09514515732949
41.06206, 8.104179383489225
41.08255, 4.113197967939293
41.10304, 4.877799118744679
41.12353, 8.131188094192499
41.14402, 0.1401595776845994
41.16451, 7.149115302844535
41.185, 1.158055240964444
41.20549, 13.16697936351585
41.22597, 0.1758832983955294
41.24647, 7.184780048694769
41.26696, 3.1936565551619367
41.28744, 0.7974871867140436
41.30793, 0.2113574441359063
41.32842, 3.779813907973864
41.34891, 1.2289987296844664
41.3694, 0.7622046699826335
41.38989, 24.24657586611253
41.41038, 1.2553403112362815
41.43087, 4.264088638835474
41.45136, 3.2728208225364064
41.47185, 5.281536836145754
41.49234, 7.290236653649785
41.51283, 1.7010797507848352
41.53332, 0.30758759718817785
41.55381, 10.31623867209553
41.57429, 13.324869238481924
41.59479, 15.333491901721764
41.61528, 23.342094006394717
41.63576, 18.35067555170283
41.65625, 13.359244893499504
41.67674, 16.36779781318794
41.69723, 13.376334286556524
41.71772, 10.3848542895749
41.73821, 11.39335779839248
41.7587, 9.401844789339606
41.77919, 11.410315238927137
41.79968, 18.418769123846396
41.82017, 2.427206420969327
41.84066, 7.435627107348921
41.86115, 1.4440311602185076
41.88164, 2.5475814430076653
41.90213, 10.4607892752652
41.92261, 9.46913921977064
41.94311, 0.5225194124076822
41.9636, 3.485801137740367
41.98408, 8.494100873065157
42.00457, 0.5023878772853969
42.02506, 7.510658072382267
42.04555, 3.4810885627828263
42.06604, 2.5271479508319246
42.08653, 2.535367592449795
42.10702, 7.543570341474556
42.12751, 4.551756177491292
42.148, 14.559925080266169
42.16849, 9.568077029746227
42.18898, 18.576212006060075
42.20947, 4.584329989516949
42.22996, 4.407569039392985
42.25045, 0.600514900002544
42.27093, 5.608577855730079
42.29143, 4.61663160730178
42.31192, 5.624664337454572
42.3324, 9.632676052618258
42.35289, 11.640674558318349
42.37338, 10.648655920167286
42.39387, 8.656620120105092
42.41436, 0.6645671402524549
42.43485, 8.672496962912358
42.45534, 9.680409570568123
42.47583, 10.688304945884841
42.49632, 5.696183071708312
42.51681, 6.704043931065776
42.5373, 2.288112492833541
42.55779, 3.7197137833998184
42.57828, 0.2724772566630733
42.59877, 6.735314370730265
42.61926, 2.743088649513634
42.63975, 1.2491544361982605
42.66024, 16.75858509789028
42.68072, 0.7663034717676531
42.70121, 15.774008207572628
42.7217, 6.781695517161282
42.74219, 11.789365385555243
42.76268, 1.797017797956343
42.78317, 9.804652739747848
42.80366, 6.8122701964944525
42.82415, 4.819870153941473
42.84464, 3.172547401983291
42.86513, 14.83501751482724
42.88562, 18.842564890663176
42.90611, 6.149905288005705
42.9266, 5.857606965472282
42.94709, 7.865101637929548
42.96758, 20.872578716379977
42.98807, 23.880038188018162
43.00856, 33.887480040219586
43.02904, 14.8949006415058
43.04953, 19.902307226299733
43.07002, 27.90969615487645
43.09051, 2.9170674153354312
43.111, 8.92442099595717
43.13149, 11.931756885203143
43.15198, 19.93907507171585
43.17247, 7.9463755443185065
43.19296, 1.953658292014957
43.21345, 5.960923303990366
43.23394, 5.03182943039004
43.25443, 1.9754000784201509
43.27492, 9.982611820148556
43.29541, 10.989805784702288
43.3159, 2.0030180378300884
43.33639, 13.004140342820847
43.35688, 7.011280917103839
43.37736, 10.01840020378458
43.39785, 7.025505146105331
43.41835, 6.032595708952844
43.43883, 2.039661520124554
43.45932, 0.9532870656535763
43.47981, 4.0537464886926955
43.5003, 2.060762174875336
43.52079, 7.06775998478772
43.54128, 1.9252600894972005
43.56177, 4.081701944273288
43.58226, 0.9113539214670965
43.60275, 2.095572305894855
43.62324, 3.1024806191527787
43.64373, 1.8906289887198398
43.66422, 3.883756524570316
43.68471, 12.123098004935748
43.7052, 5.129934593310807
43.72568, 15.13674991083673
43.74617, 1.8564493930279724
43.76667, 11.15033664947865
43.78715, 5.15709811494478
43.80764, 5.163844915425564
43.82813, 3.1705737396309814
43.84862, 7.17728458233141
43.86911, 3.1839774384764645
43.8896, 4.190652303196206
43.91009, 5.197309171798199
43.93058, 6.203948039771415
43.95107, 1.2105689027819366
43.97156, 9.21717175667608
43.99205, 3.7762434025205565
44.01254, 7.230323421395838
44.03303, 5.23687222480801
44.05352, 0.24340300427850536
44.074, 6.750087417557964
44.09449, 1.7435926867699045
44.11499, 5.737112832661239
44.13547, 6.269342672534794
44.15596, 0.7242167042163601
44.17645, 6.282205878215397
44.19694, 6.288610417642083
44.21743, 3.294996912053655
44.23792, 3.6986346403814707
44.25841, 8.307715758683614
44.2789, 1.3140481077734947
44.29939, 8.320362405590373
44.31988, 5.326658651015549
44.34037, 13.332936843106594
44.36086, 20.33919698110007
44.38135, 12.345439064410009
44.40184, 8.351663092627977
44.42232, 13.357866041144835
44.44281, 10.364053967474213
44.46331, 4.370226845304373
44.48379, 3.6236243453258403
44.50428, 14.38250941632355
44.52477, 8.388625124154117
44.54526, 1.3947227789978704
44.56575, 4.400802381863663
44.58624, 12.40686393393803
44.60673, 10.412907436582898
44.62722, 6.418932891338393
44.64771, 4.4249402999197684
44.6682, 0.43092966421946954
44.68869, 7.436900986306419
44.70918, 9.44285426842552
44.72967, 10.448789512997898
44.75016, 7.454706722620653
44.77064, 9.460603025412311
44.79114, 2.4664870482857673
44.81163, 1.4723501704021267
44.83211, 11.478192421452697
44.8526, 0.48401951023495116
44.87309, 7.489828583341133
44.89358, 0.5043803554016684
44.91407, 2.5013926980084875
44.93456, 1.492852252251069
44.95505, 9.512884798172333
44.97554, 1.4813961461944203
44.99603, 8.524304919351174
45.01652, 3.529987999685762
45.03701, 9.535653099861065
45.0575, 24.541300225103242
45.07799, 0.5469293808128981
45.09848, 6.552540572564077
45.11896, 9.558131080746975
45.13946, 11.563709087362138
45.15995, 15.569266422428939
45.18043, 9.574803118489363
45.20092, 2.5803245889143653
45.22141, 6.585828132480536
45.2419, 15.5913137559793
45.26239, 7.596781466374686
45.28288, 6.602231270805973
45.30337, 0.39233682341698284
45.32386, 10.613077191191238
45.34435, 12.618473322287187
45.36484, 3.6238515777008082
45.38533, 5.370788034565535
45.40582, 1.3654455063368403
45.42631, 1.6398791707338383
45.4468, 5.645186005166664
45.46728, 16.6504724287417
45.48778, 5.655746181055953
45.50827, 10.6609995404119
45.52875, 13.666232542095052
45.54924, 0.6714503058331154
45.56973, 9.676650281655597
45.59022, 1.6818324792836918
45.61071, 18.68699690861036
45.6312, 3.6921435796989712
45.65169, 11.697272502784664
45.67218, 10.702383688272668
45.69267, 19.707477146739002
45.71316, 24.712552888930365
45.73365, 8.717610925763552
45.75414, 4.722651268325318
45.77463, 7.727673927873763
45.79512, 20.732678915835677
45.8156, 5.73766381408241
45.8361, 13.742635923556168
45.85659, 12.747587967017772
45.87707, 5.752519982385383
45.89756, 5.757436798350394
45.91805, 9.762336014845964
45.93854, 7.76721764448418
45.95903, 8.77208170004647
45.97952, 0.2230718055172929
46.00001, 5.2182428590887895
46.0205, 7.786568552618142
46.04099, 1.7913624430590573
46.06148, 15.796138825855252
46.08197, 3.800897714798243
46.10246, 8.80563912384595
46.12295, 8.81036306712398
46.14344, 14.815069558925522
46.16393, 4.180241386289332
46.18442, 1.8244302461062105
46.20491, 13.829084470906885
46.22539, 0.166280955660298
46.24588, 2.8383385074766494
46.26637, 8.842940608392816
46.28686, 10.847525362547863
46.30735, 9.852092785568562
46.32784, 11.856642893245663
46.34833, 19.8611757015373
46.36882, 14.865691226566398
46.38931, 9.870189484621154
46.4098, 12.874670492155808
46.43029, 3.879134265788263
46.45078, 21.88358082230264
46.47127, 8.888010178646525
46.49176, 9.892422351933064
46.51225, 18.896817359439282
46.53274, 0.9011952186061123
46.55323, 3.09444405296097
46.57371, 9.909897446807054
46.5942, 10.914223975581045
46.61469, 2.9185334274095567
46.63518, 3.922825820552166
46.65567, 6.927101173430906
46.67616, 1.0686404953686868
46.69665, 10.93560083290069
46.71714, 8.939825177150272
46.73763, 9.944032556451859
46.75812, 1.948222990041458
46.77861, 18.95239649731542
46.7991, 8.956553097832401
46.81959, 1.960692811312903
46.84008, 9.96481565763839
46.86057, 1.0310783431479038
46.88106, 0.02698917084212127
46.90155, 2.977083194920027
46.92203, 1.981136799458696
46.94252, 5.985175622048317
46.96302, 11.989199659004257
46.9835, 2.993203054745493
47.00399, 5.997191707024715
47.02448, 1.0011636783052253
47.04497, 1.994881009927596
47.06546, 1.0090576639703173
47.08595, 5.012979721801692
47.10644, 4.016885185529439
47.12693, 1.0207740772741474
47.14742, 3.0246464193148377
47.16791, 7.028502234089611
47.1884, 0.03234154419339319
47.20889, 4.036164372379407
47.22938, 5.039970741559472
47.24987, 11.043760674801199
47.27035, 6.952467642310431
47.29084, 4.051289496881715
47.31134, 11.055032091938468
47.33182, 0.9412452984441018
47.35231, 7.062462814585871
47.3728, 7.066154633369816
47.39329, 3.069830182072856
47.41378, 2.926510514985658
47.43427, 5.07713256667002
47.45476, 5.080759451670467
47.47525, 0.08437016480147719
47.49574, 11.08796473100396
47.51623, 7.0915431753729905
47.53672, 2.9048944768416547
47.55721, 11.09865179976411
47.5777, 15.10218203074799
47.59819, 14.105696241821125
47.61867, 17.109192755466015
47.63916, 11.112675012253582
47.65966, 16.116143014995735
47.68014, 5.119591726547938
47.70063, 12.123026236855537
47.72112, 4.126444884724414
47.74161, 3.129847696936409
47.7621, 14.133234700424115
47.78259, 12.136605922272636
47.80308, 9.139961389718682
47.82357, 2.1433011301492826
47.84406, 0.8533748288974721
47.86455, 4.149933540268549
47.88504, 18.153226265485912
47.90553, 7.15650337474586
47.92602, 12.159764896187362
47.94651, 10.163010858100606
47.96699, 13.166239716119428
47.98748, 1.1694546520022016
48.00798, 1.8273443281896213
48.02846, 1.1758381313245003
48.04895, 11.179006732685167
48.06944, 9.182159947373819
48.08993, 4.185297804722019
48.11042, 3.81157966579093
48.13091, 8.191527565461776
48.1514, 7.194619528254357
48.17189, 5.197696252508216
48.19238, 10.200757768291204
48.21287, 14.20380410581803
48.23336, 7.2068352954504995
48.25385, 7.209851367694817
48.27434, 5.212852353204568
48.29483, 7.21583828277803
48.31531, 8.218807741090107
48.33581, 5.7782349019627155
48.3563, 8.22470604604569
48.37678, 0.22763063837768982
48.39727, 2.230541762590306
48.41776, 2.2334380186853764
48.43825, 6.236319438473185
48.45874, 4.239186053907737
48.47923, 2.242037897086064
48.49972, 2.2448750002482925
48.52021, 3.2476973957768536
48.5407, 8.250505116197253
48.56119, 1.2532981941769492
48.58168, 2.2560766625251674
48.60217, 9.258840554192748
48.62266, 0.26158990227244416
48.64315, 0.735675260002921
48.66363, 0.7329562233860223
48.68413, 4.269751018020084
48.70462, 3.27244252548779
48.7251, 17.275118353886285
48.74559, 8.27778115024989
48.76608, 0.280429638590622
48.78657, 5.283063853121835
48.80706, 0.2856838281957579
48.82755, 8.288289598304207
48.84804, 0.709118801924653
48.86853, 10.293458662277892
48.88902, 18.29602202581627
48.90951, 17.298571323733178
48.93, 11.301106591208637
48.95049, 12.303627863559377
48.97098, 1.3061351762395788
48.99147, 5.308628564838401
49.01195, 0.6888931416386725
49.03245, 10.313573712832945
49.05294, 4.316025544087452
49.07342, 11.318462408460043
49.09391, 4.320886721953276
49.1144, 5.323297327735389
49.13489, 3.325694262341319
49.15538, 11.328077562442445
49.17587, 5.669552735158064
49.19636, 0.3328034064785399
49.21685, 0.6648539755778984
49.23734, 2.3374751558764544
49.25783, 2.339790838178125
49.27832, 1.657906891204675
49.29881, 13.344382005328388
49.3193, 3.653342434490927
49.33979, 12.348919827201776
49.36027, 6.351167734019278
49.38077, 13.353404607230381
49.40126, 17.355627201947186
49.42174, 23.35783557583064
49.44223, 14.360031923996626
49.46272, 5.362215203577598
49.48321, 23.36438545334787
49.5037, 26.366542712210986
49.52419, 13.368687019199385
49.54468, 16.370818413472392
49.56517, 6.3729369343189965
49.58566, 3.375042621154762
49.60615, 20.377135513523783
49.62664, 6.379215651095102
49.64713, 9.381283073667301
49.66762, 7.383337821162243
49.68811, 9.385379933631025
49.7086, 2.3874094512483737
49.72909, 5.38942641431537
49.74958, 10.391430863258009
49.77006, 6.3934218694930856
49.79055, 10.395401418021727
49.81104, 0.3973685744316242
49.83153, 7.399323379646326
49.85202, 0.40126587471228703
49.87251, 2.4031961008002405
49.893, 5.405114099202649
49.91349, 11.407019911335414
49.93398, 5.40891357873582
49.95447, 6.410795143063261
49.97496, 17.412664646100158
49.99545, 6.414522129747475
50.01594, 2.4163676360293103
50.03643, 6.418201207089766
50.05692, 9.420022885192797
50.07741, 5.421832712722335
50.0979, 15.423630732181792
50.11838, 6.574583882711579
50.13887, 9.42719065430698
50.15936, 12.428953511458953
50.17985, 2.4307047317240205
50.20034, 11.432444358198182
50.22083, 5.4341724340956645
50.24132, 0.5641109972530955
50.26181, 5.437594107600056
50.2823, 0.4392877922195879
50.30279, 8.440970100286158
50.32328, 4.442641075596832
50.34377, 9.444300762062653
50.36426, 1.5540507962888626
50.38475, 4.447586444683854
50.40524, 2.4492125292371725
50.42573, 3.450827501742001
50.44622, 8.452431406681434
50.4667, 0.5459764860598959
50.48719, 6.455605423001991
50.50769, 2.457177162650055
50.52817, 3.4587364856946827
50.54866, 10.460285729307895
50.56915, 7.461824174607571
50.58964, 4.463351866863228
50.61013, 22.464868851456437
50.63062, 0.46637517387922145
50.65111, 9.467870879732384
50.6716, 10.469356014728255
50.69209, 23.470830624688148
50.71258, 12.472294755541782
50.73307, 14.473748453328696
50.75356, 14.475191764194939
50.77405, 8.476624734396971
50.79454, 10.478047410296899
50.81502, 3.479459151532172
50.83551, 12.480861383313552
50.85601, 14.482254137422686
50.87649, 9.483635429883883
50.89698, 7.485007338358649
50.91747, 0.48636923292516343
50.93796, 13.487721160689947
50.95845, 2.5109368311368527
50.97894, 2.509604695240327
50.99943, 8.491717615798173
51.01992, 5.493030149501379
51.04041, 15.49433295349435
51.0609, 2.504373924494651
51.08139, 9.496909563365435
51.10188, 2.4981834650062495
51.12237, 3.5005521715365866
51.14286, 13.50070270187129
51.16334, 8.498052472061993
51.18383, 6.503183570631055
51.20433, 0.4955891353306292
51.22481, 10.505627669367527
51.2453, 12.506835822583419
51.26579, 11.508034776645243
51.28628, 8.50922458038627
51.30677, 5.489594717261824
51.32726, 0.48842306726952245
51.34775, 6.51273957949018
51.36824, 10.513893272240821
51.38873, 9.515038060303162
51.40922, 6.516173993094178
51.42971, 3.517301120125868
51.4502, 13.518419491006568
51.47069, 10.519529155438896
51.49118, 0.5206301632204919
51.51166, 4.521722033195587
51.53215, 6.477194118390724
51.55265, 11.523881746048602
51.57313, 4.524948108452747
51.59362, 0.4739934126806844
51.61411, 6.527056710261199
51.6346, 12.528098527726897
51.65509, 3.5291320902563292
51.67558, 7.530157448481056
51.69607, 1.4688253468771713
51.71656, 7.467816245006745
51.73705, 8.533184804994406
51.75754, 13.534177854117154
51.77803, 5.535162953441436
51.79852, 1.5361401541359356
51.81901, 8.53710950745823
51.8395, 1.461928935247954
51.85998, 1.5390244138280664
51.88048, 4.539970997068579
51.90097, 12.540909475215532
51.92145, 16.541839911110443
51.94194, 2.542763265138184
51.96243, 4.543679132998108
51.98292, 10.544587566637766
52.00341, 7.545488618088221
52.0239, 3.54638233946482
52.04439, 10.547268782966533
52.06488, 7.548148000874917
52.08537, 13.549020045554983
52.10586, 12.549884969454094
52.12635, 18.55074282510047
52.14684, 12.551593665104818
52.16733, 8.552437542157996
52.18782, 2.553274509031972
52.2083, 0.4458957848860443
52.2288, 5.445072076269579
52.24929, 15.55574447749754
52.26977, 7.556553939350373
52.29026, 11.5573571529263
52.31075, 5.558153774595901
52.33124, 7.558943857682664
52.35173, 1.559727455587975
52.37222, 1.4394953782110065
52.39271, 5.561275409839347
52.4132, 4.437960126631179
52.43369, 5.562798066082387
52.45418, 12.563550041759271
52.47467, 15.564295854254286
52.49516, 1.5650355574953636
52.51565, 13.565769205485037
52.53614, 13.566496852297789
52.55662, 0.5672182013029072
52.57712, 5.567934359056565
52.59761, 6.568644327514143
52.61809, 11.569348169547304
52.63858, 0.5700466269144187
52.65907, 7.57073940903922
52.67956, 2.5714265704967403
52.70005, 13.572108165930985
52.72054, 4.5727842500551645
52.74103, 14.573454877651322
52.76152, 1.4258798964308994
52.78201, 8.574779982726447
52.8025, 4.575434570108797
52.82299, 4.5760839207676085
52.84348, 6.5767280898214935
52.86397, 8.577367132454825
52.88446, 6.5780011039168045
52.90494, 6.578629753779481
52.92544, 2.5792540546514005
52.94593, 4.5798731447463155
52.96641, 3.5804870867121323
52.9869, 4.4189034643507235
53.00739, 6.418298753764812
53.02788, 6.417698725835066
53.04837, 13.582896675195023
53.06886, 0.5834875051433599
53.08935, 2.5840738198888253
53.10984, 2.5846556753702004
53.13033, 14.585233127586996
53.15082, 5.585806232597566
53.17131, 4.58637504651869
53.1918, 2.5869396255266714
53.21229, 7.587500025855178
53.23278, 9.588056303795241
53.25327, 0.41139148430467287
53.27376, 6.589156717960343
53.29425, 1.5897009670508169
53.31473, 4.590241056710063
53.33522, 5.590777570917481
53.35571, 2.5913103016374066
53.3762, 0.4081606944498333
53.39669, 7.592364639389729
53.41718, 7.5928863599440355
53.43767, 4.406595475947682
53.45816, 3.5939191886072734
53.47865, 4.405569589447307
53.49914, 0.5949382468834727
53.51963, 1.4045572453543187
53.54012, 4.595943990935872
53.56061, 0.596442012899395
53.5811, 0.40306312226787355
53.60159, 8.597428642677645
53.62208, 2.597917365028504
53.64257, 4.598403102125445
53.66305, 3.5988856764282957
53.68354, 10.599365616612381
53.70403, 11.599842743816502
53.72452, 6.600317115566817
53.74501, 4.3992112105641255
53.7655, 9.601257823039191
53.78599, 3.6017242740391673
53.80648, 9.602188200139242
53.82697, 1.397350340911494
53.84746, 0.6031087086773823
53.86795, 8.603565406739232
53.88844, 1.604019811149449
53.90893, 1.395528020175778
53.92942, 5.6049219707206746
53.94991, 2.6053698418366125
53.9704, 12.605815651208935
53.99089, 4.606259456914781
54.01137, 5.606701101887641
54.03186, 5.607141075551354
54.05236, 3.607579433376859
54.07284, 7.608015593403472
54.09333, 2.3915497459139914
54.11382, 10.608883260329094
54.13431, 3.6093146704708516
54.1548, 0.6097445428828152
54.17529, 5.610172935972493
54.19578, 0.38940009181850854
54.21627, 11.611025517984277
54.23676, 3.6114498238885417
54.25725, 1.6118728844353676
54.27774, 11.612294758197589
54.29823, 0.3872844962209072
54.31872, 2.6131351798150604
54.33921, 0.6135538449715412
54.35969, 7.61397135430418
54.38018, 6.61438817423911
54.40068, 12.614804362264792
54.42116, 1.615219368690319
54.44165, 14.615633860799626
54.46214, 3.6160476946054985
54.48263, 3.616460928971989
54.50312, 2.6168736227902336
54.52361, 5.617285834976787
54.5441, 7.617697624473362
54.56459, 0.3818909497542933
54.58508, 3.618520171284011
54.60557, 0.3810689533971505
54.62606, 2.619341735239388
54.64655, 3.3802477037477168
54.66704, 7.620162788724166
54.68753, 0.6205732717572623
54.70801, 1.3790163959032746
54.7285, 6.621394245577097
54.749, 11.621805255565626
54.76948, 2.6222160916152824
54.78997, 7.622627414558849
54.81046, 0.37696091692764355
54.83095, 4.376548843605754
54.85144, 0.3761363062209284
54.87193, 0.3757232455018418
54.89242, 0.6246903978397569
54.91291, 6.374895316893834
54.9334, 9.625519669615194
54.95389, 6.374064583300633
54.97438, 8.373648016296006
54.99487, 4.373230570011444
55.01536, 6.627187814925225
55.03585, 3.627607197897145
55.05633, 11.628027432839968
55.07682, 3.3715510104786865
55.09732, 1.3711280709631062
55.1178, 6.629295690987625
55.13829, 5.62972095463574
55.15878, 4.3698524271823445
55.17927, 1.630575604986241
55.19976, 7.631005110602473
55.22025, 15.631436149134029
55.24074, 4.63186878005547
55.26123, 2.63230306284715
55.28172, 9.632739056994552
55.30221, 5.633176821988222
55.3227, 7.63361641732341
55.34319, 6.63405790249783
55.36368, 2.6345013370138517
55.38417, 5.634946780375227
55.40465, 11.635394073168754
55.42515, 7.635843931659629
55.44564, 3.36370424140172
55.46612, 2.6367496102470405
55.48661, 6.637205989304949
55.5071, 1.637664734225556
55.52759, 7.638125904513402
55.54808, 5.638589559673363
55.56857, 10.639055759205938
55.58906, 7.639524562608582
55.60955, 4.639996029376658
55.63004, 6.64047021899869
55.65053, 7.359052809040186
55.67102, 2.358572995260907
55.69151, 6.641909719809913
55.712, 8.642395395637926
55.73249, 4.642884091682355
55.75297, 6.643375626626323
55.77347, 9.64387078221721
55.79396, 6.644368895583455
55.81444, 2.644870021422207
55.83493, 2.645374708503468
55.85542, 27.645882772340066
55.87591, 17.6463942723227
55.8964, 16.64690926783065
55.91689, 14.647427818230618
55.93738, 4.647949982876561
55.95787, 14.648475821107898
55.97836, 16.649005392249485
55.99885, 14.649538755611303
56.01934, 14.650075970488917
56.03983, 21.650617096159415
56.06032, 7.651162191884826
56.08081, 6.651711316909665
56.10129, 12.652264259460424
56.12179, 7.6528218917412225
56.14228, 13.653383459943953
56.16276, 2.3460509829660197
56.18325, 19.654519174437503
56.20374, 8.655093716176015
56.22423, 8.65567270135454
56.24472, 3.656256189056286
56.26521, 3.656844238341293
56.2857, 3.65743690824587
56.30619, 0.34196574221724063
56.32668, 4.658636345939456
56.34717, 15.659243231678467
56.36766, 2.340145026063688
56.38815, 0.660471631622805
56.40864, 0.6610932636207494
56.42913, 13.661719928784922
56.44961, 15.662351376365436
56.47011, 1.6629885938889828
56.4906, 1.6636307113945925
56.51108, 11.664277779949018
56.53157, 17.664930490138154
56.55206, 9.665588585976174
56.57255, 1.6662521261057748
56.59304, 12.666921169137389
56.61353, 13.667595773647214
56.63402, 6.66827599817946
56.65451, 5.6689619012412535
56.675, 7.669653541305152
56.69549, 5.67035097680861
56.71598, 4.671054266151909
56.73647, 5.671763467698806
56.75696, 7.672478639774205
56.77745, 9.326800159335274
56.79794, 12.673927128618821
56.81843, 0.32533943815479205
56.83892, 6.675400198510822
56.8594, 4.676145731176248
56.87989, 1.6768979459615991
56.90038, 11.677656538413856
56.92087, 9.678421566532435
56.94136, 3.679193088274314
56.96185, 0.679971161552281
56.98234, 1.6807558442333743
57.00283, 5.681547194139718
57.02332, 0.3176547309521318
57.04381, 0.6831501266870603
57.0643, 0.6839618247391535
57.08479, 7.684780420837768
57.10528, 5.68560597256797
57.12577, 2.686438537466053
57.14626, 5.6872781730179724
57.16675, 4.6881249366580455
57.18724, 4.311021114228822
57.20772, 0.6898396556141826
57.22821, 1.6907081440391813
57.2487, 1.691583989746249
57.26919, 7.692467249907729
57.28968, 9.69335798164122
57.31017, 5.694256242009224
57.33066, 9.69516208801858
57.35115, 8.696075576618853
57.37164, 4.303003235296334
57.39213, 8.697925709106784
57.41262, 8.698862466605803
57.43311, 2.300192906082149
57.4536, 7.299240352300327
57.47409, 2.298279815451224
57.49458, 5.297311238999281
57.51507, 5.296334566470577
57.53556, 10.704650258546515
57.55604, 0.29435719425425333
57.57653, 7.706644100672424
57.59703, 4.707654211689849
57.61751, 4.291328289377965
57.638, 3.2903018621128375
57.65849, 5.710733054732113
57.67898, 5.711776517111705
57.69947, 6.712828580912998
57.71996, 3.7138893019547012
57.74045, 3.7149587359864533
57.76094, 0.2839630613119759
57.78143, 6.71712396566781
57.80192, 7.718219872464438
57.82241, 2.7193247145432977
57.8429, 6.7204385472973165
57.86339, 1.7215614260464918
57.88388, 10.722693406037386
57.90436, 12.723833983274723
57.92485, 3.724984326677692
57.94535, 6.726144504792273
57.96583, 0.7273128679304364
57.98632, 12.728491175588985
58.00681, 10.72967891434557
58.0273, 6.730876138909544
58.04779, 12.732082903909422
58.06828, 2.73329926389491
58.08877, 3.734525273334249
58.10926, 5.26423901338606
58.12975, 4.737006458039168
58.15024, 2.7382617418314332
58.17073, 0.26047310787182454
58.19122, 7.740801962983831
58.21171, 6.742087008366525
58.2322, 0.25661791784106214
58.25268, 1.7446865987182534
58.27317, 1.2539981143269898
58.29367, 0.7473280115254752
58.31415, 2.7486630816499797
58.33464, 10.750009097648732
58.35513, 7.7513654634889875
58.37562, 8.752732232435179
58.39611, 13.754109457658203
58.4166, 6.755497192238135
58.43709, 1.756895489161849
58.45758, 10.75830440132368
58.47807, 2.759723981522484
58.49856, 11.761154282462812
58.51905, 4.762595356753543
58.53954, 3.2359527430919535
58.56003, 3.765510035340789
58.58052, 1.7669837443708758
58.601, 17.76846770893587
58.62149, 19.76996343032033
58.64199, 9.771470976738364
58.66247, 2.7729881858034133
58.68296, 1.2254826763588866
58.70345, 2.77605770386511
58.72394, 9.777609378089274
58.74443, 3.2208276021761932
58.76492, 9.780746814475123
58.78541, 15.782332679344087
58.8059, 2.7839300436264978
58.82639, 4.7855389584114185
58.84688, 5.787159474681001
58.86737, 5.211208356690872
58.88786, 4.790435515061759
58.90835, 3.792091140595396
58.92884, 7.7937585704564505
58.94932, 3.2045629673821843
58.96982, 6.7971290447918555
58.99031, 5.201167810197919
59.01079, 3.8005465002077017
59.03128, 3.1977262998952938
59.05177, 1.8040130052320151
59.07226, 3.8057644653457743
59.09275, 6.807528130085942
59.11324, 0.8093040489762231
59.13373, 3.8110922714229254
59.15422, 4.812892846713538
59.17471, 1.1852941759825129
59.1952, 3.8165312523842054
59.21569, 3.818369180743602
59.23618, 7.179780342095842
59.25667, 4.822082732551749
59.27716, 8.823958453250288
59.29764, 1.1741540562909343
59.31814, 14.827748026439668
59.33863, 4.829661975439066
59.35911, 3.8315878200106894
59.3796, 0.1664725112177834
59.40009, 5.835480092350849
59.42058, 12.83744567840025
59.44107, 3.839424294489177
59.46156, 6.841415988044307
59.48205, 3.1565791936371923
59.50254, 1.8454387966121288
59.52303, 8.847470005826349
59.54352, 10.849514480909171
59.56401, 1.1484277313699103
59.5845, 5.8536434156253705
59.60499, 1.1442720316041317
59.62548, 2.8578259733080884
59.64596, 1.1400635572125317
59.66646, 8.862062524339926
59.68695, 4.864201162507776
59.70743, 2.8663523831773574
59.72792, 2.131481667190993
59.74841, 4.129301990127779
59.7689, 1.8728914597632915
59.78939, 2.124901272261358
59.80988, 3.877319858912024
59.83037, 8.879554898254028
59.85086, 6.881803890591684
59.87135, 4.884066880607623
59.89184, 4.886343912838427
59.91233, 2.888635031675591
59.93282, 10.890940281363477
59.95331, 9.893259705997899
59.9738, 1.1044066504717698
59.99428, 5.897940106387857
60.01478, 2.099696531679445
60.03527, 1.0973199692691367
60.05575, 4.9050698159223245
60.07624, 1.9074752008474256
60.09673, 1.0901049348239624
60.11722, 1.91232945179625
60.13771, 1.9147784034402662
60.1582, 4.917241962686425
60.17869, 2.080279828044887
60.19918, 9.922213073511681
60.21967, 6.9247207094629
60.24016, 4.072756878243663
60.26065, 9.929780352180835
60.28114, 5.067667557635556
60.30163, 2.065100566224501
60.32212, 17.937481367720192
60.34261, 2.9400782853405545
60.3631, 8.942690227617952
60.38359, 2.9453172353675896
60.40407, 8.052041943915011
60.42456, 5.950615309165375
60.44505, 3.9532877491533505
60.46554, 4.955975416201063
60.48603, 2.958678350292761
60.50652, 3.038603408758206
60.52701, 0.9641301786942336
60.5475, 5.966879152123816
60.56799, 3.9696435508344194
60.58848, 0.027576586043625895
60.60897, 6.024781219551482
60.62946, 1.0219703109046243
60.64995, 0.9808561785065706
60.67044, 6.98369828711693
60.69093, 7.0134439468151655
60.71142, 6.989429514791656
60.73191, 7.992318709842451
60.75239, 6.995222254459808
60.77288, 4.001856978331677
60.79337, 2.001079634939323
60.81386, 10.004032131456675
60.83435, 4.992999451775557
60.85484, 4.009984922062465
60.87533, 1.012985289607304
60.89582, 10.016001687312297
60.91631, 13.0190341514453
60.9368, 11.022082718087873
60.95729, 6.025147423135024
60.97778, 5.02822830229443
60.99827, 7.031325391084849
61.01876, 1.0344387248372158
61.03925, 8.037568338690253
61.05974, 8.040714267594321
61.08023, 2.043876546307054
61.10071, 10.047053654066868
61.1212, 17.050248727876365
61.1417, 6.05346182597658
61.16218, 8.056688268196396
61.18267, 0.9400671975229855
61.20316, 7.063193891023474
61.22365, 0.06647156722983283
61.24414, 4.069765864289856
61.26463, 4.0730768152002526
61.28512, 18.076404452754616
61.30561, 2.9202511904500383
61.3261, 4.916890082021673
61.34659, 6.086487810231127
61.36708, 15.089882518294846
61.38757, 1.9067059260462713
61.40806, 0.9032774912140695
61.42855, 6.100167854164447
61.44903, 0.8963715526276133
61.46952, 13.107107698842228
61.49002, 5.110605664194956
61.5105, 6.114117242537713
61.53099, 0.11764759563559579
61.55148, 5.12119504313106
61.57197, 4.124759614932696
61.59246, 0.8716586592647211
61.61295, 7.13194025002289
61.63344, 2.135556372061732
61.65393, 6.139189735905841
61.67442, 14.142840370392882
61.69491, 3.1465083041415127
61.7154, 5.1501935655555116
61.73589, 6.153896182818421
61.75638, 0.15761618389475274
61.77687, 1.838646403470733
61.79735, 5.1651066114581
61.81784, 4.168878921025488
61.83834, 3.1726705779024833
61.85882, 0.8235239526412208
61.87931, 12.180300917609753
61.8998, 0.8158566388002733
61.92029, 7.188003404306556
61.94078, 2.191881072882655
61.96127, 3.1957763926506892
61.98176, 4.199689389106453
62.00225, 3.7963799124861595
62.02274, 2.7924314870917257
62.04323, 1.788465309907096
62.06372, 3.2155186436378393
62.08421, 8.21952039788091
62.1047, 2.2235399769247692
62.12519, 1.227577404639888
62.14567, 2.231630721133371
62.16616, 4.235703908110203
62.18666, 0.7602029850528851
62.20715, 2.243906071298234
62.22763, 0.24803107355862508
62.24812, 11.25217607248291
62.26861, 7.743660919505253
62.2891, 5.260520119551437
62.30959, 5.735280788631513
62.33008, 3.268936377416665
62.35057, 2.2731716389221255
62.37106, 6.277425016866161
62.39155, 1.2816965319846254
62.41204, 6.285986204763709
62.43253, 3.290294055443873
62.45302, 13.294620104014157
62.47351, 4.29896437021657
62.49399, 0.30332474000001497
62.51449, 6.307707633223366
62.53498, 2.6878933317494678
62.55547, 5.316523997355247
62.57595, 3.6790425302387675
62.59644, 11.325411433246423
62.61693, 5.329883745466482
62.63742, 0.33437442413057283
62.65791, 0.3388834866903707
62.6784, 7.343410950338281
62.69889, 8.347956832008123
62.71938, 7.352521148370638
62.73987, 5.35710391583833
62.76036, 2.361705150559601
62.78085, 10.366324868418772
62.80134, 10.37096308503714
62.82183, 5.375619815770591
62.84231, 13.38029278945951
62.86281, 10.384988879674637
62.8833, 6.610298757776029
62.90379, 3.3944321776419883
62.92427, 10.399179377439015
62.94476, 3.403947491293664
62.96525, 4.40873421924837
62.98574, 6.413539574506284
63.00623, 5.418363569995535
63.02672, 5.423206218371597
63.04721, 2.428067532014783
63.0677, 8.432947523028105
63.08819, 11.437846203238738
63.10868, 8.442763584196157
63.12917, 1.4476996771700321
63.14966, 4.45265449315141
63.17015, 4.457628042850487
63.19063, 1.4626178956677123
63.21113, 0.46763138483252575
63.23162, 2.5273388028760735
63.25211, 9.477709783148729
63.27259, 6.482774674523135
63.29308, 7.487860826434474
63.31358, 10.492968275122227
63.33406, 3.5019104590633354
63.35455, 7.503232120103789
63.37504, 2.5083935244480244
63.39553, 6.513573761534218
63.41602, 6.481227161367592
63.43651, 2.5239907627200218
63.457, 10.529227540483092
63.47749, 1.4655168216881194
63.49798, 6.5397576823005465
63.51847, 2.5450510582488626
63.53896, 9.550363311656646
63.55945, 2.5556944477284205
63.57994, 4.561044471366987
63.60043, 5.566413387177391
63.62091, 4.5717985653677715
63.6414, 7.577205268901409
63.6619, 11.582633529150499
63.68238, 0.4119246081255241
63.70287, 1.59353881779883
63.72336, 0.40097884283992613
63.74385, 4.3954775875631675
63.76434, 10.610042585798297
63.78483, 2.6155816791045865
63.80532, 4.621139693907011
63.82581, 3.6267166314472945
63.8463, 6.6323124926545844
63.86679, 1.3620727218554514
63.88728, 10.643560988222468
63.90777, 8.649213622877504
63.92826, 6.345114818216601
63.94875, 5.660575664297703
63.96923, 3.666282278412119
63.98972, 14.672010595715083
64.01021, 10.677757832795756
64.0307, 11.683523987737914
64.05119, 0.31069094169594536
64.07168, 1.6951130419362208
64.09217, 0.29906406424807486
64.11266, 1.7067777365457246
64.13315, 5.712638440787021
64.15364, 8.71851804462051
64.17413, 4.724416543863001
64.19462, 6.730333934003266
64.21511, 4.736270210202701
64.2356, 3.257774632707374
64.25608, 1.2518035204138442
64.27658, 8.75419230181446
64.29707, 6.760204067251966
64.31755, 1.7662317417882782
64.33805, 0.7722841619955005
64.35853, 0.778349511109937
64.37902, 5.784436652625871
64.39952, 1.7905456062742537
64.42, 8.79666741016458
64.44049, 9.80281100949064
64.46098, 5.191026589175838
64.48147, 11.815154604964079
64.50196, 9.821354582370208
64.52245, 12.827573333156618
64.54294, 3.1661891529053854
64.56343, 11.84006711360886
64.58392, 5.8463421217791804
64.6044, 14.852632784157276
64.6249, 0.14105168232975274
64.64539, 8.865279481810056
64.66587, 13.87162623688025
64.68637, 0.12200211910012726
64.70685, 7.88438196838268
64.72734, 8.890787823983779
64.74784, 4.89721546128267
64.76832, 9.903655446260196
64.78881, 4.910117184419732
64.8093, 12.916597520986528
64.82979, 3.9230964408104008
64.85028, 4.929613928381052
64.87077, 13.93614996782858
64.89126, 8.942704542920161
64.91175, 18.949277637064625
64.93224, 2.0441307666960853
64.95272, 3.9624760838094204
64.97322, 0.030892137576898904
64.99371, 0.024245140433684753
65.01419, 0.9824170298229227
65.03469, 4.989104126928098
65.05517, 4.995803083744974
65.07566, 16.002523680213287
65.09616, 5.990734076675807
65.11664, 7.016019912684872
65.13713, 0.9772044922210661
65.15762, 7.029589394215616
65.17811, 10.036401550607064
65.1986, 0.04323195518520606
65.21909, 11.050080585806775
65.23958, 4.056947419952049
65.26007, 10.063832434719494
65.28056, 4.07073560683024
65.30104, 0.07765353030706024
65.32154, 5.084596328049848
65.34203, 5.091553828689388
65.36251, 9.09852598095371
65.38301, 3.1055229859724136
65.40349, 4.887468834515257
65.42398, 10.119560746233304
65.44448, 2.1266117281715644
65.46496, 0.13367375290883388
65.48545, 0.1407571249521773
65.50594, 9.147858372893765
65.52643, 9.154977468811815
65.54692, 4.162114384392552
65.56741, 9.169269090928388
65.5879, 7.176441559316448
65.60839, 9.183631760056514
65.62888, 9.190839663252063
65.64936, 1.1980617079093392
65.66986, 16.20530845542476
65.69035, 10.212569282612037
65.71083, 1.2198441322136695
65.73133, 4.2271436417008275
65.75181, 10.234453535847365
65.7723, 2.2417844769826445
65.7928, 16.24913645756471
65.81328, 1.7435013276779472
65.83377, 6.2638818590781895
65.85426, 6.728717607087976
65.87475, 7.278700239077132
65.89524, 10.286135362416477
65.91573, 6.293587727360592
65.93622, 0.3010572979269881
65.95671, 3.3085440377200364
65.9772, 5.316047909927473
65.99769, 3.6764311226775632
66.01818, 6.33110690226048
66.03867, 3.3386619466781937
66.05915, 3.346230272486025
66.07965, 2.3538229396061823
66.10013, 8.361425093783524
66.12062, 4.369047818873781
66.14112, 1.623308900630228
66.1616, 4.384343697092614
66.18209, 6.392016768608418
66.20258, 3.399706539941782
66.22307, 6.407412969220399
66.24356, 2.4151360141423197
66.26405, 1.4228756319758382
66.28454, 11.430631779558848
66.30503, 13.438404413295792
66.32552, 0.5538065108401966
66.34601, 11.45399896269053
66.3665, 1.4618207889904085
66.38699, 1.4696589227274401
66.40747, 1.5224905191093043
66.42797, 1.5146160710036725
66.44845, 5.506733144349923
66.46894, 4.498830250804708
66.48944, 3.5090925856738124
66.50992, 6.517023710974598
66.53041, 8.52497468282196
66.5509, 5.467058416356128
66.57139, 7.540924364135435
66.59188, 0.45107702545595885
66.61237, 1.4430626353295182
66.63286, 1.4350325161331732
66.65335, 0.5730132810339441
66.67384, 2.418925295377612
66.69433, 1.5891517026305415
66.71482, 12.5972442226023
66.73531, 0.39464778836969927
66.75579, 5.613471648027051
66.77629, 0.6216143829362935
66.79677, 3.629764473852944
66.81726, 2.63793379345649
66.83776, 0.3538776911596173
66.85824, 4.654317970057605
66.87873, 9.66253271527916
66.89922, 19.670762489825513
66.91971, 12.679007236651504
66.9402, 11.687266898245596
66.96069, 4.6955414166291085
66.98118, 0.7038307333592506
67.00167, 5.712134789520597
67.02216, 2.7204535257320472
67.04265, 0.728786882140156
67.06314, 0.7371347984189995
67.08363, 8.745497213772783
67.10411, 2.7538699751536626
67.12461, 7.7622652961408
67.1451, 9.770670839187204
67.16558, 5.77908652067995
67.18608, 3.7875246155040756
67.20656, 4.7959685954671585
67.22705, 0.19556924478128224
67.24754, 6.812906910545195
67.26803, 1.8213969963454133
67.28852, 7.829900947033508
67.30901, 0.8384186965408134
67.3295, 8.846950178309907
67.34999, 2.855495325299106
67.37048, 6.864054069976849
67.39097, 3.1273736556769443
67.41146, 8.881212079827502
67.43195, 9.88981120748732
67.45243, 0.10158054867509847
67.47293, 1.0929506391971628
67.49342, 4.915688245987141
67.5139, 4.92433601664975
67.5344, 3.066994721487788
67.55488, 4.941679044012371
67.57537, 0.9503699369156351
67.59586, 1.0409263478324497
67.61635, 0.03220988370573963
67.63684, 1.9765192553178288
67.65733, 7.98526099475766
67.67782, 9.994015259626952
67.69831, 1.997218025566255
67.7188, 1.011561063179311
67.73929, 0.020352449355854674
67.75978, 4.029156055947567
67.78027, 0.9620281945732785
67.80075, 2.046795308472415
67.82125, 2.9443605796190937
67.84174, 3.0644911282398155
67.86222, 1.9266496649073552
67.88272, 0.0822299468178933
67.9032, 3.091112556784033
67.92369, 3.8999889130282597
67.94419, 4.108925472634478
67.96467, 10.117842577777587
67.98516, 1.1267753735311103
68.00565, 5.135719425404851
68.02614, 2.1446746496567712
68.04663, 3.1536409620236547
68.06712, 1.1626182777132037
68.08761, 8.82839348859239
68.1081, 6.18060557725882
68.12859, 10.189615388889685
68.14907, 3.8013685455702415
68.16957, 9.207666901327421
68.19006, 3.216708426720679
68.21054, 0.2257559268195024
68.23104, 4.234822573320592
68.25152, 2.2438905856865823
68.27201, 1.252973149563978
68.29251, 3.26207018905718
68.31299, 10.271168292929037
68.33348, 2.2802806894843
68.35397, 5.289402846431258
68.37446, 2.701465329052425
68.39495, 4.307676069664467
68.41544, 1.3168269486720412
68.43593, 8.32598721350945
68.45642, 5.3351567691692665
68.47691, 3.344335520095658
68.49739, 2.6464811160883066
68.51789, 1.3627202227658195
68.53838, 5.371925980641194
68.55886, 2.3811360468048193
68.57936, 1.6096361793568406
68.59984, 1.3995911979348143
68.62033, 0.5911684103685033
68.64083, 5.418084908130698
68.66131, 5.572662494670279
68.6818, 3.4366028276675706
68.70229, 13.445876257620043
68.72278, 9.455157692950628
68.74327, 3.4644470308562987
68.76376, 3.52625583202774
68.78425, 4.483049000362929
68.80474, 4.5076385764714715
68.82523, 3.5016813323984337
68.84571, 0.48899593256892615
68.86621, 4.520343184116644
68.8867, 1.4703150860306806
68.90718, 1.539029139217071
68.92768, 1.5483894448731732
68.94816, 5.5577474584873165
68.96865, 10.567116774019183
68.98915, 9.576497291584893
69.00963, 13.585875168557223
69.03012, 0.5952640264947746
69.05061, 0.6046591765305074
69.0711, 0.6140605066759619
69.09159, 2.3765320956430003
69.11208, 1.6328812564148123
69.13257, 7.642300449102699
69.15306, 2.3482746319089074
69.17355, 1.6611558984529147
69.19403, 5.329412681829631
69.21453, 5.680033330663381
69.23502, 0.6894799997100698
69.2555, 4.698927200402441
69.276, 2.2916113427634066
69.29648, 4.717845790429941
69.31697, 1.727312330560519
69.33747, 3.263211835122256
69.35795, 1.2537406973296576
69.37844, 7.755739493496346
69.39893, 2.765223992395356
69.41942, 5.774712677287095
69.43991, 5.7842054254830835
69.4604, 14.793702113689093
69.48089, 3.803202618006683
69.50138, 12.812706813927381
69.52187, 2.8222145763334154
69.54236, 1.1682742205032142
69.56285, 13.84124029707694
69.58334, 0.14924199787667547
69.60382, 11.86027411980011
69.62432, 6.869802463726966
69.6448, 12.879324313302188
69.66529, 15.88885348510778
69.68579, 13.898389852930492
69.70627, 2.9079193286534597
69.72676, 2.082544261538736
69.74725, 11.926994297969134
69.76774, 1.9365348746513753
69.78823, 6.946077335363039
69.80872, 3.9556215463277127
69.82921, 3.03483262685414
69.8497, 1.0252853192147136
69.87019, 5.98426333358767
69.89068, 7.006186804739976
69.91117, 12.003364128880108
69.93166, 4.012915996890996
69.95214, 12.022463998818075
69.97264, 7.032021982681108
69.99312, 4.04157115937894
70.01361, 0.9488746234816681
70.03411, 4.060684493805638
70.05459, 2.070234380799487
70.07508, 7.079788884531247
70.09557, 1.9106568006854197
70.11606, 3.098897181834694
70.13655, 14.10845068813272
70.15704, 0.11800357360158742
70.17753, 5.127555692988217
70.19802, 9.1371069003876
70.21851, 2.1466570492450785
70.239, 7.156205992354842
70.25949, 3.165753581856901
70.27998, 5.175299669235663
70.30046, 21.184839447655982
70.32096, 4.19438674029222
70.34144, 8.203922767896124
70.36193, 1.2134613495770985
70.38243, 3.2230023303429363
70.40291, 9.232531597040271
70.4234, 4.757937042774781
70.44389, 7.251591603543915
70.46438, 3.2611173815346177
70.48487, 8.270640136073482
70.50536, 16.280159711365798
70.52585, 4.71032404905246
70.54634, 5.2991886976855795
70.56683, 1.691302206224023
70.58732, 5.31820308073517
70.60781, 5.327704399414149
70.6283, 0.6627984100166664
70.64878, 18.34668986006566
70.66928, 7.356182944091504
70.68977, 5.634333215415751
70.71025, 15.375141225871403
70.73075, 5.3846199797305445
70.75123, 8.394084387228858
70.77172, 0.596451848571558
70.79221, 8.41300648450003
70.8127, 5.422459220478288
70.83319, 4.4319061927117644
70.85368, 2.5586527661415133
70.87417, 4.450782175885827
70.89466, 3.4602108500671065
70.91515, 7.469633086986271
70.93564, 2.479048716531789
70.95613, 0.5115424321052018
70.97662, 4.497859469570486
70.9971, 10.507249666065107
71.0176, 4.516641734349932
71.03809, 4.526021750947692
71.05857, 1.53538955261525
71.07907, 6.544758681031006
71.09955, 7.554110679368726
71.12004, 8.563459076322665
71.14053, 0.5727991263955587
71.16102, 8.582130651753296
71.18151, 0.5914534738520771
71.202, 2.600767413437506
71.22249, 5.38992770945795
71.24298, 2.6193679244866175
71.26347, 12.6286541338749
71.28396, 2.637930736595827
71.30445, 4.352802450179837
71.32494, 8.656454390002065
71.34542, 3.66569656260355
71.36592, 6.674937413448504
71.38641, 7.684163226012931
71.40689, 5.6933738294139005
71.42739, 7.702582520651884
71.44787, 1.7117711437852705
71.46836, 3.279047021737739
71.48886, 3.730127818089308
71.50934, 6.739282055086992
71.52983, 8.748428916559668
71.55032, 3.7575637382680043
71.57081, 9.76668632794069
71.5913, 8.775796492572496
71.61179, 6.784894038420131
71.63228, 3.793978771003964
71.65277, 5.8030504951031325
71.67326, 3.1878909852405855
71.69374, 6.821149722163728
71.71424, 2.830185653186124
71.73473, 4.839203376322953
71.75521, 4.848202712983092
71.77571, 1.1428033642379418
71.79619, 0.8661673952437638
71.81668, 9.875127941594329
71.83718, 3.8840780513656696
71.85766, 1.893004435082542
71.87815, 5.901919976098064
71.89864, 7.910820107957388
71.91913, 15.919704625712722
71.93962, 5.928573323659013
71.96011, 2.06257400466896
71.9806, 2.9462624335036445
72.00109, 10.955082430191965
72.02158, 9.963885776646734
72.04206, 11.972667979319041
72.06256, 13.981441680040795
72.08305, 2.9901938156564114
72.10353, 2.9989241998098706
72.12403, 13.007645395659083
72.14451, 1.0163401730240622
72.165, 2.0250210674367892
72.1855, 5.033687837296455
72.20598, 10.042327597388866
72.22647, 1.9490471991927159
72.24696, 5.059559007144234
72.26745, 0.06814599839732338
72.28794, 4.076713555783087
72.30843, 1.91473854026518
72.32892, 6.09378948990528
72.34941, 0.8977025748352787
72.3699, 6.110785043593658
72.39038, 5.880752004762417
72.41088, 9.127698438362405
72.43137, 1.1361237669320339
72.45185, 3.144523786765962
72.47235, 8.152910561082763
72.49283, 5.161267498932936
72.51332, 3.1696066303926322
72.53382, 1.8220723050071754
72.5543, 7.186218302831712
72.57479, 0.8055096150741257
72.59528, 2.2027396570161883
72.61577, 5.21096588765851
72.63626, 7.219168844606024
72.65675, 2.227348294811815
72.67724, 9.235504004420548
72.69773, 5.243635738771392
72.71822, 3.2517432623944735
72.7387, 7.259822400126968
72.7592, 4.267884731538
72.77969, 7.275918202067391
72.80017, 2.2839226096637404
72.82067, 2.7080905785313476
72.84115, 16.299862813270735
72.86164, 2.3077942132150753
72.88214, 8.315703341247264
72.90262, 1.6764216005232981
72.92311, 15.331430699373598
72.9436, 11.339256144794827
72.96409, 3.347054490471095
72.98458, 4.354825490309047
73.00507, 8.362568897386073
73.02556, 7.370284463954679
73.04605, 8.377971941434218
73.06654, 7.385631080416012
73.08703, 1.3932616306562373
73.10752, 17.40086334108028
73.12801, 6.408435959777048
73.14849, 9.415975559756244
73.16899, 3.423492910161329
73.18947, 11.4309730887345
73.20996, 3.4384268194205596
73.23046, 1.5541461981545552
73.25094, 3.546757067344579
73.27143, 11.46060480046162
73.29192, 4.467935531156623
73.31241, 9.475234865251512
73.3329, 2.4825025424116127
73.35339, 1.5102616985472537
73.37388, 6.49694188033612
73.39437, 0.5041130161721306
73.41486, 8.511251445217315
73.43535, 9.51835690287118
73.45584, 4.474570876321952
73.47633, 5.532467841322134
73.49681, 7.539469378193797
73.51731, 6.546443697565692
73.53779, 7.5533769222813305
73.55828, 15.560278963854486
73.57878, 15.56714950083532
73.59926, 6.5739782329280665
73.61975, 5.580774916572857
73.64024, 9.587535935606784
73.66073, 13.594261015926431
73.68122, 16.600949882558904
73.70171, 13.607602259657739
73.7222, 0.614217870501637
73.74269, 9.620796437492903
73.76318, 1.6273376821531613
73.78367, 0.36615867487082454
73.80416, 1.6403070861854054
73.82465, 19.64673468420468
73.84513, 10.653120728427822
73.86563, 9.65947426224474
73.88611, 8.665782604930715
73.9066, 2.672054741190852
73.9271, 4.321709672266714
73.94758, 9.684479981992219
73.96807, 7.690632512765632
73.98856, 16.69674459979055
74.00905, 8.702815953949706
74.02954, 8.708846285231825
74.05003, 3.7148353027261436
74.07052, 8.720782714625454
74.09101, 4.7266882282190785
74.1115, 9.732551549900919
74.13199, 5.738372385155046
74.15248, 0.7441504385660629
74.17297, 5.749885413812827
74.19345, 12.755574246545919
74.21395, 7.761224939977744
74.23444, 1.2331711062882036
74.25492, 2.2276141276127213
74.27542, 4.777903682681526
74.2959, 8.783371256544246
74.31639, 2.788796333342674
74.33688, 3.794175928768656
74.35737, 2.799509738282101
74.37786, 3.804797456431146
74.39835, 12.810038776834258
74.41884, 1.8152333921931074
74.43933, 4.820380994280683
74.45982, 8.825481273946856
74.48031, 4.830533921116032
74.5008, 4.835538624781329
74.52129, 3.8404950730074283
74.54177, 4.154599430431642
74.56227, 5.850261950742919
74.58276, 7.855071751720033
74.60324, 1.8598297290917287
74.62374, 3.1354575004536294
74.64422, 11.869200550095542
74.66471, 7.873810422361213
74.6852, 1.1216304897819924
74.70569, 2.1171225067036765
74.72618, 1.88733405028713
74.74667, 6.891738858930868
74.76716, 6.896091596026601
74.78765, 7.900391937420416
74.80814, 4.904639558010313
74.82863, 5.908834131744612
74.84912, 3.9129753316139855
74.86961, 1.9170628296620755
74.89009, 3.9210943416965414
74.91059, 8.925075403666696
74.93108, 2.928999818922758
74.95156, 6.932867335987574
74.97206, 1.9366832469767488
74.99254, 5.9404397727136455
75.01303, 6.944142122088724
75.03353, 4.947789877185841
75.05401, 5.9513774046404535
75.0745, 1.9549096636244911
75.09499, 7.958384550002936
75.11548, 4.9618017242544035
75.13597, 14.965160845884867
75.15646, 0.031538426577597534
75.17695, 7.971703564422647
75.19744, 4.025113524535666
75.21793, 9.978009962146071
75.23841, 0.9810721984942639
75.25891, 0.015922720081874786
75.2794, 2.9870204172997035
75.29988, 7.989901351089809
75.32038, 2.99272390740008
75.34086, 6.0045177712731785
75.36135, 4.998180049403594
75.38185, 6.0008169263123605
75.40233, 10.003388693052237
75.42282, 2.005898808481547
75.44331, 8.00834564629534
75.4638, 9.010728850233654
75.48429, 11.013048063035995
75.50478, 12.015302926448523
75.52527, 4.017493081214159
75.54576, 9.019618167070245
75.56625, 1.0216778227570096
75.58673, 0.023670729016938452
75.60723, 8.025599393534694
75.62772, 3.0274605810682864
75.6482, 14.02925402398769
75.6687, 12.03098193396118
75.68918, 0.03264057237973006
75.70967, 15.034232050149956
75.73017, 7.03575589811588
75.75065, 3.037209566114562
75.77114, 5.038594862565748
75.79163, 9.03991068846896
75.81212, 8.041156670402891
75.83261, 11.042332433923367
75.8531, 8.043437603561618
75.87359, 14.04447180282174
75.89408, 6.045434654183005
75.91457, 4.046325779094694
75.93505, 4.047144415906978
75.95555, 4.047891330212554
75.97604, 7.048564994159456
75.99652, 5.049165132036602
76.01702, 5.049692185424551
76.0375, 7.050144741422329
76.05799, 8.050523131441722
76.07849, 11.050826859423072
76.09897, 6.051055147954898
76.11946, 10.05120799765458
76.13995, 1.0512848887107715
76.16044, 6.051285430111019
76.18093, 14.05120922979335
76.20142, 11.05105589465164
76.22191, 11.050825030522631
76.2424, 9.05051624219329
76.26289, 9.050129133395156
76.28337, 14.049663553412664
76.30387, 8.04911836404041
76.32436, 4.048493905662767
76.34484, 13.047789894495128
76.36534, 0.04700483900739272
76.38582, 0.9538601313447437
76.40631, 2.045193371890921
76.42681, 5.04416482489124
76.44729, 1.0430553869009813
76.46778, 9.041863085957178
76.48827, 4.040588035788026
76.50876, 4.0392298273591045
76.52925, 13.037788050557268
76.54974, 10.036262294202576
76.57023, 4.034652146031302
76.59072, 1.0329571927030194
76.61121, 5.031177019798694
76.6317, 21.029311211817216
76.65219, 1.0273593521755338
76.67268, 2.9746789767967847
76.69316, 1.9768031353961888
76.71366, 5.020983281165204
76.73414, 0.01868417141535872
76.75463, 3.0162958098235357
76.77513, 7.013817643902179
76.79561, 9.011252941077274
76.8161, 10.008597584416528
76.83659, 1.005852378064347
76.85708, 3.0030168945238955
76.87757, 6.00009070520025
76.89806, 0.002926619605297276
76.91855, 7.993964489307679
76.93904, 4.9907636000366296
76.95953, 7.987470279568953
76.98002, 2.015915906213113
77.00051, 2.9806046074654624
77.021, 8.977031384265985
77.04148, 0.02663420036886066
77.06198, 4.96960197633042
77.08246, 13.965746819021938
77.10295, 3.961794309398897
77.12345, 3.9577438654108406
77.14393, 13.953601041954169
77.16442, 1.9493593969491734
77.18491, 15.945020484431595
77.2054, 4.9405838579981385
77.22589, 9.936049070127591
77.24638, 1.93141567216513
77.26687, 7.926683214329266
77.28736, 6.921851245708638
77.30785, 2.9169193142592675
77.32834, 4.911886966802513
77.34883, 8.90675374902629
77.36932, 0.09848079451882086
77.3898, 3.8961855088350035
77.4103, 2.89074431359397
77.43078, 5.1147942218459015
77.45127, 3.879561404709438
77.47177, 1.1261894192713982
77.49225, 4.867961335831385
77.51274, 11.862004714648354
77.53323, 2.8559430832194366
77.55372, 0.8497759757993926
77.57421, 5.843502925483627
77.5947, 3.8371234642171004
77.61519, 3.1693628772075613
77.63568, 4.824043430840277
77.65617, 7.817341916836369
77.67666, 3.1894678919074835
77.69715, 6.803613530762441
77.71764, 4.796585709837345
77.73812, 4.789451679403069
77.75862, 8.782200431325219
77.77911, 1.77484201788943
77.79959, 1.767376121809022
77.82009, 14.759791244258473
77.84057, 7.752101703286545
77.86106, 2.744295833919235
77.88155, 2.736376879044542
77.90204, 7.728344353110526
77.92253, 1.7201977693909782
77.94302, 8.711936639976145
77.96351, 1.7035604757749638
77.984, 2.6950687865136125
78.00449, 3.6864610807317035
78.02498, 1.3222631342185842
78.04547, 2.331104352169504
78.06596, 0.6599369318513268
78.08644, 2.3491353196854092
78.10694, 0.3583349802442868
78.12743, 3.6323508276232097
78.14791, 2.6229217786996273
78.16841, 10.613363472185487
78.18889, 2.603694056562695
78.20938, 13.593898952581423
78.22987, 14.583982347591292
78.25036, 6.573943735786205
78.27085, 4.563782610155194
78.29134, 2.5534984624791583
78.31183, 10.543090783332019
78.33232, 1.5325590620729699
78.35281, 1.5219027868516335
78.3733, 11.511121444606282
78.39379, 12.50021452105355
78.41428, 8.489181500697093
78.43476, 7.478027344171835
78.45526, 10.466735101498447
78.47575, 17.45532068556034
78.49623, 0.44378376325459
78.51673, 6.567893180897627
78.53721, 5.420312114893598
78.5577, 17.408381943888664
78.5782, 1.6036844095407545
78.59868, 10.384130281781822
78.61917, 2.371807736404083
78.63966, 3.3593533432344245
78.66015, 2.3467665720504307
78.68064, 1.665953108613806
78.70113, 1.678806231457802
78.72162, 8.308206669570282
78.74211, 10.295085059285679
78.7626, 6.281828401258981
78.78308, 1.26844272695935
78.80358, 1.2549077900200878
78.82407, 4.241242757711436
78.84455, 2.772552710903966
78.86505, 2.213500532587638
78.88553, 9.199429157789424
78.90602, 2.8147878914742854
78.92652, 5.170848634674471
78.947, 7.156359310555601
78.96749, 0.14172246518572962
78.98798, 2.8730554109857422
79.00847, 1.1120251305542865
79.02896, 3.903036462951281
79.04945, 2.0817592544806693
79.06994, 10.066411727558684
79.09043, 0.05092039972285889
79.11092, 0.9647152868573201
79.1314, 4.019511845762487
79.1519, 3.9964219739464824
79.17239, 6.987505903507614
79.19287, 1.0287048705786006
79.21337, 5.954921285732183
79.23385, 15.938415756274555
79.25434, 4.078246095465875
79.27484, 8.904934944900369
79.29532, 6.887983030394679
79.31581, 3.129127131995709
79.3363, 0.14638787340953385
79.35679, 1.1637997670671822
79.37728, 6.818636612517182
79.39777, 3.1990793104655353
79.41826, 5.2169481131204805
79.43875, 5.765029626148088
79.45924, 0.2531466723614386
79.47972, 1.2714686055723625
79.50022, 2.2899637080363817
79.52071, 0.3086056111226725
79.54119, 10.672605328767819
79.56169, 0.6536408876118855
79.58217, 0.36546251795289564
79.60266, 3.6152666551952386
79.62316, 2.595827584937588
79.64364, 4.576248243705514
79.66413, 2.4435005251952866
79.68462, 1.4634097945710671
79.70511, 2.516519840146838
79.7256, 0.49628778221273606
79.74609, 0.5241065664462816
79.76658, 1.4553361947723502
79.78707, 2.434615465148635
79.80756, 3.4137306426300746
79.82804, 5.3926914371763175
79.84854, 1.3714663040616841
79.86903, 4.350085577254514
79.88951, 10.328548892734972
79.91001, 5.306823971708173
79.93049, 1.2849525946135145
79.95098, 11.262902234847342
79.97148, 6.240672032754638
79.99196, 5.218294030245744
