10.0, 57.81900053874227
10.02, 57.779114617810876
10.04, 57.738727844024766
10.06, 57.6978449511914
10.08, 57.656470648406895
10.1, 57.614609620140385
10.12, 57.57226652631945
10.14, 57.529446002414375
10.16, 57.486152659523384
10.18, 57.4423910844564
10.2, 57.398165839819626
10.22, 57.35348146409939
10.24, 57.308342471745846
10.26, 57.26275335325681
10.28, 57.21671857526084
10.3, 57.1702425806011
10.32, 57.12332978841755
10.34, 57.075984594230675
10.36, 57.028211370023286
10.38, 56.9800144643238
10.4, 56.93139820228788
10.42, 56.882366885781096
10.44, 56.83292479346048
10.46, 56.78307618085611
10.48, 56.732825280453056
10.5, 56.682176301772614
10.52, 56.631133431453264
10.54, 56.57970083333194
10.56, 56.52788264852461
10.58, 56.47568299550679
10.6, 56.4231059701942
10.62, 56.37015564602305
10.64, 56.31683607402999
10.66, 56.2631512829316
10.68, 56.209105279204664
10.7, 56.154702047165415
10.72, 56.09994554904898
10.74, 56.04483972508791
10.76, 55.98938849359192
10.78, 55.93359575102642
10.8, 55.87746537209054
10.82, 55.82100120979666
10.84, 55.764207095547164
10.86, 55.70708683921396
10.88, 55.64964422921494
10.9, 55.59188303259279
10.92, 55.533806995091595
10.94, 55.47541984123512
10.96, 55.41672527440278
10.98, 55.3577269769074
11.0, 55.29842861007157
11.02, 55.238833814304684
11.04, 55.17894620917875
11.06, 55.11876939350506
11.08, 55.05830694540984
11.1, 54.997562422410624
11.12, 54.936539361491384
11.14, 54.87524127917865
11.16, 54.81367167161591
11.18, 54.75183401463974
11.2, 54.68973176385438
11.22, 54.627368354706164
11.24, 54.56474720255872
11.26, 54.50187170276715
11.28, 54.43874523075206
11.3, 54.37537114207416
11.32, 54.3117527725075
11.34, 54.247893438113834
11.36, 54.18379643531594
11.38, 54.119465040970795
11.4, 54.05490251244282
11.42, 53.99011208767746
11.44, 53.92509698527303
11.46, 53.85986040455438
11.48, 53.79440552564486
11.5, 53.728735509538524
11.52, 53.66285349817284
11.54, 53.59676261449988
11.56, 53.53046596255936
11.58, 53.46396662754859
11.6, 53.39726767589539
11.62, 53.33037215532832
11.64, 53.26328309494892
11.66, 53.19600350530169
11.68, 53.12853637844495
11.7, 53.060884688021815
11.72, 52.993051389330645
11.74, 52.92503941939495
11.76, 52.85685169703376
11.78, 52.78849112293102
11.8, 52.71996057970628
11.82, 52.6512629319833
11.84, 52.58240102645959
11.86, 52.5133776919767
11.88, 52.44419573958788
11.9, 52.37485796262757
11.92, 52.30536713678046
11.94, 52.235726020148945
11.96, 52.16593735332356
11.98, 52.096003859448416
12.0, 52.025928244291435
12.02, 51.95571319631185
12.04, 51.885361386726686
12.06, 51.81487546958007
12.08, 51.744258081808795
12.1, 51.67351184331139
12.12, 51.6026393570136
12.14, 51.531643208936146
12.16, 51.460525968260924
12.18, 51.389290187398245
12.2, 51.317938402052164
12.22, 51.246473131287786
12.24, 51.17489687759644
12.26, 51.103212126962205
12.28, 51.03142134892724
12.3, 50.95952699665739
12.32, 50.88753150700762
12.34, 50.815437300587206
12.36, 50.74324678182518
12.38, 50.67096233903442
12.4, 50.598586344476814
12.42, 50.526121154428466
12.44, 50.45356910924272
12.46, 50.38093253341577
12.48, 50.30821373564959
12.5, 50.23541500891662
12.52, 50.16253863052356
12.54, 50.089586862174315
12.56, 50.01656195003423
12.58, 49.943466124792195
12.6, 49.87030160172537
12.62, 49.79707058076113
12.64, 49.723775246539276
12.66, 49.65041776847585
12.68, 49.577000300825404
12.7, 49.50352498274276
12.72, 49.42999393834552
12.74, 49.35640927677551
12.76, 49.282773092261834
12.78, 49.20908746418132
12.8, 49.13535445712063
12.82, 49.06157612093742
12.84, 48.98775449082163
12.86, 48.913891587356574
12.88, 48.8399894165795
12.9, 48.766049970043014
12.92, 48.692075224874685
12.94, 48.618067143838175
12.96, 48.54402767539324
12.98, 48.46995875375609
13.0, 48.39586229895889
13.02, 48.3217402169096
13.04, 48.247594399451884
13.06, 48.1734267244245
13.08, 48.099239055721085
13.1, 48.02503324334762
13.12, 47.95081112348356
13.14, 47.87657451853971
13.16, 47.80232523721642
13.18, 47.72806507456309
13.2, 47.65379581203621
13.22, 47.57951921755733
13.24, 47.50523704557128
13.26, 47.43095103710448
13.28, 47.35666291982213
13.3, 47.28237440808613
13.32, 47.20808720301255
13.34, 47.133802992529155
13.36, 47.05952345143223
13.38, 46.985250241443424
13.4, 46.91098501126726
13.42, 46.8367293966474
13.44, 46.76248502042313
13.46, 46.68825349258634
13.48, 46.614036410337064
13.5, 46.53983535813981
13.52, 46.46565190778017
13.54, 46.39148761841929
13.56, 46.31734403665129
13.58, 46.24322269655676
13.6, 46.16912511975994
13.62, 46.09505281548286
13.64, 46.02100728060077
13.66, 45.94698999969722
13.68, 45.87300244511823
13.7, 45.79904607702741
13.72, 45.725122343460214
13.74, 45.65123268037826
13.76, 45.57737851172433
13.78, 45.50356124947524
13.8, 45.42978229369501
13.82, 45.35604303259208
13.84, 45.28234484256848
13.86, 45.20868908827629
13.88, 45.13507712266963
13.9, 45.06151028705855
13.92, 44.987989911161975
13.94, 44.91451731315891
13.96, 44.84109379974413
13.98, 44.76772066617747
14.0, 44.69439919633956
14.02, 44.62113066278164
14.04, 44.54791632677794
14.06, 44.47475743837953
14.08, 44.40165523646357
14.1, 44.3286109487868
14.12, 44.255625792037534
14.14, 44.18270097188463
14.16, 44.10983768303126
14.18, 44.037037109265015
14.2, 43.96430042350866
14.22, 43.89162878787141
14.24, 43.81902335369978
14.26, 43.74648526162716
14.28, 43.674015641626
14.3, 43.601615613056396
14.32, 43.52928628471702
14.34, 43.45702875489488
14.36, 43.384844111415305
14.38, 43.31273343169232
14.4, 43.240697782776266
14.42, 43.1687382214059
14.44, 43.09685579405573
14.46, 43.02505153698513
14.48, 42.95332647628976
14.5, 42.88168162794631
14.52, 42.810117997865945
14.54, 42.73863658193932
14.56, 42.667238366086224
14.58, 42.595924326304896
14.6, 42.524695428718616
14.62, 42.4535526296244
14.64, 42.382496875541506
14.66, 42.31152910325849
14.68, 42.24065023988106
14.7, 42.16986120287922
14.72, 42.09916290013592
14.74, 42.02855622999235
14.76, 41.958042081296526
14.78, 41.887621333449516
14.8, 41.81729485645266
14.82, 41.74706351095506
14.84, 41.67692814829712
14.86, 41.606889610560756
14.88, 41.536948730613744
14.9, 41.46710633215534
14.92, 41.39736322976387
14.94, 41.327720228940876
14.96, 41.25817812615887
14.98, 41.188737708904796
15.0, 41.11939975572756
15.02, 41.050165036281555
15.04, 40.98103431137321
15.06, 40.912008333005105
15.08, 40.84308784442223
15.1, 40.77427358015453
15.12, 40.70556626606455
15.14, 40.63696661938951
15.16, 40.56847534878733
15.18, 40.500093154378845
15.2, 40.43182072779524
15.22, 40.36365875221915
15.24, 40.29560790242965
15.26, 40.227668844845795
15.28, 40.159842237571155
15.3, 40.09212873043637
15.32, 40.024528965042066
15.34, 39.95704357480358
15.36, 39.88967318499343
15.38, 39.82241841278332
15.4, 39.75527986728815
15.42, 39.68825814960903
15.44, 39.62135385287459
15.46, 39.55456756228418
15.48, 39.48789985515069
15.5, 39.42135130094181
15.52, 39.35492246132313
15.54, 39.28861389019781
15.56, 39.22242613375275
15.58, 39.15635973049575
15.6, 39.09041521129976
15.62, 39.02459309944325
15.64, 38.95889391065208
15.66, 38.89331815314077
15.68, 38.8278663276522
15.7, 38.76253892750137
15.72, 38.69733643861289
15.74, 38.6322593395642
15.76, 38.567308101624974
15.78, 38.50248318879767
15.8, 38.437785057858434
15.82, 38.37321415839631
15.84, 38.30877093285403
15.86, 38.244455816568205
15.88, 38.180269237808716
15.9, 38.116211617817044
15.92, 38.05228337084969
15.94, 37.98848490421287
15.96, 37.92481661830527
15.98, 37.86127890665614
16.0, 37.79787215596451
16.02, 37.73459674613693
16.04, 37.671453050328836
16.06, 37.608441434981046
16.08, 37.54556225985954
16.1, 37.48281587809265
16.12, 37.4202026362112
16.14, 37.35772287418564
16.16, 37.295376925464325
16.18, 37.23316511701148
16.2, 37.17108776934441
16.22, 37.10914519657351
16.24, 37.04733770643733
16.26, 36.98566560034129
16.28, 36.92412917339402
16.3, 36.86272871444814
16.32, 36.801464506131225
16.34, 36.74033682488857
16.36, 36.679345941017715
16.38, 36.61849211870506
16.4, 36.55777561606362
16.42, 36.49719668516718
16.44, 36.436755572089595
16.46, 36.37645251694093
16.48, 36.31628775390058
16.5, 36.256261511257435
16.52, 36.19637401144183
16.54, 36.13662547106506
16.56, 36.077016100953045
16.58, 36.017546106182294
16.6, 35.958215686115466
16.62, 35.89902503443682
16.64, 35.83997433918782
16.66, 35.78106378280174
16.68, 35.7222935421388
16.7, 35.66366378852081
16.72, 35.60517468776655
16.74, 35.54682640022733
16.76, 35.48861908081929
16.78, 35.430552879059576
16.8, 35.372627939100255
16.82, 35.31484439976171
16.84, 35.25720239456871
16.86, 35.19970205178322
16.88, 35.142343494437426
16.9, 35.085126840368815
16.92, 35.028052202253605
16.94, 34.97111968764011
16.96, 34.914329398982346
16.98, 34.85768143367292
17.0, 34.80117588407748
17.02, 34.74481283756484
17.04, 34.688592376544875
17.06, 34.632514578496284
17.08, 34.57657951600305
17.1, 34.52078725678467
17.12, 34.46513786373072
17.14, 34.40963139493118
17.16, 34.35426790371193
17.18, 34.29904743866237
17.2, 34.24397004367151
17.22, 34.189035757958806
17.24, 34.13424461610518
17.26, 34.07959664808541
17.28, 34.02509187930008
17.3, 33.97073033060704
17.32, 33.91651201835202
17.34, 33.86243695440166
17.36, 33.808505146172564
17.38, 33.75471659666394
17.4, 33.701071304489176
17.42, 33.64756926390382
17.44, 33.5942104648409
17.46, 33.54099489293753
17.48, 33.48792252956636
17.5, 33.43499335186908
17.52, 33.38220733278263
17.54, 33.32956444107177
17.56, 33.27706464135903
17.58, 33.22470789415411
17.6, 33.17249415588421
17.62, 33.12042337892487
17.64, 33.0684955116275
17.66, 33.01671049835022
17.68, 32.965068279489515
17.7, 32.91356879150351
17.72, 32.86221196694882
17.74, 32.810997734505435
17.76, 32.759926019006
17.78, 32.7089967414652
17.8, 32.65820981910991
17.82, 32.607565165406015
17.84, 32.55706269008843
17.86, 32.50670229919032
17.88, 32.456483895067976
17.9, 32.40640737643437
17.92, 32.356472638383224
17.94, 32.30667957242076
17.96, 32.25702806648863
17.98, 32.207518004998064
18.0, 32.15814926885207
18.02, 32.10892173547887
18.04, 32.05983527885428
18.06, 32.010889769531786
18.08, 31.96208507467091
18.1, 31.91342105806143
18.12, 31.86489758015452
18.14, 31.81651449808689
18.16, 31.768271665709108
18.18, 31.720168933612996
18.2, 31.672206149156125
18.22, 31.62438315649277
18.24, 31.576699796596017
18.26, 31.529155907288043
18.28, 31.48175132326176
18.3, 31.43448587611502
18.32, 31.387359394367962
18.34, 31.34037170349592
18.36, 31.293522625952022
18.38, 31.246811981194156
18.4, 31.200239585709568
18.42, 31.15380525304454
18.44, 31.107508793823825
18.46, 31.06135001578238
18.48, 31.015328723786894
18.5, 30.96944471986299
18.52, 30.92369780321863
18.54, 30.878087770272998
18.56, 30.832614414676442
18.58, 30.787277527339484
18.6, 30.742076896456155
18.62, 30.69701230752966
18.64, 30.65208354339481
18.66, 30.6072903842456
18.68, 30.562632607658287
18.7, 30.518109988615066
18.72, 30.473722299529612
18.74, 30.429469310271003
18.76, 30.385350788187424
18.78, 30.341366498129844
18.8, 30.297516202477567
18.82, 30.253799661161537
18.84, 30.210216631684972
18.86, 30.166766869152553
18.88, 30.123450126289754
18.9, 30.080266153468045
18.92, 30.037214698726558
18.94, 29.994295507798
18.96, 29.95150832412972
18.98, 29.908852888909024
19.0, 29.866328941082315
19.02, 29.82393621738214
19.04, 29.781674452346834
19.06, 29.739543378346923
19.08, 29.69754272560374
19.1, 29.655672222212075
19.12, 29.613931594167582
19.14, 29.57232056538507
19.16, 29.53083885771946
19.18, 29.489486190991215
19.2, 29.448262283008006
19.22, 29.407166849584513
19.24, 29.366199604566447
19.26, 29.325360259851294
19.28, 29.28464852540938
19.3, 29.24406410930922
19.32, 29.20360671773298
19.34, 29.163276055004502
19.36, 29.12307182360408
19.38, 29.08299372419563
19.4, 29.04304145564339
19.42, 29.003214715036847
19.44, 28.963513197708807
19.46, 28.923936597257352
19.48, 28.884484605565035
19.5, 28.845156912824564
19.52, 28.805953207553216
19.54, 28.766873176618986
19.56, 28.72791650525494
19.58, 28.689082877086378
19.6, 28.650371974145344
19.62, 28.611783476894885
19.64, 28.57331706424634
19.66, 28.534972413582153
19.68, 28.49674920077203
19.7, 28.458647100198107
19.72, 28.42066578476937
19.74, 28.382804925943844
19.76, 28.345064193749664
19.78, 28.307443256801236
19.8, 28.269941782322036
19.82, 28.23255943616087
19.84, 28.195295882813326
19.86, 28.15815078544037
19.88, 28.121123805887066
19.9, 28.08421460470268
19.92, 28.047422841157697
19.94, 28.010748173264943
19.96, 27.974190257796437
19.98, 27.937748750302518
20.0, 27.901423305131573
20.02, 27.865213575447257
20.04, 27.829119213248703
20.06, 27.79313986938513
20.08, 27.757275193579318
20.1, 27.7215248344404
20.12, 27.685888439486746
20.14, 27.65036565516064
20.16, 27.61495612684874
20.18, 27.57965949889646
20.2, 27.54447541462946
20.22, 27.50940351636993
20.24, 27.474443445453403
20.26, 27.43959484224723
20.28, 27.404857346167063
20.3, 27.370230595696967
20.32, 27.33571422840157
20.34, 27.301307880948514
20.36, 27.26701118912294
20.38, 27.232823787844637
20.4, 27.198745311186457
20.42, 27.164775392387554
20.44, 27.130913663876242
20.46, 27.097159757280963
20.48, 27.06351330345123
20.5, 27.029973932468124
20.52, 26.996541273669436
20.54, 26.96321495565806
20.56, 26.92999460632487
20.58, 26.896879852859087
20.6, 26.8638703217687
20.62, 26.830965638895577
20.64, 26.798165429428593
20.66, 26.76546931792572
20.68, 26.732876928322725
20.7, 26.700387883954335
20.72, 26.668001807567066
20.74, 26.635718321336867
20.76, 26.603537046881996
20.78, 26.57145760528209
20.8, 26.53947961709082
20.82, 26.507602702351107
20.84, 26.475826480612994
20.86, 26.444150570945112
20.88, 26.41257459195384
20.9, 26.381098161794682
20.92, 26.349720898189872
20.94, 26.318442418440725
20.96, 26.287262339446414
20.98, 26.25618027771472
21.0, 26.22519584937686
21.02, 26.194308670205487
21.04, 26.163518355627275
21.06, 26.132824520734147
21.08, 26.10222678030405
21.1, 26.071724748809544
21.12, 26.041318040436124
21.14, 26.011006269092718
21.16, 25.98078904842879
21.18, 25.950665991846222
21.2, 25.920636712514977
21.22, 25.890700823384947
21.24, 25.860857937202354
21.26, 25.831107666520182
21.28, 25.801449623714348
21.3, 25.771883420997938
21.32, 25.74240867042832
21.34, 25.7130249839324
21.36, 25.68373197330874
21.38, 25.65452925024283
21.4, 25.625416426329082
21.42, 25.59639311307197
21.44, 25.56745892190702
21.46, 25.538613464209647
21.48, 25.50985635131127
21.5, 25.481187194508635
21.52, 25.452605605081004
21.54, 25.42411119430031
21.56, 25.39570357343956
21.58, 25.367382353795733
21.6, 25.3391471466922
21.62, 25.310997563495334
21.64, 25.282933215629356
21.66, 25.254953714584104
21.68, 25.227058671929058
21.7, 25.199247699325213
21.72, 25.171520408539124
21.74, 25.143876411451515
21.76, 25.116315320071465
21.78, 25.088836746548083
21.8, 25.0614403031837
21.82, 25.034125602441435
21.84, 25.00689225695791
21.86, 24.979739879560697
21.88, 24.95266808327284
21.9, 24.925676481328168
21.92, 24.898764687179636
21.94, 24.87193231451286
21.96, 24.845178977260673
21.98, 24.818504289604817
22.0, 24.791907865995853
22.02, 24.765389321163525
22.04, 24.738948270121767
22.06, 24.712584328184164
22.08, 24.686297110977506
22.1, 24.660086234443668
22.12, 24.633951314861008
22.14, 24.60789196884565
22.16, 24.581907813368417
22.18, 24.555998465765015
22.2, 24.53016354374128
22.22, 24.504402665388795
22.24, 24.478715449193402
22.26, 24.453101514044903
22.28, 24.42756047925144
22.3, 24.402091964541114
22.32, 24.376695590080033
22.34, 24.351370976479302
22.36, 24.3261177448054
22.38, 24.300935516589078
22.4, 24.275823913835694
22.42, 24.250782559037106
22.44, 24.22581107517871
22.46, 24.200909085748634
22.48, 24.176076214750196
22.5, 24.15131208670948
22.52, 24.126616326685536
22.54, 24.101988560278727
22.56, 24.077428413642366
22.58, 24.05293551348788
22.6, 24.028509487098944
22.62, 24.004149962337664
22.64, 23.979856567653798
22.66, 23.955628932094555
22.68, 23.93146668531432
22.7, 23.907369457580046
22.72, 23.883336879785986
22.74, 23.85936858345758
22.76, 23.835464200760555
22.78, 23.81162336451112
22.8, 23.787845708186666
22.82, 23.764130865932174
22.84, 23.74047847256375
22.86, 23.716888163584287
22.88, 23.693359575192574
22.9, 23.66989234428209
22.92, 23.64648610846129
22.94, 23.623140506054142
22.96, 23.599855176109685
22.98, 23.576629758410007
23.0, 23.553463893480057
23.02, 23.530357222593125
23.04, 23.507309387783323
23.06, 23.484320031844646
23.08, 23.461388798350242
23.1, 23.43851533165048
23.12, 23.41569927688596
23.14, 23.39294027999165
23.16, 23.370237987709316
23.18, 23.347592047590155
23.2, 23.325002108004554
23.22, 23.3024678181487
23.24, 23.279988828051188
23.26, 23.25756478858395
23.28, 23.23519535146673
23.3, 23.21288016927278
23.32, 23.190618895437836
23.34, 23.16841118426811
23.36, 23.146256690945478
23.38, 23.12415507153611
23.4, 23.102105982995397
23.42, 23.08010908317442
23.44, 23.0581640308323
23.46, 23.03627048563453
23.48, 23.014428108166044
23.5, 22.99263655993377
23.52, 22.970895503378586
23.54, 22.949204601875095
23.56, 22.927563519741767
23.58, 22.90597192224783
23.6, 22.884429475618276
23.62, 22.862935847040518
23.64, 22.84149070467066
23.66, 22.82009371763968
23.68, 22.798744556058352
23.7, 22.777442891026737
23.72, 22.756188394638343
23.74, 22.734980739984337
23.76, 22.713819601159457
23.78, 22.69270465327054
23.8, 22.671635572442995
23.82, 22.650612035822405
23.84, 22.629633721585435
23.86, 22.608700308939035
23.88, 22.587811478130817
23.9, 22.566966910455136
23.92, 22.546166288255023
23.94, 22.52540929493054
23.96, 22.504695614943444
23.98, 22.48402493382008
24.0, 22.46339693816168
24.02, 22.442811315645912
24.04, 22.422267755032323
24.06, 22.401765946167984
24.08, 22.381305579996024
24.1, 22.360886348551077
24.12, 22.340507944976878
24.14, 22.320170063523733
24.16, 22.29987239955048
24.18, 22.27961464953927
24.2, 22.25939651109087
24.22, 22.239217682934395
24.24, 22.21907786493219
24.26, 22.198976758080903
24.28, 22.178914064518892
24.3, 22.158889487532406
24.32, 22.138902731554197
24.34, 22.11895350217469
24.36, 22.09904150614284
24.38, 22.079166451370185
24.4, 22.059328046939413
24.42, 22.039526003098302
24.44, 22.01976003127845
24.46, 22.00002984408701
24.48, 21.98033515531918
24.5, 21.96067567995749
24.52, 21.94105113417561
24.54, 21.921461235346612
24.56, 21.901905702044274
24.58, 21.882384254043103
24.6, 21.86289661233056
24.62, 21.84344249910606
24.64, 21.82402163778417
24.66, 21.804633752995244
24.68, 21.785278570600212
24.7, 21.765955817681913
24.72, 21.74666522255754
24.74, 21.727406514773463
24.76, 21.708179425120022
24.78, 21.688983685622333
24.8, 21.669819029556407
24.82, 21.650685191440203
24.84, 21.63158190704729
24.86, 21.612508913402763
24.88, 21.593465948791277
24.9, 21.574452752757907
24.92, 21.55546906611113
24.94, 21.53651463092683
24.96, 21.517589190550297
24.98, 21.49869248960229
25.0, 21.47982427397801
25.02, 21.460984290848813
25.04, 21.44217228867339
25.06, 21.423388017193673
25.08, 21.404631227434948
25.1, 21.385901671718585
25.12, 21.367199103654798
25.14, 21.348523278149372
25.16, 21.32987395140981
25.18, 21.311250880940378
25.2, 21.292653825552406
25.22, 21.274082545359676
25.24, 21.255536801784842
25.26, 21.237016357564073
25.28, 21.21852097674298
25.3, 21.200050424683866
25.32, 21.181604468069168
25.34, 21.163182874895597
25.36, 21.144785414487046
25.38, 21.126411857488762
25.4, 21.10806197587391
25.42, 21.08973554294289
25.44, 21.071432333328914
25.46, 21.053152122992316
25.48, 21.034894689235472
25.5, 21.01665981068973
25.52, 20.99844726732971
25.54, 20.980256840466808
25.56, 20.962088312757402
25.58, 20.94394146819772
25.6, 20.925816092133886
25.62, 20.907711971254088
25.64, 20.8896288935984
25.66, 20.8715666485553
25.68, 20.853525026868937
25.7, 20.83550382062961
25.72, 20.817502823289885
25.74, 20.79952182965343
25.76, 20.781560635884006
25.78, 20.763619039503936
25.8, 20.745696839394697
25.82, 20.72779383580371
25.84, 20.709909830334027
25.86, 20.692044625958374
25.88, 20.674198027015365
25.9, 20.656369839204274
25.92, 20.63855986959723
25.94, 20.62076792663467
25.96, 20.602993820124823
25.98, 20.585237361245106
26.0, 20.567498362548974
26.02, 20.54977663795802
26.04, 20.5320720027718
26.06, 20.514384273658465
26.08, 20.496713268667264
26.1, 20.479058807218593
26.12, 20.461420710112122
26.14, 20.44379879952288
26.16, 20.426192899005542
26.18, 20.408602833493177
26.2, 20.391028429295915
26.22, 20.373469514107825
26.24, 20.355925917000178
26.26, 20.33839746842588
26.28, 20.320884000217916
26.3, 20.303385345591863
26.32, 20.285901339146335
26.34, 20.268431816861977
26.36, 20.250976616100388
26.38, 20.23353557560742
26.4, 20.216108535514252
26.42, 20.198695337329724
26.44, 20.181295823954912
26.46, 20.1639098396671
26.48, 20.146537230132225
26.5, 20.1291778423967
26.52, 20.11183152489332
26.54, 20.094498127439977
26.56, 20.077177501234132
26.58, 20.059869498863804
26.6, 20.042573974294555
26.62, 20.025290782881257
26.64, 20.0080197813584
26.66, 19.99076082784518
26.68, 19.973513781845583
26.7, 19.95627850424475
26.72, 19.939054857312414
26.74, 19.921842704698662
26.76, 19.90464191143701
26.78, 19.88745234394213
26.8, 19.870273870012596
26.82, 19.853106358823112
26.84, 19.835949680931577
26.86, 19.818803708278324
26.88, 19.801668314179096
26.9, 19.78454337332957
26.92, 19.76742876180512
26.94, 19.750324357057508
26.96, 19.733230037917025
26.98, 19.716145684585
27.0, 19.699071178648097
27.02, 19.682006403058637
27.04, 19.66495124214748
27.06, 19.64790558161718
27.08, 19.63086930854689
27.1, 19.61384231138078
27.12, 19.59682447993913
27.14, 19.579815705409487
27.16, 19.562815880347728
27.18, 19.545824898680166
27.2, 19.528842655697417
27.22, 19.511869048057406
27.24, 19.49490397378287
27.26, 19.477947332260783
27.28, 19.46099902423694
27.3, 19.44405895182237
27.32, 19.42712701848899
27.34, 19.410203129063376
27.36, 19.39328718973553
27.38, 19.3763791080479
27.4, 19.359478792895146
27.42, 19.342586154535837
27.44, 19.32570110457314
27.46, 19.308823555963357
27.48, 19.29195342301125
27.5, 19.275090621373266
27.52, 19.258235068050624
27.54, 19.241386681389514
27.56, 19.22454538108164
27.58, 19.207711088159556
27.6, 19.190883724996638
27.62, 19.17406321530703
27.64, 19.15724948414021
27.66, 19.140442457884944
27.68, 19.12364206426173
27.7, 19.106848232322534
27.72, 19.09006089245392
27.74, 19.07327997636699
27.76, 19.056505417105512
27.78, 19.03973714903401
27.8, 19.02297510784436
27.82, 19.006219230548226
27.84, 18.98946945547729
27.86, 18.972725722282576
27.88, 18.955987971926987
27.9, 18.939256146697062
27.92, 18.922530190180254
27.94, 18.90581004728611
27.96, 18.889095664217734
27.98, 18.872386988499244
28.0, 18.85568396895053
28.02, 18.838986555694902
28.04, 18.822294700155823
28.06, 18.805608355056307
28.08, 18.788927474411025
28.1, 18.772252013530846
28.12, 18.755581929019485
28.14, 18.738917178765405
28.16, 18.722257721948637
28.18, 18.705603519024066
28.2, 18.68895453174389
28.22, 18.672310723124752
28.24, 18.65567205747294
28.26, 18.639038500359305
28.28, 18.622410018634866
28.3, 18.60578658041959
28.32, 18.5891681550967
28.34, 18.572554713319363
28.36, 18.555946227003318
28.38, 18.53934266932211
28.4, 18.52274401470777
28.42, 18.506150238848022
28.44, 18.489561318684252
28.46, 18.47297723240669
28.48, 18.456397959453625
28.5, 18.439823480504657
28.52, 18.423253777486764
28.54, 18.406688833563834
28.56, 18.390128633137408
28.58, 18.373573161839317
28.6, 18.35702240653626
28.62, 18.340476355326132
28.64, 18.323934997521036
28.66, 18.307398323673482
28.68, 18.2908663255389
28.7, 18.27433899610034
28.72, 18.25781632955102
28.74, 18.241298321296142
28.76, 18.224784967952672
28.78, 18.208276267337766
28.8, 18.191772218474625
28.82, 18.17527282158713
28.84, 18.158778078088204
28.86, 18.14228799059532
28.88, 18.125802562909797
28.9, 18.10932180002223
28.92, 18.09284570810749
28.94, 18.076374294520434
28.96, 18.05990756779906
28.98, 18.043445537648807
29.0, 18.026988214954315
29.02, 18.010535611764766
29.04, 17.99408774130012
29.06, 17.977644617934885
29.08, 17.961206257208744
29.1, 17.94477267581587
29.12, 17.92834389160376
29.14, 17.91191992356798
29.16, 17.895500791851333
29.18, 17.879086517741342
29.2, 17.862677123658955
29.22, 17.846272633169235
29.24, 17.829873070966755
29.26, 17.81347846287062
29.28, 17.797088835836064
29.3, 17.78070421793197
29.32, 17.764324638355674
29.34, 17.747950127408274
29.36, 17.731580716513065
29.38, 17.715216438199178
29.4, 17.698857326100693
29.42, 17.682503414953146
29.44, 17.666154740592475
29.46, 17.649811339947036
29.48, 17.63347325103922
29.5, 17.617140512974004
29.52, 17.600813165947272
29.54, 17.58449125123093
29.56, 17.568174811172355
29.58, 17.55186388919691
29.6, 17.53555852979781
29.62, 17.519258778531224
29.64, 17.502964682019694
29.66, 17.486676287939133
29.68, 17.470393645027514
29.7, 17.454116803066768
29.72, 17.4378458128906
29.74, 17.421580726374742
29.76, 17.405321596431918
29.78, 17.389068477016423
29.8, 17.37282142311105
29.82, 17.356580490727737
29.84, 17.34034573690323
29.86, 17.32411721969504
29.88, 17.30789499817695
29.9, 17.29167913243336
29.92, 17.275469683560118
29.94, 17.259266713660793
29.96, 17.24307028584002
29.98, 17.226880464189747
30.0, 17.21069731380888
30.02, 17.1945209007759
30.04, 17.17835129215854
30.06, 17.16218855600897
30.08, 17.146032761350398
30.1, 17.129883978184438
30.12, 17.113742277478906
30.14, 17.097607731168495
30.16, 17.081480412149062
30.18, 17.0653603942732
30.2, 17.049247752347526
30.22, 17.033142562128404
30.24, 17.017044900311134
30.26, 17.000954844543656
30.28, 16.984872473395825
30.3, 16.968797866387177
30.32, 16.952731103949873
30.34, 16.936672267447108
30.36, 16.920621439164506
30.38, 16.90457870229875
30.4, 16.88854414096221
30.42, 16.872517840174652
30.44, 16.856499885852713
30.46, 16.84049036482105
30.48, 16.82448936479119
30.5, 16.80849697437793
30.52, 16.79251328306512
30.54, 16.776538381228676
30.56, 16.760572360125252
30.58, 16.744615311876316
30.6, 16.728667329476906
30.62, 16.71272850678801
30.64, 16.69679893852927
30.66, 16.680878720277178
30.68, 16.66496794846043
30.7, 16.649066720354114
30.72, 16.633175134074463
30.74, 16.617293288586183
30.76, 16.601421283675762
30.78, 16.585559219962903
30.8, 16.569707198898783
30.82, 16.553865322753467
30.84, 16.538033694606042
30.86, 16.5222124183623
30.88, 16.506401598721908
30.9, 16.49060134119253
30.92, 16.474811752084207
30.94, 16.459032938500116
30.96, 16.44326500832679
30.98, 16.42750807025095
31.0, 16.411762233721788
31.02, 16.396027608979693
31.04, 16.38030430702986
31.06, 16.36459243964447
31.08, 16.34889211936411
31.1, 16.333203459481837
31.12, 16.317526574044706
31.14, 16.301861577856073
31.16, 16.286208586456866
31.18, 16.270567716133684
31.2, 16.25493908390237
31.22, 16.239322807505886
31.24, 16.223719005431406
31.26, 16.208127796874123
31.28, 16.19254930174347
31.3, 16.176983640673058
31.32, 16.16143093499494
31.34, 16.145891306746734
31.36, 16.130364878671173
31.38, 16.114851774192488
31.4, 16.099352117435956
31.42, 16.083866033205368
31.44, 16.068393646985356
31.46, 16.05293508493608
31.48, 16.03749047388837
31.5, 16.022059941341865
31.52, 16.006643615450855
31.54, 15.991241625034235
31.56, 15.975854099555505
31.58, 15.960481169129679
31.6, 15.945122964512962
31.62, 15.929779617098234
31.64, 15.914451258915278
31.66, 15.89913802261401
31.68, 15.883840041476475
31.7, 15.868557449401777
31.72, 15.853290380899296
31.74, 15.838038971084387
31.76, 15.8228033556897
31.78, 15.807583671036753
31.8, 15.792380054044997
31.82, 15.777192642221479
31.84, 15.762021573666033
31.86, 15.746866987051533
31.88, 15.731729021633555
31.9, 15.716607817227725
31.92, 15.701503514224441
31.94, 15.686416253578244
31.96, 15.671346176788575
31.98, 15.656293425919586
32.0, 15.641258143571974
32.02, 15.626240472895603
32.04, 15.611240557571648
32.06, 15.596258541824454
32.08, 15.581294570385552
32.1, 15.566348788531656
32.12, 15.55142134204948
32.14, 15.536512377233919
32.16, 15.521622040886712
32.18, 15.506750480323063
32.2, 15.491897843349875
32.22, 15.477064278269296
32.24, 15.462249933865081
32.26, 15.44745495942314
32.28, 15.432679504688593
32.3, 15.41792371989041
32.32, 15.403187755726407
32.34, 15.388471763359064
32.36, 15.373775894404105
32.38, 15.359100300942004
32.4, 15.34444513549468
32.42, 15.329810551029652
32.44, 15.315196700962957
32.46, 15.300603739133237
32.48, 15.286031819818021
32.5, 15.271481097714172
32.52, 15.256951727943658
32.54, 15.242443866043658
32.56, 15.227957667954882
32.58, 15.213493290036638
32.6, 15.199050889035249
32.62, 15.18463062210003
32.64, 15.17023264677158
32.66, 15.155857120974673
32.68, 15.141504203015415
32.7, 15.127174051572098
32.72, 15.112866825699001
32.74, 15.098582684811902
32.76, 15.084321788700947
32.78, 15.07008429749655
32.8, 15.055870371684563
32.82, 15.041680172103355
32.84, 15.0275138599292
32.86, 15.013371596676677
32.88, 14.999253544185422
32.9, 14.985159864629509
32.92, 14.971090720505629
32.94, 14.957046274618477
32.96, 14.943026690090562
32.98, 14.929032130354528
33.0, 14.915062759142103
33.02, 14.901118740483298
33.04, 14.887200238688337
33.06, 14.87330741837485
33.08, 14.859440444431613
33.1, 14.845599482028945
33.12, 14.831784696601687
33.14, 14.817996253859434
33.16, 14.804234319775588
33.18, 14.790499060576082
33.2, 14.77679064273758
33.22, 14.763109233000108
33.24, 14.749454998322733
33.26, 14.735828105926828
33.28, 14.72222872324528
33.3, 14.708657017956682
33.32, 14.695113157949294
33.34, 14.681597311335196
33.36, 14.6681096464456
33.38, 14.654650331806408
33.4, 14.641219536162225
33.42, 14.6278174284449
33.44, 14.614444177786169
33.46, 14.601099953503734
33.48, 14.587784925093388
33.5, 14.574499262241147
33.52, 14.561243134804045
33.54, 14.54801671280336
33.56, 14.534820166423486
33.58, 14.521653666011815
33.6, 14.508517382075325
33.62, 14.495411485259893
33.64, 14.482336146361718
33.66, 14.46929153631126
33.68, 14.456277826183197
33.7, 14.44329518717035
33.72, 14.430343790603473
33.74, 14.417423807925474
33.76, 14.40453541068436
33.78, 14.391678770562379
33.8, 14.378854059317035
33.82, 14.366061448841407
33.84, 14.353301111101189
33.86, 14.340573218144499
33.88, 14.327877942128055
33.9, 14.31521545527903
33.92, 14.302585929898271
33.94, 14.289989538352245
33.96, 14.277426453094847
33.98, 14.264896846618939
34.0, 14.252400891486076
34.02, 14.23993876030596
34.04, 14.227510625733458
34.06, 14.215116660471864
34.08, 14.202757037249398
34.1, 14.190431928838194
34.12, 14.178141508039488
34.14, 14.16588594766668
34.16, 14.15366542054889
34.18, 14.14148009954397
34.2, 14.129330157507269
34.22, 14.117215767297608
34.24, 14.105137101772897
34.26, 14.093094333788628
34.28, 14.081087636183867
34.3, 14.069117181780513
34.32, 14.057183143396145
34.34, 14.045285693794057
34.36, 14.03342500572711
34.38, 14.02160125191969
34.4, 14.009814605028282
34.42, 13.998065237697318
34.44, 13.986353322494608
34.46, 13.974679031955674
34.48, 13.963042538543391
34.5, 13.951444014655095
34.52, 13.939883632635741
34.54, 13.928361564739049
34.56, 13.916877983147486
34.58, 13.905433059962434
34.6, 13.894026967197277
34.62, 13.882659876773317
34.64, 13.87133196051596
34.66, 13.860043390145563
34.68, 13.848794337278974
34.7, 13.837584973417421
34.72, 13.826415469956743
34.74, 13.815285998156014
34.76, 13.804196729171252
34.78, 13.793147834009545
34.8, 13.78213948355048
34.82, 13.771171848535033
34.84, 13.760245099555021
34.86, 13.749359407067033
34.88, 13.738514941364343
34.9, 13.72771187258246
34.92, 13.716950370691563
34.94, 13.706230605508011
34.96, 13.695552746663253
34.98, 13.684916963609481
35.0, 13.674323425644559
35.02, 13.663772301844205
35.04, 13.653263761122417
35.06, 13.642797972181882
35.08, 13.632375103534343
35.1, 13.621995323487795
35.12, 13.611658800136098
35.14, 13.60136570136288
35.16, 13.591116194835763
35.18, 13.58091044799923
35.2, 13.57074862807076
35.22, 13.560630902040089
35.24, 13.550557436645619
35.26, 13.540528398414267
35.28, 13.53054395360408
35.3, 13.520604268229476
35.32, 13.510709508054305
35.34, 13.500859838583722
35.36, 13.491055425058818
35.38, 13.481296432451472
35.4, 13.471583025469158
35.42, 13.461915368533738
35.44, 13.452293625790844
35.46, 13.442717961104677
35.48, 13.433188538037172
35.5, 13.423705519877046
35.52, 13.414269069591114
35.54, 13.404879349858902
35.56, 13.395536523054432
35.58, 13.386240751225358
35.6, 13.376992196119517
35.62, 13.36779101915019
35.64, 13.35863738141768
35.66, 13.349531443681542
35.68, 13.340473366377608
35.7, 13.33146330960298
35.72, 13.322501433110943
35.74, 13.313587896298287
35.76, 13.304722858224807
35.78, 13.295906477591046
35.8, 13.28713891273489
35.82, 13.278420321634826
35.84, 13.269750861893044
35.86, 13.261130690746825
35.88, 13.252559965062744
35.9, 13.244038841301602
35.92, 13.235567475568445
35.94, 13.227146023564188
35.96, 13.218774640596905
35.98, 13.210453481580231
36.0, 13.20218270101401
36.02, 13.193962453007828
36.04, 13.185792891250713
36.06, 13.17767416902521
36.08, 13.169606439186964
36.1, 13.161589854161576
36.12, 13.153624565972763
36.14, 13.14571072618071
36.16, 13.13784848593997
36.18, 13.130037995939972
36.2, 13.122279406446381
36.22, 13.114572867261302
36.24, 13.106918527744739
36.26, 13.099316536799392
36.28, 13.091767042852581
36.3, 13.084270193899442
36.32, 13.07682613743674
36.34, 13.069435020501317
36.36, 13.062096989651337
36.38, 13.05481219096282
36.4, 13.047580770028816
36.42, 13.040402871954228
36.44, 13.033278641357072
36.46, 13.02620822235005
36.48, 13.01919175853891
36.5, 13.012229393043924
36.52, 13.005321268465366
36.54, 12.998467526886884
36.56, 12.991668309884716
36.58, 12.98492375851211
36.6, 12.97823401329211
36.62, 12.971599214233919
36.64, 12.965019500796302
36.66, 12.958495011918814
36.68, 12.952025885981584
36.7, 12.945612260844996
36.72, 12.939254273804465
36.74, 12.932952061607551
36.76, 12.926705760448499
36.78, 12.920515505956814
36.8, 12.914381433217414
36.82, 12.90830367672666
36.84, 12.902282370421517
36.86, 12.896317647658918
36.88, 12.890409641225688
36.9, 12.8845584833131
36.92, 12.87876430554843
36.94, 12.873027238945639
36.96, 12.867347413946419
36.98, 12.861724960387335
37.0, 12.856160007493884
37.02, 12.850652683901302
37.04, 12.845203117638533
37.06, 12.839811436110267
37.08, 12.834477766114361
37.1, 12.829202233834621
37.12, 12.823984964829066
37.14, 12.81882608401844
37.16, 12.813725715700343
37.18, 12.808683983557927
37.2, 12.803701010602651
37.22, 12.7987769192423
37.24, 12.7939118312149
37.26, 12.789105867619156
37.28, 12.784359148898716
37.3, 12.779671794851026
37.32, 12.775043924614153
37.34, 12.770475656667173
37.36, 12.76596710880193
37.38, 12.761518398172626
37.4, 12.757129641238976
37.42, 12.752800953802847
37.44, 12.748532450977251
37.46, 12.744324247192736
37.48, 12.740176456192899
37.5, 12.736089191040776
37.52, 12.732062564101767
37.54, 12.728096687047952
37.56, 12.724191670842515
37.58, 12.720347625762031
37.6, 12.716564661355648
37.62, 12.712842886492098
37.64, 12.70918240930547
37.66, 12.70558333722505
37.68, 12.702045776952701
37.7, 12.698569834467463
37.72, 12.695155615042978
37.74, 12.691803223195222
37.76, 12.688512762735797
37.78, 12.685284336712385
37.8, 12.682118047464769
37.82, 12.67901399656995
37.84, 12.675972284857494
37.86, 12.672993012432357
37.88, 12.670076278627135
37.9, 12.667222182028155
37.92, 12.664430820466293
37.94, 12.661702290998761
37.96, 12.6590366899446
37.98, 12.656434112832073
38.0, 12.653894654432378
38.02, 12.651418408734145
38.04, 12.649005468972092
38.06, 12.64665592757268
38.08, 12.644369876202376
38.1, 12.642147405731862
38.12, 12.639988606259948
38.14, 12.637893567063088
38.16, 12.635862376654046
38.18, 12.633895122752449
38.2, 12.631991892232804
38.22, 12.630152771231224
38.24, 12.628377845023067
38.26, 12.626667198117389
38.28, 12.625020914175565
38.3, 12.623439076074533
38.32, 12.621921765855546
38.34, 12.62046906476283
38.36, 12.619081053182299
38.38, 12.617757810711794
38.4, 12.616499416096957
38.42, 12.61530594725562
38.44, 12.614177481285395
38.46, 12.613114094430244
38.48, 12.612115862118856
38.5, 12.611182858912315
38.52, 12.610315158533382
38.54, 12.609512833869758
38.56, 12.608775956952769
38.58, 12.608104598957539
38.6, 12.607498830208215
38.62, 12.606958720172543
38.64, 12.606484337442367
38.66, 12.606075749782036
38.68, 12.605733024046799
38.7, 12.60545622625338
38.72, 12.605245421540815
38.74, 12.605100674174963
38.76, 12.60502204754144
38.78, 12.605009604147
38.8, 12.605063405624492
38.82, 12.60518351272708
38.84, 12.605369985312365
38.86, 12.60562288234189
38.88, 12.605942261912418
38.9, 12.60632818121428
38.92, 12.606780696525362
38.94, 12.607299863258305
38.96, 12.607885735899089
38.98, 12.608538368049949
39.0, 12.609257812390183
39.02, 12.610044120704885
39.04, 12.610897343869198
39.06, 12.611817531842348
39.08, 12.612804733669236
39.1, 12.613858997485295
39.12, 12.61498037048733
39.14, 12.616168898974081
39.16, 12.617424628321459
39.18, 12.618747602964248
39.2, 12.620137866410573
39.22, 12.62159546126216
39.24, 12.62312042915218
39.26, 12.624712810818522
39.28, 12.626372646031484
39.3, 12.628099973648318
39.32, 12.629894831561643
39.34, 12.631757256739718
39.36, 12.633687285203422
39.38, 12.635684952021705
39.4, 12.637750291306759
39.42, 12.639883336257128
39.44, 12.642084119072194
39.46, 12.644352671025644
39.48, 12.646689022417831
39.5, 12.649093202624243
39.52, 12.651565239996813
39.54, 12.654105161992305
39.56, 12.656712995070166
39.58, 12.659388764727908
39.6, 12.66213249548727
39.62, 12.66494421091329
39.64, 12.66782393359594
39.66, 12.670771685142228
39.68, 12.673787486201178
39.7, 12.676871356433423
39.72, 12.680023314521378
39.74, 12.683243378161023
39.76, 12.68653156408999
39.78, 12.689887888026362
39.8, 12.693312364718707
39.82, 12.696805007946011
39.84, 12.700365830472606
39.86, 12.703994844084292
39.88, 12.70769205956617
39.9, 12.711457486716313
39.92, 12.715291134335132
39.94, 12.719193010232232
39.96, 12.723163121197558
39.98, 12.727201473041248
40.0, 12.731308070566968
40.02, 12.735482917561256
40.04, 12.739726016822999
40.06, 12.74403737014174
40.08, 12.74841697828299
40.1, 12.752864841033812
40.12, 12.75738095712498
40.14, 12.76196532431237
40.16, 12.766617939330501
40.18, 12.771338797893122
40.2, 12.776127894690347
40.22, 12.780985223400762
40.24, 12.785910776687729
40.26, 12.790904546191086
40.28, 12.79596652252772
40.3, 12.8010966953008
40.32, 12.806295053056402
40.34, 12.811561583348379
40.36, 12.816896272696937
40.38, 12.822299106582847
40.4, 12.827770069473473
40.42, 12.833309144779122
40.44, 12.838916314900843
40.46, 12.844591561201895
40.48, 12.850334863998427
40.5, 12.85614620259551
40.52, 12.86202555524335
40.54, 12.867972899147048
40.56, 12.873988210494161
40.58, 12.880071464405347
40.6, 12.88622263500531
40.62, 12.892441695336998
40.64, 12.898728617396955
40.66, 12.905083372154905
40.68, 12.911505929545939
40.7, 12.917996258436034
40.72, 12.924554326660484
40.74, 12.931180100985927
40.76, 12.937873547162923
40.78, 12.944634629862065
40.8, 12.9514633127028
40.82, 12.958359558290226
40.84, 12.965323328137572
40.86, 12.972354582718822
40.88, 12.979453281453686
40.9, 12.986619382718118
40.92, 12.993852843799203
40.94, 13.00115362097435
40.96, 13.008521669418315
40.98, 13.015956943290092
41.0, 13.023459395653902
41.02, 13.031028978540405
41.04, 13.03866564289504
41.06, 13.046369338632502
41.08, 13.054140014582913
41.1, 13.061977618520444
41.12, 13.069882097181647
41.14, 13.077853396191387
41.16, 13.085891460143046
41.18, 13.093996232565985
41.2, 13.10216765591639
41.22, 13.110405671582527
41.24, 13.118710219898077
41.26, 13.127081240119708
41.28, 13.135518670438785
41.3, 13.144022447992853
41.32, 13.152592508832186
41.34, 13.161228787948971
41.36, 13.169931219273082
41.38, 13.178699735652714
41.4, 13.187534268873407
41.42, 13.196434749643004
41.44, 13.205401107618314
41.46, 13.21443327136754
41.48, 13.223531168399546
41.5, 13.232694725152072
41.52, 13.241923866970296
41.54, 13.25121851816283
41.56, 13.260578601942797
41.58, 13.270004040453415
41.6, 13.279494754781837
41.62, 13.289050664908046
41.64, 13.29867168979115
41.66, 13.308357747288966
41.68, 13.318108754164399
41.7, 13.327924626151656
41.72, 13.337805277883945
41.74, 13.347750622923854
41.76, 13.357760573783025
41.78, 13.367835041863941
41.8, 13.377973937533511
41.82, 13.38817717005702
41.84, 13.398444647640503
41.86, 13.408776277425574
41.88, 13.419171965448385
41.9, 13.429631616714346
41.92, 13.440155135119824
41.94, 13.450742423510206
41.96, 13.461393383661715
41.98, 13.472107916252554
42.0, 13.482885920910746
42.02, 13.493727296186563
42.04, 13.504631939578928
42.06, 13.515599747466155
42.08, 13.52663061520974
42.1, 13.537724437038662
42.12, 13.548881106184297
42.14, 13.560100514750303
42.16, 13.571382553781149
42.18, 13.58272711329127
42.2, 13.594134082162299
42.22, 13.605603348239782
42.24, 13.617134798318943
42.26, 13.628728318097075
42.28, 13.640383792194228
42.3, 13.65210110421313
42.32, 13.663880136625323
42.34, 13.67572077088758
42.36, 13.687622887363972
42.38, 13.699586365361483
42.4, 13.711611083103406
42.42, 13.723696917784991
42.44, 13.735843745510806
42.46, 13.74805144130454
42.48, 13.760319879168662
42.5, 13.772648932012942
42.52, 13.785038471710465
42.54, 13.79748836903866
42.56, 13.809998493746633
42.58, 13.822568714489677
42.6, 13.835198898913148
42.62, 13.847888913551998
42.64, 13.860638623916913
42.66, 13.873447894439977
42.68, 13.886316588515939
42.7, 13.89924456847092
42.72, 13.912231695583756
42.74, 13.92527783007705
42.76, 13.938382831102786
42.78, 13.951546556790447
42.8, 13.964768864206519
42.82, 13.978049609348602
42.84, 13.991388647193531
42.86, 14.004785831651418
42.88, 14.018241015584152
42.9, 14.031754050821888
42.92, 14.04532478812871
42.94, 14.058953077220309
42.96, 14.072638766808353
42.98, 14.086381704511922
43.0, 14.100181736945387
43.02, 14.114038709659724
43.04, 14.12795246716422
43.06, 14.141922852942116
43.08, 14.155949709449402
43.1, 14.170032878088449
43.12, 14.184172199199963
43.14, 14.198367512150469
43.16, 14.212618655231353
43.18, 14.226925465691721
43.2, 14.241287779806044
43.22, 14.25570543275606
43.24, 14.270178258748388
43.26, 14.284706090924999
43.28, 14.299288761383366
43.3, 14.313926101272415
43.32, 14.328617940670853
43.34, 14.34336410861593
43.36, 14.358164433139166
43.38, 14.373018741288831
43.4, 14.387926859053067
43.42, 14.40288861140803
43.44, 14.41790382233998
43.46, 14.432972314788145
43.48, 14.448093910719933
43.5, 14.463268431055099
43.52, 14.478495695720852
43.54, 14.493775523644217
43.56, 14.509107732711186
43.58, 14.52449213985409
43.6, 14.539928560971049
43.62, 14.555416810977789
43.64, 14.570956703750994
43.66, 14.586548052206155
43.68, 14.602190668260278
43.7, 14.617884362818614
43.72, 14.633628945821584
43.74, 14.649424226163376
43.76, 14.665270011806513
43.78, 14.681166109688661
43.8, 14.69711232578885
43.82, 14.713108465072082
43.84, 14.729154331556202
43.86, 14.745249728236558
43.88, 14.761394457164414
43.9, 14.777588319381778
43.92, 14.793831114983192
43.94, 14.81012264307185
43.96, 14.826462701798278
43.98, 14.842851088315086
44.0, 14.859287598818355
44.02, 14.87577202856474
44.04, 14.892304171799708
44.06, 14.908883821836213
44.08, 14.92551077101507
44.1, 14.942184810740201
44.12, 14.95890573142438
44.14, 14.975673322554059
44.16, 14.99248737263818
44.18, 15.009347669271818
44.2, 15.026253999071258
44.22, 15.043206147720525
44.24, 15.060203899936226
44.26, 15.07724703953025
44.28, 15.094335349326258
44.3, 15.111468611299188
44.32, 15.128646606372172
44.34, 15.145869114631097
44.36, 15.16313591516581
44.38, 15.180446786166215
44.4, 15.197801504901747
44.42, 15.215199847703445
44.44, 15.232641589992824
44.46, 15.250126506258056
44.48, 15.267654370070915
44.5, 15.285224954107235
44.52, 15.302838030103857
44.54, 15.320493368889714
44.56, 15.338190740417076
44.58, 15.35592991369424
44.6, 15.373710656850534
44.62, 15.391532737089875
44.64, 15.40939592077487
44.66, 15.427299973291554
44.68, 15.445244659177206
44.7, 15.463229742081666
44.72, 15.481254984770743
44.74, 15.499320149074862
44.76, 15.517424996020708
44.78, 15.535569285668771
44.8, 15.553752777277367
44.82, 15.571975229171414
44.84, 15.590236398840318
44.86, 15.608536042891245
44.88, 15.626873917045486
44.9, 15.64524977619078
44.92, 15.66366337431856
44.94, 15.682114464583321
44.96, 15.700602799294131
44.98, 15.719128129859087
45.0, 15.73769020689619
45.02, 15.756288780120485
45.04, 15.774923598429837
45.06, 15.793594409874117
45.08, 15.812300961642961
45.1, 15.83104300012593
45.12, 15.849820270854252
45.14, 15.868632518530745
45.16, 15.887479487025502
45.18, 15.906360919379523
45.2, 15.925276557818336
45.22, 15.944226143730617
45.24, 15.963209417744991
45.26, 15.98222611958434
45.28, 16.00127598822769
45.3, 16.020358761825406
45.32, 16.03947417771272
45.34, 16.058621972434906
45.36, 16.07780188174337
45.38, 16.097013640582446
45.4, 16.116256983090295
45.42, 16.135531642634334
45.44, 16.154837351782277
45.46, 16.174173842341105
45.48, 16.193540845305307
45.5, 16.212938090904913
45.52, 16.232365308590687
45.54, 16.251822227052855
45.56, 16.27130857421392
45.58, 16.290824077202245
45.6, 16.310368462433132
45.62, 16.329941455517684
45.64, 16.349542781309566
45.66, 16.369172163982313
45.68, 16.38882932685513
45.7, 16.408513992575877
45.72, 16.428225883024567
45.74, 16.44796471934373
45.76, 16.46773022195231
45.78, 16.48752211049586
45.8, 16.507340103955386
45.82, 16.527183920534895
45.84, 16.547053277731465
45.86, 16.5669478923339
45.88, 16.586867480381642
45.9, 16.60681175725321
45.92, 16.626780437578986
45.94, 16.646773235291192
45.96, 16.66678986365261
45.98, 16.68683003517691
46.0, 16.70689346170704
46.02, 16.726979854405897
46.04, 16.747088923730274
46.06, 16.767220379469506
46.08, 16.787373930707957
46.1, 16.807549285892065
46.12, 16.82774615274562
46.14, 16.847964238387874
46.16, 16.868203249177498
46.18, 16.888462890927144
46.2, 16.90874286870192
46.22, 16.929042886933132
46.24, 16.949362649427485
46.26, 16.96970185932969
46.28, 16.990060219099576
46.3, 17.010437430644913
46.32, 17.030833195147352
46.34, 17.051247213199815
46.36, 17.071679184792288
46.38, 17.092128809241558
46.4, 17.112595785232514
46.42, 17.133079810911568
46.44, 17.153580583728314
46.46, 17.174097800565107
46.48, 17.19463115768957
46.5, 17.215180350770765
46.52, 17.23574507488115
46.54, 17.256325024499574
46.56, 17.276919893477668
46.58, 17.297529375148514
46.6, 17.318153162204453
46.62, 17.338790946809098
46.64, 17.35944242050769
46.66, 17.380107274314497
46.68, 17.40078519862118
46.7, 17.42147588332213
46.72, 17.442179017712704
46.74, 17.462894290565202
46.76, 17.483621390060534
46.78, 17.504360003862473
46.8, 17.525109819095093
46.82, 17.54587052232668
46.84, 17.56664179960842
46.86, 17.587423336439542
46.88, 17.608214817842196
46.9, 17.629015928262532
46.92, 17.649826351678968
46.94, 17.670645771508504
46.96, 17.691473870659166
46.98, 17.712310331616266
47.0, 17.733154836262827
47.02, 17.754007066023945
47.04, 17.77486670190396
47.06, 17.7957334242779
47.08, 17.816606913169608
47.1, 17.83748684804513
47.12, 17.858372907907977
47.14, 17.87926477134252
47.16, 17.90016211640443
47.18, 17.921064620726497
47.2, 17.941971961458563
47.22, 17.96288381533512
47.24, 17.983799858586025
47.26, 18.004719767050773
47.28, 18.025643216112712
47.3, 18.046569880708944
47.32, 18.06749943536164
47.34, 18.088431554140243
47.36, 18.10936591072658
47.38, 18.13030217838184
47.4, 18.15124002990308
47.42, 18.172179137764147
47.44, 18.19311917395362
47.46, 18.214059810136632
47.48, 18.23500071754208
47.5, 18.255941566979402
47.52, 18.276882028926792
47.54, 18.29782177346101
47.56, 18.31876047027157
47.58, 18.339697788704967
47.6, 18.360633397710956
47.62, 18.381566965913805
47.64, 18.402498161525926
47.66, 18.423426652443055
47.68, 18.444352106216655
47.7, 18.465274190044937
47.72, 18.48619257076274
47.74, 18.50710691493515
47.76, 18.52801688873265
47.78, 18.54892215803224
47.8, 18.569822388365793
47.82, 18.590717245007852
47.84, 18.611606392876382
47.86, 18.63248949653004
47.88, 18.653366220375773
47.9, 18.674236228382966
47.92, 18.695099184284544
47.94, 18.71595475156039
47.96, 18.736802593347875
47.98, 18.75764237251724
48.0, 18.778473751712852
48.02, 18.799296393250245
48.04, 18.820109959267626
48.06, 18.840914111539917
48.08, 18.861708511670457
48.1, 18.88249282098414
48.12, 18.903266700569702
48.14, 18.924029811257668
48.16, 18.944781813698057
48.18, 18.96552236823578
48.2, 18.98625113507265
48.22, 19.00696777413225
48.24, 19.02767194516295
48.26, 19.04836330770354
48.28, 19.069041521051588
48.3, 19.089706244344256
48.32, 19.11035713651151
48.34, 19.13099385631179
48.36, 19.151616062317345
48.38, 19.172223412896585
48.4, 19.192815566275442
48.42, 19.213392180486863
48.44, 19.233952913420467
48.46, 19.25449742282035
48.48, 19.275025366243085
48.5, 19.29553640110862
48.52, 19.316030184745784
48.54, 19.33650637426868
48.56, 19.356964626708105
48.58, 19.37740459895585
48.6, 19.397825947779722
48.62, 19.41822832986577
48.64, 19.438611401702957
48.66, 19.458974819777353
48.68, 19.479318240422828
48.7, 19.499641319868886
48.72, 19.519943714272983
48.74, 19.5402250797288
48.76, 19.560485072188612
48.78, 19.58072334760132
48.8, 19.60093956181356
48.82, 19.621133370600745
48.84, 19.641304429706253
48.86, 19.661452394751706
48.88, 19.681576921448567
48.9, 19.701677665329782
48.92, 19.721754281915594
48.94, 19.74180642678624
48.96, 19.761833755402705
48.98, 19.781835923249332
49.0, 19.801812585737338
49.02, 19.821763398366585
49.04, 19.84168801653604
49.06, 19.861586095704013
49.08, 19.881457291320174
49.1, 19.90130125884096
49.12, 19.921117653727094
49.14, 19.94090613147449
49.16, 19.960666347643865
49.18, 19.980397957749062
49.2, 20.00010061744132
49.22, 20.019773982333106
49.24, 20.039417708077707
49.26, 20.059031450489982
49.28, 20.078614865348754
49.3, 20.09816760850609
49.32, 20.117689335937285
49.34, 20.13717970365809
49.36, 20.156638367773013
49.38, 20.17606498447188
49.4, 20.195459210039388
49.42, 20.214820700870092
49.44, 20.23414911347882
49.46, 20.253444104424858
49.48, 20.272705330429147
49.5, 20.29193244838507
49.52, 20.311125115213514
49.54, 20.330282988016165
49.56, 20.34940572402573
49.58, 20.368492980677047
49.6, 20.38754441546493
49.62, 20.406559686053214
49.64, 20.4255384503181
49.66, 20.444480366288815
49.68, 20.463385092127425
49.7, 20.482252286228942
49.72, 20.501081607097973
49.74, 20.519872713523313
49.76, 20.538625264385075
49.78, 20.55733891885427
49.8, 20.576013336270535
49.82, 20.594648176150002
49.84, 20.613243098310164
49.86, 20.63179776270843
49.88, 20.65031182957557
49.9, 20.66878495939318
49.92, 20.687216812831508
49.94, 20.705607050816155
49.96, 20.723955334583877
49.98, 20.74226132555401
50.0, 20.760524685461036
50.02, 20.778745076289994
50.04, 20.79692216030088
50.06, 20.81505560000761
50.08, 20.83314505829273
50.1, 20.851190198229148
50.12, 20.869190683255255
50.14, 20.887146177068047
50.16, 20.90505634372559
50.18, 20.922920847592735
50.2, 20.9407393532899
50.22, 20.95851152586451
50.24, 20.976237030596025
50.26, 20.99391553316221
50.28, 21.01154669959982
50.3, 21.0291301962489
50.32, 21.046665689866387
50.34, 21.064152847473764
50.36, 21.081591336556443
50.38, 21.09898082491756
50.4, 21.116320980790448
50.42, 21.133611472727523
50.44, 21.150851969730212
50.46, 21.16804214116337
50.48, 21.185181656814393
50.5, 21.20227018685509
50.52, 21.219307401931474
50.54, 21.236292973038132
50.56, 21.25322657161334
50.58, 21.270107869555062
50.6, 21.28693653919811
50.62, 21.303712253295487
50.64, 21.320434685065237
50.66, 21.337103508204166
50.68, 21.35371839681241
50.7, 21.370279025507386
50.72, 21.38678506938473
50.74, 21.40323620397649
50.76, 21.419632105336262
50.78, 21.43597245002428
50.8, 21.45225691505925
50.82, 21.468485177978238
50.84, 21.484656916816135
50.86, 21.500771810153964
50.88, 21.51682953704207
50.9, 21.532829777171145
50.92, 21.548772210638077
50.94, 21.564656518112542
50.96, 21.580482380846433
50.98, 21.596249480639642
51.0, 21.61195749980962
51.02, 21.62760612127505
51.04, 21.643195028484115
51.06, 21.658723905553728
51.08, 21.674192437029717
51.1, 21.689600308195423
51.12, 21.704947204845695
51.14, 21.72023281337249
51.16, 21.735456820831615
51.18, 21.750618914822127
51.2, 21.765718783593684
51.22, 21.780756116033473
51.24, 21.795730601632812
51.26, 21.810641930518102
51.28, 21.825489793467796
51.3, 21.840273881947184
51.32, 21.85499388796495
51.34, 21.86964950434043
51.36, 21.884240424388082
51.38, 21.89876634226391
51.4, 21.913226952652963
51.42, 21.927621951060217
51.44, 21.941951033536355
51.46, 21.9562138969996
51.48, 21.97041023891242
51.5, 21.98453975748194
51.52, 21.998602151716398
51.54, 22.0125971212546
51.56, 22.026524366493504
51.58, 22.04038358854112
51.6, 22.05417448929302
51.62, 22.0678967713348
51.64, 22.08155013800237
51.66, 22.095134293444943
51.68, 22.108648942535126
51.7, 22.122093790922378
51.72, 22.135468544951607
51.74, 22.148772911930905
51.76, 22.16200659979188
51.78, 22.175169317297957
51.8, 22.188260774019398
51.82, 22.201280680380677
51.84, 22.214228747564903
51.86, 22.227104687541015
51.88, 22.239908213159936
51.9, 22.252639038113273
51.92, 22.265296876856354
51.94, 22.277881444698636
51.96, 22.290392457907643
51.98, 22.302829633440297
52.0, 22.315192689191065
52.02, 22.32748134397613
52.04, 22.339695317359798
52.06, 22.351834329887623
52.08, 22.36389810298158
52.1, 22.37588635885902
52.12, 22.38779882069315
52.14, 22.399635212578914
52.16, 22.41139525954469
52.18, 22.423078687408463
52.2, 22.434685223026634
52.22, 22.446214594105527
52.24, 22.457666529339576
52.26, 22.469040758387024
52.28, 22.480337011722554
52.3, 22.49155502084983
52.32, 22.502694518284073
52.34, 22.513755237420753
52.36, 22.524736912634808
52.38, 22.53563927925933
52.4, 22.546462073681
52.42, 22.5572050332172
52.44, 22.567867896147874
52.46, 22.5784504018049
52.48, 22.588952290546104
52.5, 22.59937330363269
52.52, 22.609713183422656
52.54, 22.619971673349596
52.56, 22.630148517718567
52.58, 22.640243461981015
52.6, 22.650256252578515
52.62, 22.660186637079732
52.64, 22.670034363988833
52.66, 22.67979918294907
52.68, 22.689480844669333
52.7, 22.699079100834524
52.72, 22.708593704299858
52.74, 22.718024409015186
52.76, 22.727370969931343
52.78, 22.73663314311554
52.8, 22.745810685807726
52.82, 22.754903356257813
52.84, 22.763910913915765
52.86, 22.772833119281103
52.88, 22.781669733957642
52.9, 22.79042052074297
52.92, 22.799085243587143
52.94, 22.80766366745243
52.96, 22.81615555864471
52.98, 22.82456068441661
53.0, 22.832878813281923
53.02, 22.84110971496034
53.04, 22.849253160254307
53.06, 22.857308921222312
53.08, 22.86527677096501
53.1, 22.87315648396674
53.12, 22.880947835776084
53.14, 22.888650603170305
53.16, 22.896264564088312
53.18, 22.903789497800005
53.2, 22.911225184697287
53.22, 22.918571406410223
53.24, 22.925827945781236
53.26, 22.932994586929738
53.28, 22.940071115211282
53.3, 22.947057317187614
53.32, 22.95395298073879
53.34, 22.96075789489376
53.36, 22.9674718500508
53.38, 22.974094637894808
53.4, 22.9806260512552
53.42, 22.987065884329525
53.44, 22.993413932563953
53.46, 22.999669992866103
53.48, 23.005833863128345
53.5, 23.01190534284993
53.52, 23.017884232660407
53.54, 23.02377033453135
53.56, 23.029563451803853
53.58, 23.0352633891425
53.6, 23.040869952524872
53.62, 23.04638294921051
53.64, 23.05180218796204
53.66, 23.05712747869211
53.68, 23.062358632835952
53.7, 23.067495463121077
53.72, 23.072537783572358
53.74, 23.077485409758538
53.76, 23.082338158454633
53.78, 23.087095847931238
53.8, 23.09175829781691
53.82, 23.09632532905303
53.84, 23.100796764169587
53.86, 23.10517242694334
53.88, 23.109452142627333
53.9, 23.11363573785934
53.92, 23.11772304074495
53.94, 23.121713880749923
53.96, 23.125608088874174
53.98, 23.129405497447777
54.0, 23.133105940370257
54.02, 23.13670925284876
54.04, 23.1402152717165
54.06, 23.143623835071367
54.08, 23.146934782698565
54.1, 23.150147955635475
54.12, 23.153263196591553
54.14, 23.156280349604145
54.16, 23.1591992603513
54.18, 23.162019775795642
54.2, 23.164741744665207
54.22, 23.1673650170448
54.24, 23.169889444489883
54.26, 23.172314880194307
54.28, 23.17464117874934
54.3, 23.17686819640099
54.32, 23.178995790832573
54.34, 23.1810238213167
54.36, 23.182952148610894
54.38, 23.18478063514476
54.4, 23.186509144730024
54.42, 23.188137542927848
54.44, 23.18966569671926
54.46, 23.191093474711096
54.48, 23.19242074703746
54.5, 23.193647385573
54.52, 23.19477326362056
54.54, 23.195798256077097
54.56, 23.196722239516532
54.58, 23.197545092042475
54.6, 23.19826669349473
54.62, 23.19888692517759
54.64, 23.19940567004079
54.66, 23.199822812757787
54.68, 23.200138239556907
54.7, 23.20035183828068
54.72, 23.200463498440655
54.74, 23.200473111230536
54.76, 23.20038056941965
54.78, 23.20018576748066
54.8, 23.199888601507865
54.82, 23.199488969312938
54.84, 23.198986770362893
54.86, 23.198381905766638
54.88, 23.19767427837664
54.9, 23.19686379259761
54.92, 23.195950354741058
54.94, 23.194933872624063
54.96, 23.19381425576691
54.98, 23.192591415549145
55.0, 23.191265264944434
55.02, 23.189835718667325
55.04, 23.188302693202132
55.06, 23.18666610656254
55.08, 23.18492587884498
55.1, 23.183081931544677
55.12, 23.18113418806624
55.14, 23.179082573485402
55.16, 23.17692701473993
55.18, 23.17466744034553
55.2, 23.172303780785285
55.22, 23.169835968178262
55.24, 23.167263936361138
55.26, 23.164587621109405
55.28, 23.16180695982692
55.3, 23.158921891767164
55.32, 23.155932358016287
55.34, 23.152838301327364
55.36, 23.14963966639462
55.38, 23.14633639968497
55.4, 23.14292844930941
55.42, 23.139415765413617
55.44, 23.135798299841184
55.46, 23.132076006255858
55.48, 23.128248840172915
55.5, 23.124316758988016
55.52, 23.12027972192817
55.54, 23.11613768979879
55.56, 23.111890625704035
55.58, 23.10753849417185
55.6, 23.10308126193715
55.62, 23.098518897250926
55.64, 23.093851370548748
55.66, 23.089078653914356
55.68, 23.084200721354733
55.7, 23.079217548790837
55.72, 23.074129114002403
55.74, 23.06893539667078
55.76, 23.063636378347383
55.78, 23.058232042440352
55.8, 23.052722374349344
55.82, 23.047107361283565
55.84, 23.041386992413038
55.86, 23.035561258769775
55.88, 23.029630153386876
55.9, 23.023593671099917
55.92, 23.017451808783278
55.94, 23.0112045651816
55.96, 23.00485194091567
55.98, 22.99839393872483
56.0, 22.99183056301098
56.02, 22.98516182037838
56.04, 22.978387719259388
56.06, 22.97150827000766
56.08, 22.964523485049398
56.1, 22.957433378710164
56.12, 22.950237967146847
56.14, 22.942937268797067
56.16, 22.935531303743403
56.18, 22.928020094258642
56.2, 22.920403664501634
56.22, 22.91268204063175
56.24, 22.904855250843354
56.26, 22.896923325213294
56.28, 22.88888629598884
56.3, 22.8807441972111
56.32, 22.87249706515371
56.34, 22.864144937841104
56.36, 22.855687855528856
56.38, 22.847125860321285
56.4, 22.838458996507825
56.42, 22.829687310301352
56.44, 22.820810849948742
56.46, 22.81182966568784
56.48, 22.802743809907014
56.5, 22.793553336889687
56.52, 22.784258303127103
56.54, 22.774858766943822
56.56, 22.765354788912077
56.58, 22.755746431572476
56.6, 22.746033759501586
56.62, 22.736216839332883
56.64, 22.726295739851082
56.66, 22.716270531805662
56.68, 22.706141288062156
56.7, 22.695908083514638
56.72, 22.68557099524523
56.74, 22.67513010226577
56.76, 22.664585485798142
56.78, 22.653937229049745
56.8, 22.64318541740701
56.82, 22.632330138271016
56.84, 22.621371481232615
56.86, 22.61030953784183
56.88, 22.599144401884843
56.9, 22.58787616925906
56.92, 22.576504937804117
56.94, 22.56503080765941
56.96, 22.55345388097075
56.98, 22.54177426212084
57.0, 22.52999205738888
57.02, 22.518107375415184
57.04, 22.5061203268385
57.06, 22.494031024554857
57.08, 22.481839583307845
57.1, 22.46954612032968
57.12, 22.457150754739217
57.14, 22.444653607976306
57.16, 22.432054803555957
57.18, 22.419354466944014
57.2, 22.40655272617468
57.22, 22.393649711068946
57.24, 22.380645553741147
57.26, 22.36754038849554
57.28, 22.354334351767307
57.3, 22.341027582086582
57.32, 22.327620220295188
57.34, 22.314112409240494
57.36, 22.300504294046675
57.38, 22.286796022150952
57.4, 22.272987742766077
57.42, 22.259079607713147
57.44, 22.245071770693983
57.46, 22.230964387798082
57.48, 22.216757617183276
57.5, 22.202451619150253
57.52, 22.188046556433335
57.54, 22.173542593689092
57.56, 22.158939897887876
57.58, 22.144238638236885
57.6, 22.129438986128974
57.62, 22.114541115077742
57.64, 22.099545200800378
57.66, 22.084451421398512
57.68, 22.069259957058023
57.7, 22.053970990149452
57.72, 22.038584705228857
57.74, 22.023101289218488
57.76, 22.00752093117029
57.78, 21.991843822377888
57.8, 21.976070156236545
57.82, 21.96020012861058
57.84, 21.944233937369233
57.86, 21.928171782766185
57.88, 21.912013867081185
57.9, 21.895760395099416
57.92, 21.87941157357446
57.94, 21.862967611669973
57.96, 21.84642872080434
57.98, 21.82979511442639
58.0, 21.813067008490094
58.02, 21.796244620951683
58.04, 21.779328172256015
58.06, 21.762317884931065
58.08, 21.74521398367571
58.1, 21.728016695574524
58.12, 21.710726250119052
58.14, 21.693342878666385
58.16, 21.675866815123328
58.18, 21.658298295544483
58.2, 21.640637558145755
58.22, 21.622884843714672
58.24, 21.60504039491974
58.26, 21.587104456949618
58.28, 21.569077277083807
58.3, 21.55095910502095
58.32, 21.532750192660444
58.34, 21.51445079398269
58.36, 21.49606116563578
58.38, 21.477581566194715
58.4, 21.45901225651133
58.42, 21.440353499989413
58.44, 21.421605561962593
58.46, 21.402768710276433
58.48, 21.383843214967584
58.5, 21.364829348254574
58.52, 21.345727384816797
58.54, 21.32653760140039
58.56, 21.307260277204847
58.58, 21.287895693638944
58.6, 21.268444134331673
58.62, 21.248905885239054
58.64, 21.229281234657606
58.66, 21.20957047300584
58.68, 21.189773893138124
58.7, 21.16989179007456
58.72, 21.149924461219086
58.74, 21.12987220615517
58.76, 21.109735326792077
58.78, 21.089514127301612
58.8, 21.069208914167632
58.82, 21.048819996175325
58.84, 21.028347684373188
58.86, 21.007792292041017
58.88, 20.987154134692133
58.9, 20.966433530370068
58.92, 20.945630799092157
58.94, 20.92474626341047
58.96, 20.903780247993296
58.98, 20.882733079898458
59.0, 20.861605088344504
59.02, 20.84039660495327
59.04, 20.819107963646672
59.06, 20.797739500496306
59.08, 20.776291553939274
59.1, 20.754764464677493
59.12, 20.73315857565612
59.14, 20.711474232244882
59.16, 20.68971178187627
59.18, 20.667871574488288
59.2, 20.645953962148184
59.22, 20.623959299251425
59.24, 20.601887942459967
59.26, 20.579740250748983
59.28, 20.55751658530292
59.3, 20.535217309697003
59.32, 20.51284278962993
59.34, 20.490393393248553
59.36, 20.4678694908703
59.38, 20.445271455051056
59.4, 20.422599660748205
59.42, 20.399854485025912
59.44, 20.377036307407366
59.46, 20.354145509624715
59.48, 20.331182475530312
59.5, 20.308147591528382
59.52, 20.285041245976004
59.54, 20.2618638296957
59.56, 20.238615735837442
59.58, 20.21529735959365
59.6, 20.191909098649006
59.62, 20.168451352708303
59.64, 20.14492452392537
59.66, 20.121329016800132
59.68, 20.097665237761106
59.7, 20.073933595774122
59.72, 20.05013450199698
59.74, 20.026268369774527
59.76, 20.002335614726235
59.78, 19.97833665481204
59.8, 19.954271910175322
59.82, 19.93014180317485
59.84, 19.905946758420384
59.86, 19.881687202904914
59.88, 19.857363565649507
59.9, 19.832976278111573
59.92, 19.808525773765837
59.94, 19.78401248858185
59.96, 19.759436860640477
59.98, 19.73479933007917
60.0, 19.710100339740904
60.02, 19.685340334144712
60.04, 19.660519760363655
60.06, 19.635639067723645
60.08, 19.610698707552302
60.1, 19.585699133552225
60.12, 19.56064080168673
60.14, 19.5355241699921
60.16, 19.510349698679164
60.18, 19.485117850490894
60.2, 19.4598290900484
60.22, 19.434483884311874
60.24, 19.409082702436308
60.26, 19.383626015700997
60.28, 19.358114297753104
60.3, 19.332548024291555
60.32, 19.306927673243592
60.34, 19.281253724637764
60.36, 19.255526660957287
60.38, 19.22974696663951
60.4, 19.203915128321682
60.42, 19.17803163476725
60.44, 19.152096977172306
60.46, 19.126111648673742
60.48, 19.100076144591952
60.5, 19.07399096250407
60.52, 19.047856602095038
60.54, 19.02167356518939
60.56, 18.99544235588459
60.58, 18.969163480178196
60.6, 18.942837446582473
60.62, 18.916464765408676
60.64, 18.890045949210474
60.66, 18.863581512957865
60.68, 18.837071973300397
60.7, 18.810517849285503
60.72, 18.783919662012806
60.74, 18.757277934888606
60.76, 18.730593193107637
60.78, 18.70386596417427
60.8, 18.677096777817695
60.82, 18.650286165627506
60.84, 18.623434661314576
60.86, 18.59654280109436
60.88, 18.569611122677486
60.9, 18.542640166239465
60.92, 18.515630474011772
60.94, 18.48858259022748
60.96, 18.4614970612173
60.98, 18.434374435442834
61.0, 18.40721526335267
61.02, 18.380020097461397
61.04, 18.352789492477086
61.06, 18.32552400502675
61.08, 18.2982241937425
61.1, 18.270890619435846
61.12, 18.24352384495907
61.14, 18.216124435151272
61.16, 18.188692956930623
61.18, 18.16122997910375
61.2, 18.133736072557184
61.22, 18.10621181031874
61.24, 18.07865776742156
61.26, 18.05107452071465
61.28, 18.02346264919302
61.3, 17.99582273381003
61.32, 17.96815535751267
61.34, 17.940461105260084
61.36, 17.912740563972477
61.38, 17.88499432251936
61.4, 17.85722297179538
61.42, 17.829427104612847
61.44, 17.801607315816852
61.46, 17.77376420204658
61.48, 17.745898362075792
61.5, 17.718010396451803
61.52, 17.69010090783962
61.54, 17.66217050076989
61.56, 17.634219781435945
61.58, 17.606249358381348
61.6, 17.57825984189165
61.62, 17.55025184384337
61.64, 17.522225978633344
61.66, 17.494182862100047
61.68, 17.466123111917597
61.7, 17.438047348023446
61.72, 17.409956191857987
61.74, 17.38185026696229
61.76, 17.353730198678278
61.78, 17.325596614131314
61.8, 17.29745014229053
61.82, 17.26929141419467
61.84, 17.24112106243402
61.86, 17.212939721500533
61.88, 17.18474802785235
61.9, 17.156546619564494
61.92, 17.128336136651683
61.94, 17.10011722094498
61.96, 17.07189051593437
61.98, 17.04365666698402
62.0, 17.015416321331628
62.02, 16.98717012779207
62.04, 16.958918736968712
62.06, 16.930662801437535
62.08, 16.902402975219758
62.1, 16.874139914439525
62.12, 16.84587427661083
62.14, 16.817606721166015
62.16, 16.789337909228436
62.18, 16.76106850353031
62.2, 16.732799168654196
62.22, 16.704530570772363
62.24, 16.676263377903496
62.26, 16.6479982594509
62.28, 16.61973588685666
62.3, 16.59147693294298
62.32, 16.56322207233319
62.34, 16.53497198117506
62.36, 16.50672733741223
62.38, 16.478488820522614
62.4, 16.450257111603804
62.42, 16.422032893387723
62.44, 16.393816850289795
62.46, 16.365609668129196
62.48, 16.33741203451754
62.5, 16.309224638540144
62.52, 16.28104817090704
62.54, 16.252883323741088
62.56, 16.224730790977276
62.58, 16.19659126793107
62.6, 16.16846545138415
62.62, 16.140354039763963
62.64, 16.112257733052843
62.66, 16.084177232688347
62.68, 16.056113241489555
62.7, 16.028066463978746
62.72, 16.00003760601649
62.74, 15.972027374898857
62.76, 15.944036479541097
62.78, 15.916065630070477
62.8, 15.888115538431038
62.82, 15.860186917617398
62.84, 15.832280482341389
62.86, 15.80439694834385
62.88, 15.77653703322423
62.9, 15.748701455694913
62.92, 15.72089093596091
62.94, 15.693106195433643
62.96, 15.665347957186384
62.98, 15.637616945355603
63.0, 15.609913885464778
63.02, 15.582239504574773
63.04, 15.554594530942722
63.06, 15.526979693973544
63.08, 15.49939572455716
63.1, 15.471843354934492
63.12, 15.444323318392236
63.14, 15.416836349765703
63.16, 15.389383184935554
63.18, 15.361964560968318
63.2, 15.334581216435623
63.22, 15.307233890884362
63.24, 15.279923325191135
63.26, 15.25265026150717
63.28, 15.225415442973144
63.3, 15.198219614034173
63.32, 15.17106352029137
63.34, 15.143947908499541
63.36, 15.116873526564007
63.38, 15.08984112349006
63.4, 15.06285144938127
63.42, 15.035905255507743
63.44, 15.00900329431093
63.46, 14.982146319082489
63.48, 14.955335084496284
63.5, 14.928570345934531
63.52, 14.901852860223016
63.54, 14.87518338479876
63.56, 14.848562678441425
63.58, 14.821991500834741
63.6, 14.795470612693322
63.62, 14.7690007756635
63.64, 14.742582752398533
63.66, 14.716217306521713
63.68, 14.68990520251188
63.7, 14.66364720608965
63.72, 14.63744408343777
63.74, 14.611296602051056
63.76, 14.585205530008466
63.78, 14.559171636591998
63.8, 14.533195691633324
63.82, 14.507278466055084
63.84, 14.48142073141645
63.86, 14.45562326048838
63.88, 14.429886826524381
63.9, 14.404212203528488
63.92, 14.37860016664149
63.94, 14.353051491328927
63.96, 14.32756695423194
63.98, 14.302147332647763
64.0, 14.276793404231228
64.02, 14.251505947936323
64.04, 14.226285743123498
64.06, 14.2011335698665
64.08, 14.176050208820214
64.1, 14.151036441577418
64.12, 14.126093050037412
64.14, 14.101220817091445
64.16, 14.076420525920213
64.18, 14.051692960563827
64.2, 14.027038905621566
64.22, 14.00245914605921
64.24, 13.977954467574165
64.26, 13.95352565653235
64.28, 13.929173499628007
64.3, 13.904898784129017
64.32, 13.880702297740015
64.34, 13.856584828979607
64.36, 13.832547166301168
64.38, 13.808590099061547
64.4, 13.784714416848288
64.42, 13.760920909768885
64.44, 13.737210368260122
64.46, 13.713583583284787
64.48, 13.690041346143715
64.5, 13.66658444822167
64.52, 13.643213681675093
64.54, 13.619929838723891
64.56, 13.596733712054657
64.58, 13.573626094519454
64.6, 13.550607779358415
64.62, 13.527679560137926
64.64, 13.504842230336038
64.66, 13.48209658390752
64.68, 13.459443415380605
64.7, 13.43688351871262
64.72, 13.414417688733977
64.74, 13.39204672007071
64.76, 13.369771407532312
64.78, 13.347592546198939
64.8, 13.325510931107686
64.82, 13.303527357598455
64.84, 13.281642620907746
64.86, 13.259857516482356
64.88, 13.23817283957385
64.9, 13.21658938575166
64.92, 13.195107950470373
64.94, 13.173729329128463
64.96, 13.152454317276437
64.98, 13.131283710128372
65.0, 13.11021830324529
65.02, 13.089258891623672
65.04, 13.068406270546404
65.06, 13.04766123521469
65.08, 13.027024580232819
65.1, 13.006497100643799
65.12, 12.98607959096654
65.14, 12.965772845504546
65.16, 12.94557765862342
65.18, 12.925494824266138
65.2, 12.905525136123316
65.22, 12.885669387830234
65.24, 12.865928372316347
65.26, 12.846302882871527
65.28, 12.826793711692375
65.3, 12.807401651344037
65.32, 12.788127493443028
65.34, 12.768972029800523
65.36, 12.749936051460935
65.38, 12.731020349010919
65.4, 12.712225712830246
65.42, 12.693552932750862
65.44, 12.675002798134045
65.46, 12.656576097687946
65.48, 12.638273620054434
65.5, 12.620096152703894
65.52, 12.602044483192941
65.54, 12.584119398011353
65.56, 12.56632168333553
65.58, 12.548652124604104
65.6, 12.531111506816416
65.62, 12.51370061399382
65.64, 12.496420229690727
65.66, 12.479271136780255
65.68, 12.462254117201866
65.7, 12.445369952528893
65.72, 12.428619423296823
65.74, 12.412003309130938
65.76, 12.395522389407517
65.78, 12.379177441987338
65.8, 12.36296924443269
65.82, 12.346898573199468
65.84, 12.330966203734476
65.86, 12.315172910954601
65.88, 12.299519468467167
65.9, 12.284006649086507
65.92, 12.268635224754519
65.94, 12.253405966192986
65.96, 12.238319643251629
65.98, 12.223377024652905
66.0, 12.208578878070398
66.02, 12.193925970407975
66.04, 12.179419066920815
66.06, 12.165058932097878
66.08, 12.150846329165915
66.1, 12.136782020116527
66.12, 12.122866765680556
66.14, 12.10910132593321
66.16, 12.095486458810399
66.18, 12.082022921724757
66.2, 12.068711470314412
66.22, 12.055552859194165
66.24, 12.042547841461271
66.26, 12.029697169006823
66.28, 12.017001592199847
66.3, 12.004461860124593
66.32, 11.992078720323832
66.34, 11.979852918931272
66.36, 11.967785200608915
66.38, 11.95587630848263
66.4, 11.94412698408317
66.42, 11.932537967627525
66.44, 11.921109997570596
66.46, 11.909843810560801
66.48, 11.89874014211938
66.5, 11.887799725744571
66.52, 11.877023293290591
66.54, 11.866411575131451
66.56, 11.855965299568396
66.58, 11.845685193418234
66.6, 11.835571981657921
66.62, 11.825626387529866
66.64, 11.815849132195268
66.66, 11.806240935279732
66.68, 11.796802514233121
66.7, 11.787534584871196
66.72, 11.778437860953346
66.74, 11.769513054181232
66.76, 11.760760874559224
66.78, 11.752182029600107
66.8, 11.74377722550932
66.82, 11.735547165642515
66.84, 11.727492551773395
66.86, 11.71961408346209
66.88, 11.711912457989484
66.9, 11.70438837055525
66.92, 11.697042514284163
66.94, 11.68987557994754
66.96, 11.682888256065013
66.98, 11.676081228805373
67.0, 11.669455182343825
67.02, 11.663010798110577
67.04, 11.656748755603331
67.06, 11.65066973157522
67.08, 11.644774400582946
67.1, 11.639063434592572
67.12, 11.63353750324194
67.14, 11.62819727360332
67.16, 11.62304341022309
67.18, 11.618076575121506
67.2, 11.61329742779111
67.22, 11.608706624844615
67.24, 11.604304820544627
67.26, 11.600092666645736
67.28, 11.596070811758551
67.3, 11.592239901826758
67.32, 11.588600580486457
67.34, 11.585153488222971
67.36, 11.58189926256901
67.38, 11.578838538772885
67.4, 11.575971948780932
67.42, 11.573300121507629
67.44, 11.57082368342867
67.46, 11.568543257731704
67.48, 11.566459464665826
67.5, 11.564572921501593
67.52, 11.562884242472535
67.54, 11.561394038568181
67.56, 11.560102918074762
67.58, 11.559011485617901
67.6, 11.558120343123022
67.62, 11.557430089011007
67.64, 11.556941318689155
67.66, 11.556654623818531
67.68, 11.556570593679027
67.7, 11.556689813241007
67.72, 11.557012864884854
67.74, 11.557540327066079
67.76, 11.558272775305568
67.78, 11.559210781164296
67.8, 11.560354913084211
67.82, 11.561705735881418
67.84, 11.563263810891925
67.86, 11.565029695858414
67.88, 11.567003944869867
67.9, 11.569187108282847
67.92, 11.571579733066812
67.94, 11.574182362355486
67.96, 11.576995535348857
67.98, 11.580019787675809
68.0, 11.583255651249033
68.02, 11.58670365392868
68.04, 11.590364319912169
68.06, 11.5942381695356
68.08, 11.598325718660334
68.1, 11.60262748003592
68.12, 11.607143961839313
68.14, 11.611875668211582
68.16, 11.616823099535537
68.18, 11.621986751973282
68.2, 11.627367117327594
68.22, 11.632964683651863
68.24, 11.638779934303273
68.26, 11.644813348918262
68.28, 11.651065402569941
68.3, 11.657536566001
68.32, 11.664227305709034
68.34, 11.671138083795142
68.36, 11.678269358107627
68.38, 11.685621581761268
68.4, 11.69319520355478
68.42, 11.700990667853915
68.44, 11.709008414372022
68.46, 11.717248878242401
68.48, 11.725712490019077
68.5, 11.734399675534348
68.52, 11.743310856019207
68.54, 11.752446447923887
68.56, 11.761806863028255
68.58, 11.771392508105492
68.6, 11.781203785500196
68.62, 11.791241092239176
68.64, 11.801504820475913
68.66, 11.8119953578599
68.68, 11.822713086737252
68.7, 11.833658384514479
68.72, 11.844831623370112
68.74, 11.856233170644089
68.76, 11.86786338831186
68.78, 11.879722633751129
68.8, 11.8918112581309
68.82, 11.904129608339247
68.84, 11.916678025559662
68.86, 11.929456845836683
68.88, 11.942466399428383
68.9, 11.955707011784483
68.92, 11.969179002690055
68.94, 11.982882686246597
68.96, 11.996818371442515
68.98, 12.01098636153597
69.0, 12.025386953997327
69.02, 12.040020441086256
69.04, 12.054887109388858
69.06, 12.069987239238941
69.08, 12.08532110572014
69.1, 12.10088897813398
69.12, 12.116691119798588
69.14, 12.132727788348689
69.16, 12.148999235272214
69.18, 12.165505706333988
69.2, 12.182247441466956
69.22, 12.199224674115584
69.24, 12.216437632165196
69.26, 12.233886537046061
69.28, 12.251571604400311
69.3, 12.269493043363894
69.32, 12.287651056985368
69.34, 12.306045842084302
69.36, 12.324677589460038
69.38, 12.343546482926826
69.4, 12.36265270054443
69.42, 12.38199641345065
69.44, 12.401577786959706
69.46, 12.4213969790477
69.48, 12.441454141962282
69.5, 12.46174942089604
69.52, 12.482282954633462
69.54, 12.503054874962857
69.56, 12.52406530735314
69.58, 12.545314370249145
69.6, 12.56680217560745
69.62, 12.588528828153187
69.64, 12.610494426019955
69.66, 12.632699060164526
69.68, 12.655142815246933
69.7, 12.677825767880194
69.72, 12.700747988186663
69.74, 12.723909539545929
69.76, 12.747310477689382
69.78, 12.770950850915455
69.8, 12.79483070136186
69.82, 12.818950062806351
69.84, 12.843308962100963
69.86, 12.8679074188517
69.88, 12.892745445162234
69.9, 12.917823045732774
69.92, 12.943140217919307
69.94, 12.968696951238456
69.96, 12.994493227779259
69.98, 13.020529021689555
70.0, 13.046804300298135
70.02, 13.073319022402899
70.04, 13.100073139414718
70.06, 13.127066594648142
70.08, 13.154299323930047
70.1, 13.181771255043344
70.12, 13.209482307664132
70.14, 13.237432393748264
70.16, 13.265621416958652
70.18, 13.294049273435746
70.2, 13.32271585021303
70.22, 13.351621027064851
70.24, 13.380764675189795
70.26, 13.410146657312026
70.28, 13.439766828243762
70.3, 13.469625034191665
70.32, 13.49972111315364
70.34, 13.530054894321069
70.36, 13.56062619877369
70.38, 13.591434838760847
70.4, 13.622480618234619
70.42, 13.653763332007003
70.44, 13.685282766737885
70.46, 13.717038700085794
70.48, 13.74903090081321
70.5, 13.781259129031838
70.52, 13.813723136070138
70.54, 13.846422664031337
70.56, 13.879357446104933
70.58, 13.912527206649287
70.6, 13.945931660809492
70.62, 13.97957051434571
70.64, 14.01344346449568
70.66, 14.047550198487926
70.68, 14.081890394768408
70.7, 14.116463722514851
70.72, 14.151269841002545
70.74, 14.186308400781229
70.76, 14.221579042303262
70.78, 14.257081396657469
70.8, 14.292815085808456
70.82, 14.328779721306432
70.84, 14.364974905787562
70.86, 14.401400231442636
70.88, 14.438055281344248
70.9, 14.474939628244698
70.92, 14.512052835144061
70.94, 14.549394455291633
70.96, 14.586964031728371
70.98, 14.62476109770435
71.0, 14.662785175944435
71.02, 14.701035779328066
71.04, 14.739512410436248
71.06, 14.778214561802628
71.08, 14.817141715488447
71.1, 14.856293343270977
71.12, 14.8956689061188
71.14, 14.935267855294711
71.16, 14.975089630925709
71.18, 15.015133662800736
71.2, 15.055399370058609
71.22, 15.095886161250576
71.24, 15.136593433926436
71.26, 15.177520575537045
71.28, 15.218666961439851
71.3, 15.260031957579542
71.32, 15.301614917891698
71.34, 15.343415185493626
71.36, 15.385432093126639
71.38, 15.427664961520293
71.4, 15.4701131007524
71.42, 15.5127758095515
71.44, 15.555652375329174
71.46, 15.598742074279158
71.48, 15.642044171244379
71.5, 15.685557919466476
71.52, 15.72928256044949
71.54, 15.77321732481883
71.56, 15.81736143120122
71.58, 15.861714086420164
71.6, 15.906274485832796
71.62, 15.95104181290941
71.64, 15.99601523935982
71.66, 16.041193924737684
71.68, 16.08657701694065
71.7, 16.132163651789824
71.72, 16.177952953062828
71.74, 16.22394403248242
71.76, 16.27013598918552
71.78, 16.316527910486343
71.8, 16.363118871354857
71.82, 16.40990793419283
71.84, 16.456894149316298
71.86, 16.504076554278697
71.88, 16.55145417434622
71.9, 16.59902602181424
71.92, 16.64679109689132
71.94, 16.694748386484235
71.96, 16.74289686531307
71.98, 16.791235494690312
72.0, 16.839763223472744
72.02, 16.88847898764817
72.04, 16.93738170962618
72.06, 16.986470299373195
72.08, 17.035743653502948
72.1, 17.08520065530095
72.12, 17.13484017486246
72.14, 17.18466106918399
72.16, 17.234662181852798
72.18, 17.28484234275433
72.2, 17.33520036842657
72.22, 17.385735062165992
72.24, 17.436445213157896
72.26, 17.48732959731555
72.28, 17.538386976497407
72.3, 17.589616099007856
72.32, 17.64101569907689
72.34, 17.69258449739897
72.36, 17.744321200346064
72.38, 17.79622450022501
72.4, 17.84829307549265
72.42, 17.90052559003786
72.44, 17.952920694036948
72.46, 18.0054770229668
72.48, 18.058193198040073
72.5, 18.111067826054864
72.52, 18.164099499530778
72.54, 18.217286795983398
72.56, 18.27062827895017
72.58, 18.324122496536177
72.6, 18.377767982650425
72.62, 18.431563256059206
72.64, 18.48550682118892
72.66, 18.53959716684335
72.68, 18.593832767468143
72.7, 18.64821208169846
72.72, 18.70273355347254
72.74, 18.757395611902353
72.76, 18.812196670160574
72.78, 18.86713512638906
72.8, 18.922209363193645
72.82, 18.97741774801736
72.84, 19.032758632619334
72.86, 19.08823035310229
72.88, 19.14383122973132
72.9, 19.199559567466935
72.92, 19.255413655236765
72.94, 19.311391766028407
72.96, 19.36749215704552
72.98, 19.42371306931969
73.0, 19.48005272817744
73.02, 19.536509342303447
73.04, 19.59308110470434
73.06, 19.649766191542795
73.08, 19.706562763106177
73.1, 19.76346896340732
73.12, 19.82048291920725
73.14, 19.87760274142758
73.16, 19.934826524278577
73.18, 19.992152344966485
73.2, 20.049578264527383
73.22, 20.10710232601437
73.24, 20.164722557209046
73.26, 20.222436967835478
73.28, 20.280243550505958
73.3, 20.3381402814353
73.32, 20.39612511890539
73.34, 20.454196004870823
73.36, 20.512350863010994
73.38, 20.570587600196745
73.4, 20.628904105858112
73.42, 20.68729825154631
73.44, 20.74576789119166
73.46, 20.80431086185601
73.48, 20.862924981736683
73.5, 20.921608052000806
73.52, 20.98035785558841
73.54, 21.03917215751892
73.56, 21.09804870481048
73.58, 21.15698522660651
73.6, 21.215979433442385
73.62, 21.275029018058547
73.64, 21.334131654430507
73.66, 21.393284998204393
73.68, 21.452486686985452
73.7, 21.51173433947386
73.72, 21.57102555548576
73.74, 21.63035791709845
73.76, 21.68972898631762
73.78, 21.74913630727221
73.8, 21.808577405123344
73.82, 21.86804978550478
73.84, 21.92755093509757
73.86, 21.98707832236127
73.88, 22.046629394991612
73.9, 22.106201582782802
73.92, 22.16579229504603
73.94, 22.225398922677726
73.96, 22.285018836279107
73.98, 22.34464938722391
74.0, 22.40428790720486
74.02, 22.463931708022017
74.04, 22.523578081576346
74.06, 22.58322430030458
74.08, 22.64286761608966
74.1, 22.702505260949636
74.12, 22.762134447202442
74.14, 22.821752366162087
74.16, 22.881356189677376
74.18, 22.94094306866768
74.2, 23.000510133636396
74.22, 23.060054494917694
74.24, 23.119573241920335
74.26, 23.179063443355716
74.28, 23.238522147141282
74.3, 23.29794638106023
74.32, 23.357333151102353
74.34, 23.41667944218392
74.36, 23.475982219022825
74.38, 23.535238424703607
74.4, 23.59444498043078
74.42, 23.653598787213582
74.44, 23.712696723946863
74.46, 23.77173564827757
74.48, 23.830712396357455
74.5, 23.88962378230076
74.52, 23.948466599087055
74.54, 24.007237617257687
74.56, 24.065933585977234
74.58, 24.12455123228139
74.6, 24.183087260736016
74.62, 24.2415383548622
74.64, 24.299901174606163
74.66, 24.358172358544863
74.68, 24.416348522323176
74.7, 24.474426259588398
74.72, 24.532402141303265
74.74, 24.590272715585314
74.76, 24.648034508073152
74.78, 24.705684021473928
74.8, 24.763217735523938
74.82, 24.820632107229386
74.84, 24.877923570222208
74.86, 24.93508853563017
74.88, 24.99212339044226
74.9, 25.049024499133026
74.92, 25.105788202294974
74.94, 25.162410817380817
74.96, 25.218888638070354
74.98, 25.27521793443671
75.0, 25.331394952868692
75.02, 25.387415915837778
75.04, 25.443277022134623
75.06, 25.49897444597545
75.08, 25.55450433839485
75.1, 25.609862825477165
75.12, 25.665046009592544
75.14, 25.72004996820891
75.16, 25.774870754919476
75.18, 25.82950439851669
75.2, 25.88394690329585
75.22, 25.93819424871066
75.24, 25.992242389466355
75.26, 26.04608725565697
75.28, 26.09972475212615
75.3, 26.153150758731385
75.32, 26.20636113022755
75.34, 26.259351696433924
75.36, 26.31211826126207
75.38, 26.364656603442512
75.4, 26.41696247671652
75.42, 26.4690316084517
75.44, 26.52085970075791
75.46, 26.57244243008944
75.48, 26.623775447110603
75.5, 26.67485437577679
75.52, 26.72567481477114
75.54, 26.776232336901387
75.56, 26.826522487469276
75.58, 26.87654078683434
75.6, 26.926282728574023
75.62, 26.97574377896879
75.64, 27.02491937873893
75.66, 27.073804941453744
75.68, 27.122395854070447
75.7, 27.170687476566258
75.72, 27.218675142206024
75.74, 27.266354156480702
75.76, 27.31371979840125
75.78, 27.36076731996576
75.8, 27.40749194514885
75.82, 27.453888870797556
75.84, 27.499953266635345
75.86, 27.54568027372858
75.88, 27.591065006507392
75.9, 27.63610255107372
75.92, 27.6807879658532
75.94, 27.72511628115626
75.96, 27.769082499173606
75.98, 27.812681594018898
76.0, 27.855908511080656
76.02, 27.898758167834842
76.04, 27.941225453871965
76.06, 27.983305228657628
76.08, 28.024992324284796
76.1, 28.066281543590918
76.12, 28.107167660706978
76.14, 28.147645420427125
76.16, 28.187709538990987
76.18, 28.227354703349107
76.2, 28.266575570840104
76.22, 28.305366769839026
76.24, 28.34372289929283
76.26, 28.381638528431807
76.28, 28.419108196630305
76.3, 28.456126413833346
76.32, 28.492687660449036
76.34, 28.528786386076007
76.36, 28.564417010837246
76.38, 28.599573924962414
76.4, 28.634251487626642
76.42, 28.668444028580694
76.44, 28.70214584637327
76.46, 28.735351209348295
76.48, 28.768054355073872
76.5, 28.800249490811268
76.52, 28.831930792167384
76.54, 28.86309240466693
76.56, 28.893728441831797
76.58, 28.923832987003635
76.6, 28.953400092009645
76.62, 28.98242377656851
76.64, 29.01089802972382
76.66, 29.038816808604963
76.68, 29.066174039120824
76.7, 29.09296361473966
76.72, 29.11917939780554
76.74, 29.144815217791006
76.76, 29.169864872756506
76.78, 29.19432212841039
76.8, 29.21818071788377
76.82, 29.241434342480858
76.84, 29.26407667091263
76.86, 29.28610133839726
76.88, 29.307501948409765
76.9, 29.328272071378905
76.92, 29.348405244656334
76.94, 29.3678949724372
76.96, 29.386734726101082
76.98, 29.40491794410542
77.0, 29.42243803018789
77.02, 29.43928835622478
77.04, 29.45546225975636
77.06, 29.470953044332504
77.08, 29.48575398066572
77.1, 29.49985830484144
77.12, 29.51325921922512
77.14, 29.525949892120963
77.16, 29.537923457119064
77.18, 29.549173013993254
77.2, 29.55969162839793
77.22, 29.569472330690417
77.24, 29.578508116915373
77.26, 29.58679194843444
77.28, 29.59431675167326
77.3, 29.60107541833574
77.32, 29.60706080428764
77.34, 29.61226573120487
77.36, 29.616682984570275
77.38, 29.620305315023472
77.4, 29.62312543755357
77.42, 29.625136030974573
77.44, 29.626329739374455
77.46, 29.62669917028822
77.48, 29.626236895041927
77.5, 29.624935449590282
77.52, 29.622787333249903
77.54, 29.619785008890176
77.56, 29.615920903306375
77.58, 29.611187406857454
77.6, 29.605576872568975
77.62, 29.599081617172033
77.64, 29.591693920774446
77.66, 29.583406025779
77.68, 29.57421013833556
77.7, 29.564098426349375
77.72, 29.55306302156191
77.74, 29.54109601724801
77.76, 29.528189469602495
77.78, 29.514335397128207
77.8, 29.499525780266794
77.82, 29.483752562133503
77.84, 29.467007646858264
77.86, 29.449282901244686
77.88, 29.43057015351701
77.9, 29.410861193635498
77.92, 29.390147772443072
77.94, 29.368421603539332
77.96, 29.34567436031415
77.98, 29.321897678374143
78.0, 29.29708315322941
78.02, 29.27122234282581
78.04, 29.24430676451675
78.06, 29.216327896804955
78.08, 29.187277179338565
78.1, 29.15714601116656
78.12, 29.12592575244892
78.14, 29.09360772280678
78.16, 29.060183202900532
78.18, 29.02564343281469
78.2, 28.989979612120777
78.22, 28.953182900596403
78.24, 28.915244417771078
78.26, 28.876155241594148
78.28, 28.835906410871587
78.3, 28.794488922994645
78.32, 28.751893733732828
78.34, 28.70811175864293
78.36, 28.663133872506165
78.38, 28.616950907347814
78.4, 28.56955365549169
78.42, 28.520932866663856
78.44, 28.4710792498434
78.46, 28.419983471169502
78.48, 28.367636156003528
78.5, 28.314027886655595
78.52, 28.259149204087237
78.54, 28.202990606871907
78.56, 28.145542550699787
78.58, 28.086795449560668
78.6, 28.026739674339126
78.62, 27.965365553302917
78.64, 27.902663371282955
78.66, 27.83862337098458
78.68, 27.77323575216016
78.7, 27.706490669845806
78.72, 27.63837823704327
78.74, 27.568888522516318
78.76, 27.498011552194157
78.78, 27.425737307582438
78.8, 27.35205572604235
78.82, 27.276956701754074
78.84, 27.200430084148906
78.86, 27.12246567855655
78.88, 27.04305324593824
78.9, 26.96218250281845
78.92, 26.87984312066837
78.94, 26.796024726602468
78.96, 26.710716902653928
78.98, 26.623909185955313
79.0, 26.535591067621397
79.02, 26.445751994601977
79.04, 26.354381367743116
79.06, 26.261468542805943
79.08, 26.167002829283547
79.1, 26.07097349136282
79.12, 25.973369746636024
79.14, 25.87418076718538
79.16, 25.77339567829614
79.18, 25.6710035595126
79.2, 25.566993443392676
79.22, 25.461354316327117
79.24, 25.35407511727624
79.26, 25.24514473895951
79.28, 25.134552026990463
79.3, 25.02228577925098
79.32, 24.908334746917888
79.34, 24.792687633019824
79.36, 24.675333094402305
79.38, 24.556259738454116
79.4, 24.435456126263233
79.42, 24.312910770015094
79.44, 24.188612133557115
79.46, 24.062548633730614
79.48, 23.934708637864674
79.5, 23.805080465076998
79.52, 23.673652385958576
79.54, 23.54041262244226
79.56, 23.405349347007274
79.58, 23.26845068345048
79.6, 23.129704706610937
79.62, 22.989099441349907
79.64, 22.846622863478075
79.66, 22.702262898813245
79.68, 22.556007424170502
79.7, 22.407844265508743
79.72, 22.257761199411078
79.74, 22.105745952141376
79.76, 21.951786199292144
79.78, 21.795869566780937
79.8, 21.637983629068344
79.82, 21.478115910312795
79.84, 21.31625388362707
79.86, 21.15238497133356
79.88, 20.986496544869283
79.9, 20.81857592315896
79.92, 20.648610374899476
79.94, 20.476587116442545
79.96, 20.30249331345351
79.98, 20.126316078370678
80.0, 19.94804247239125
